,mean_P_Normal,mean_P_Short-Circuit,mean_P_Degradation,mean_P_Open-Circuit,mean_P_Shadowing,pred_class,binary_screened_non_normal,ensemble_anomalous_score_uncalibrated,fold1_pred,fold2_pred,fold3_pred,fold4_pred,fold5_pred
2023-01-01 07:45:00+08:00,0.9007394816779177,6.569661087845588e-11,1.545763684470514e-09,4.598623322714608e-08,0.09926047072438872,Normal,0,0.09926051832208227,Normal,Normal,Normal,Normal,Normal
2023-01-01 08:00:00+08:00,0.7461204125267809,1.665640715528804e-09,5.1008571804515115e-09,2.8176667318903452e-08,0.25387955253005395,Normal,0,0.25387958747321915,Normal,Normal,Normal,Normal,Normal
2023-01-01 08:15:00+08:00,0.595714902157673,4.052510675323824e-09,7.89780196986717e-09,3.120395562930568e-08,0.40428505468805875,Normal,0,0.404285097842327,Normal,Shadowing,Shadowing,Normal,Normal
2023-01-01 08:30:00+08:00,0.26869497451713326,2.5756411730152493e-08,4.000283458166043e-08,4.716627631922301e-09,0.7313049550069928,Shadowing,1,0.7313050254828668,Normal,Shadowing,Shadowing,Shadowing,Shadowing
2023-01-01 08:45:00+08:00,0.04669235805064122,1.5892107371577992e-07,1.4962998679725846e-07,3.093434947679617e-10,0.9533073330889549,Shadowing,1,0.9533076419493588,Shadowing,Shadowing,Shadowing,Shadowing,Shadowing
2023-01-01 09:00:00+08:00,0.0026814437220018545,7.544451271238392e-07,1.0487285592263771e-07,3.250830472393887e-11,0.9973176969275068,Shadowing,1,0.9973185562779981,Shadowing,Shadowing,Shadowing,Shadowing,Shadowing
2023-01-01 09:15:00+08:00,0.0007397897577647858,1.919222739779665e-06,8.753494725015214e-08,4.522341653841851e-12,0.9992582034800259,Shadowing,1,0.9992602102422352,Shadowing,Shadowing,Shadowing,Shadowing,Shadowing
2023-01-01 09:30:00+08:00,4.173164329163481e-06,9.162397285984685e-06,2.1279687557039753e-09,1.3140503157123038e-17,0.9999866623104161,Shadowing,1,0.9999958268356708,Shadowing,Shadowing,Shadowing,Shadowing,Shadowing
2023-01-01 09:45:00+08:00,5.16277999896688e-07,5.844786591672594e-06,2.4226528750717194e-10,1.4537203211743508e-19,0.9999936386931431,Shadowing,1,0.9999994837220001,Shadowing,Shadowing,Shadowing,Shadowing,Shadowing
2023-01-01 10:00:00+08:00,1.521943807052258e-08,7.066092870207267e-07,1.516259963113598e-12,4.239098960839986e-23,0.9999992781697585,Shadowing,1,0.999999984780562,Shadowing,Shadowing,Shadowing,Shadowing,Shadowing
2023-01-01 10:15:00+08:00,1.5645517721775222e-10,3.817118900537742e-08,1.9271444675572333e-14,2.54443139310972e-25,0.9999999616723365,Shadowing,1,0.9999999998435448,Shadowing,Shadowing,Shadowing,Shadowing,Shadowing
2023-01-01 10:30:00+08:00,1.5095327593188255e-07,3.161381972611662e-06,5.835649478426684e-11,7.424703888594215e-20,0.999996687606395,Shadowing,1,0.9999998490467241,Shadowing,Shadowing,Shadowing,Shadowing,Shadowing
2023-01-01 10:45:00+08:00,3.6381046778666564e-09,3.7585746004442294e-07,1.584103764579426e-12,7.4632570787274e-22,0.9999996205028511,Shadowing,1,0.9999999963618953,Shadowing,Shadowing,Shadowing,Shadowing,Shadowing
2023-01-01 11:00:00+08:00,1.3106917715237395e-07,2.9925129307045872e-06,4.089181870025943e-11,1.8541509521086452e-20,0.9999968763770003,Shadowing,1,0.9999998689308228,Shadowing,Shadowing,Shadowing,Shadowing,Shadowing
2023-01-01 11:15:00+08:00,8.801205187986012e-09,1.4803508123858478e-06,1.3716271399169331e-12,9.962210176125363e-22,0.9999985108466107,Shadowing,1,0.9999999911987948,Shadowing,Shadowing,Shadowing,Shadowing,Shadowing
2023-01-01 11:30:00+08:00,4.236872708186738e-08,2.0876520245544195e-06,9.754301603459436e-12,3.606452608854999e-21,0.999997869969494,Shadowing,1,0.9999999576312729,Shadowing,Shadowing,Shadowing,Shadowing,Shadowing
2023-01-01 11:45:00+08:00,2.272285453664906e-06,7.894546209443065e-06,1.2125893626839243e-09,3.5932599978377995e-18,0.9999898319557475,Shadowing,1,0.9999977277145463,Shadowing,Shadowing,Shadowing,Shadowing,Shadowing
2023-01-01 12:00:00+08:00,5.049533822845958e-06,7.639445605920423e-06,2.478929642015825e-09,3.083552862227734e-17,0.9999873085416414,Shadowing,1,0.9999949504661771,Shadowing,Shadowing,Shadowing,Shadowing,Shadowing
2023-01-01 12:15:00+08:00,0.001984362271891465,1.4099771511762255e-06,1.4978627680394998e-07,1.4048594892892923e-12,0.9980140779632756,Shadowing,1,0.9980156377281085,Shadowing,Shadowing,Shadowing,Shadowing,Shadowing
2023-01-01 12:30:00+08:00,6.662574111633961e-06,6.214629947547254e-06,2.330171607600682e-09,7.853946057394092e-17,0.9999871204657691,Shadowing,1,0.9999933374258884,Shadowing,Shadowing,Shadowing,Shadowing,Shadowing
2023-01-01 12:45:00+08:00,5.188348654920122e-07,4.3761201515267675e-06,2.1988910068436982e-10,1.5766835087446241e-19,0.9999951048250939,Shadowing,1,0.9999994811651345,Shadowing,Shadowing,Shadowing,Shadowing,Shadowing
2023-01-01 13:00:00+08:00,2.605639072982183e-07,3.5734198425358853e-06,9.809764672040183e-11,7.296953128104992e-20,0.9999961659181524,Shadowing,1,0.9999997394360927,Shadowing,Shadowing,Shadowing,Shadowing,Shadowing
2023-01-01 13:15:00+08:00,5.234367849196726e-08,3.069354245050346e-06,1.4554675872369394e-11,2.9553511260024754e-20,0.9999968782875218,Shadowing,1,0.9999999476563215,Shadowing,Shadowing,Shadowing,Shadowing,Shadowing
2023-01-01 13:30:00+08:00,1.2214229559010704e-08,1.7565144956612996e-06,1.8144456416714043e-12,1.838062707057505e-21,0.9999982312694604,Shadowing,1,0.9999999877857705,Shadowing,Shadowing,Shadowing,Shadowing,Shadowing
2023-01-01 13:45:00+08:00,7.249445209337024e-07,4.1496168519623085e-06,4.07359010364326e-10,6.620189621497934e-19,0.9999951250312682,Shadowing,1,0.999999275055479,Shadowing,Shadowing,Shadowing,Shadowing,Shadowing
2023-01-01 14:00:00+08:00,8.550277358077191e-07,4.1614980777929325e-06,3.96701310262676e-10,8.05277047836457e-19,0.999994983077485,Shadowing,1,0.9999991449722642,Shadowing,Shadowing,Shadowing,Shadowing,Shadowing
2023-01-01 14:15:00+08:00,6.154983657120546e-05,2.169403091089872e-06,1.9901003229308758e-08,8.61219481165667e-15,0.9999362608593259,Shadowing,1,0.9999384501634287,Shadowing,Shadowing,Shadowing,Shadowing,Shadowing
2023-01-01 14:30:00+08:00,0.0003911723823724282,1.0794252537943882e-06,6.200820975788789e-08,7.752994059717647e-14,0.9996076861840866,Shadowing,1,0.9996088276176276,Shadowing,Shadowing,Shadowing,Shadowing,Shadowing
2023-01-01 14:45:00+08:00,0.0004988420227654839,2.060704786945122e-06,8.508780585694435e-08,9.236280976396794e-14,0.9994990121845493,Shadowing,1,0.9995011579772345,Shadowing,Shadowing,Shadowing,Shadowing,Shadowing
2023-01-01 15:00:00+08:00,6.752243263186792e-05,1.1230260506325937e-05,3.106419017871006e-08,1.921619119165995e-14,0.9999212162426524,Shadowing,1,0.9999324775673681,Shadowing,Shadowing,Shadowing,Shadowing,Shadowing
2023-01-01 15:15:00+08:00,0.14351144159895995,1.0983571763293477e-07,1.2996132511861092e-07,3.810365672426691e-10,0.8564883182229608,Shadowing,1,0.85648855840104,Normal,Shadowing,Shadowing,Shadowing,Shadowing
2023-01-01 15:30:00+08:00,0.05859529939849163,2.3731936585467844e-07,1.9967450397117668e-07,1.1515422089304913e-10,0.9414042634924844,Shadowing,1,0.9414047006015084,Shadowing,Shadowing,Shadowing,Shadowing,Shadowing
2023-01-01 15:45:00+08:00,0.1486894958523989,7.296350957297351e-08,1.0366525484238547e-07,9.575490204458175e-10,0.8513103265612877,Shadowing,1,0.8513105041476011,Normal,Shadowing,Shadowing,Shadowing,Shadowing
2023-01-01 16:00:00+08:00,0.2529068902357247,3.472315899999372e-08,4.891691721962462e-08,2.807826220189335e-09,0.7470930233163728,Shadowing,1,0.7470931097642752,Normal,Shadowing,Shadowing,Shadowing,Shadowing
2023-01-01 16:15:00+08:00,0.04096690319684199,1.5482334158695625e-07,1.4451418087092418e-07,3.201149467668078e-10,0.9590327971455206,Shadowing,1,0.959033096803158,Shadowing,Shadowing,Shadowing,Shadowing,Shadowing
2023-01-01 16:30:00+08:00,0.01451265566354087,1.9180564445267793e-07,1.1730201551844542e-07,2.327737097423961e-10,0.9854870349960254,Shadowing,1,0.9854873443364591,Shadowing,Shadowing,Shadowing,Shadowing,Shadowing
2023-01-01 16:45:00+08:00,0.8786833561240053,2.820192688973004e-11,1.034694019626183e-09,7.541242970978866e-08,0.1213165674006691,Normal,0,0.12131664387599472,Normal,Normal,Normal,Normal,Normal
2023-01-01 17:00:00+08:00,0.8856982381895578,4.2319439694491473e-11,9.853924311153152e-10,9.717940857230288e-08,0.11430166360332175,Normal,0,0.11430176181044216,Normal,Normal,Normal,Normal,Normal
2023-01-02 07:45:00+08:00,0.8360520210874306,4.4992585837277426e-10,3.8790762770542115e-09,2.3621190739776564e-08,0.16394795096237658,Normal,0,0.1639479789125694,Normal,Normal,Normal,Normal,Normal
2023-01-02 08:00:00+08:00,0.606262927025845,7.898931538983677e-10,1.3772987757520983e-08,1.0491537026830225e-08,0.39373704791973696,Normal,0,0.39373707297415494,Normal,Normal,Normal,Shadowing,Shadowing
2023-01-02 08:15:00+08:00,0.19949654368009972,5.991021304368908e-08,7.768210971505213e-08,1.1296835534616022e-09,0.800503317597894,Shadowing,1,0.8005034563199003,Normal,Shadowing,Shadowing,Shadowing,Shadowing
2023-01-02 08:30:00+08:00,0.257780562128335,3.943405465250612e-08,5.41584632650487e-08,1.598929628190848e-09,0.7422193426802174,Shadowing,1,0.742219437871665,Normal,Shadowing,Shadowing,Shadowing,Shadowing
2023-01-02 08:45:00+08:00,0.49761295758201857,5.444222871934097e-09,1.6434403512501162e-08,7.784195406304979e-09,0.5023870127551595,Shadowing,1,0.5023870424179815,Normal,Shadowing,Normal,Shadowing,Shadowing
2023-01-02 09:00:00+08:00,0.33946880141648206,1.91390444655712e-08,3.3587048946935756e-08,2.9474509709975895e-09,0.6605311429099736,Shadowing,1,0.6605311985835179,Normal,Shadowing,Shadowing,Shadowing,Shadowing
2023-01-02 09:15:00+08:00,9.936515449956145e-05,8.376586868104859e-06,3.8185907939796524e-08,6.097008147900859e-14,0.9998922200726634,Shadowing,1,0.9999006348455004,Shadowing,Shadowing,Shadowing,Shadowing,Shadowing
2023-01-02 09:30:00+08:00,7.476462729799382e-06,7.896124778247973e-06,4.0665725456356896e-09,7.860148515640694e-17,0.9999846233459193,Shadowing,1,0.9999925235372702,Shadowing,Shadowing,Shadowing,Shadowing,Shadowing
2023-01-02 09:45:00+08:00,0.001341448213550356,1.8912330146854693e-09,1.679228259804919e-08,2.836485667404446e-13,0.9986585331026504,Shadowing,1,0.9986585517864497,Shadowing,Shadowing,Shadowing,Shadowing,Shadowing
2023-01-02 10:00:00+08:00,0.31722626652248903,5.182347763309002e-15,7.195641366411867e-11,6.761260591585189e-20,0.6827737334055495,Shadowing,1,0.682773733477511,Shadowing,Shadowing,Shadowing,Normal,Normal
2023-01-02 10:15:00+08:00,0.010090468994741735,1.0250083506254675e-10,1.0145173273564367e-09,8.266219367362918e-19,0.9899095298882401,Shadowing,1,0.9899095310052582,Shadowing,Shadowing,Shadowing,Shadowing,Shadowing
2023-01-02 10:30:00+08:00,0.003681523036632537,9.298477736068418e-09,2.720582354038773e-09,2.4780519306459225e-18,0.9963184649443073,Shadowing,1,0.9963184769633675,Shadowing,Shadowing,Shadowing,Shadowing,Shadowing
2023-01-02 10:45:00+08:00,0.00597007898855471,6.1873112081152965e-06,1.5395666654821043e-07,3.8710346334877724e-16,0.9940235797435701,Shadowing,1,0.9940299210114453,Shadowing,Shadowing,Shadowing,Shadowing,Shadowing
2023-01-02 11:00:00+08:00,6.469240070513682e-05,1.887869485943917e-07,1.7947451797318946e-08,4.376674004237335e-15,0.9999351008648901,Shadowing,1,0.9999353075992948,Shadowing,Shadowing,Shadowing,Shadowing,Shadowing
2023-01-02 11:15:00+08:00,1.5769573997934884e-06,6.244476911789602e-06,3.668257662779973e-10,3.524991072391408e-18,0.9999921781988628,Shadowing,1,0.9999984230426002,Shadowing,Shadowing,Shadowing,Shadowing,Shadowing
2023-01-02 11:30:00+08:00,1.141223101799734e-07,3.5320629294410947e-06,3.2220743824944564e-11,1.0404954182653679e-19,0.9999963537825396,Shadowing,1,0.9999998858776898,Shadowing,Shadowing,Shadowing,Shadowing,Shadowing
2023-01-02 11:45:00+08:00,6.63655670758286e-07,3.760529003188087e-06,4.4417202845132777e-10,1.9969324169654873e-18,0.9999955753711541,Shadowing,1,0.9999993363443292,Shadowing,Shadowing,Shadowing,Shadowing,Shadowing
2023-01-02 12:00:00+08:00,1.9064396981739733e-05,2.2684285322885166e-07,4.115119286124765e-09,1.0784327548737936e-15,0.9999807046450446,Shadowing,1,0.9999809356030183,Shadowing,Shadowing,Shadowing,Shadowing,Shadowing
2023-01-02 12:15:00+08:00,3.7718728783921016e-06,2.724627441279413e-06,1.2605675924490832e-09,1.082662598534323e-16,0.9999935022391127,Shadowing,1,0.9999962281271216,Shadowing,Shadowing,Shadowing,Shadowing,Shadowing
2023-01-02 12:30:00+08:00,3.229525534839584e-07,3.4806972557292647e-06,1.67871041144353e-10,4.96923602764124e-19,0.9999961961823198,Shadowing,1,0.9999996770474465,Shadowing,Shadowing,Shadowing,Shadowing,Shadowing
2023-01-02 12:45:00+08:00,3.817902866307215e-07,3.6154994463558994e-06,2.222964165647269e-10,6.562169810833135e-19,0.9999960024879705,Shadowing,1,0.9999996182097134,Shadowing,Shadowing,Shadowing,Shadowing,Shadowing
2023-01-02 13:00:00+08:00,1.74657949842294e-07,3.1455269878360566e-06,7.309633314395512e-11,1.6877612129436757e-19,0.9999966797419659,Shadowing,1,0.9999998253420501,Shadowing,Shadowing,Shadowing,Shadowing,Shadowing
2023-01-02 13:15:00+08:00,3.1149994616934734e-06,3.7808498601931615e-06,6.235417979977546e-10,2.2637479634338895e-17,0.9999931035271363,Shadowing,1,0.9999968850005383,Shadowing,Shadowing,Shadowing,Shadowing,Shadowing
2023-01-02 13:30:00+08:00,1.2398574421893667e-06,4.174856187588676e-06,3.971891437145145e-10,1.3510203981727855e-18,0.999994584889181,Shadowing,1,0.9999987601425578,Shadowing,Shadowing,Shadowing,Shadowing,Shadowing
2023-01-02 13:45:00+08:00,4.911724240135121e-06,4.583511615896481e-06,1.0451414767525126e-09,4.8407636082898825e-17,0.9999905037190026,Shadowing,1,0.9999950882757599,Shadowing,Shadowing,Shadowing,Shadowing,Shadowing
2023-01-02 14:00:00+08:00,4.769865375020425e-06,5.04120155966282e-06,1.1502342734044527e-09,4.202085439858943e-17,0.9999901877828311,Shadowing,1,0.999995230134625,Shadowing,Shadowing,Shadowing,Shadowing,Shadowing
2023-01-02 14:15:00+08:00,4.531786028859428e-06,5.029537010026838e-06,1.0925620556654448e-09,3.667909357884278e-17,0.999990437584399,Shadowing,1,0.9999954682139711,Shadowing,Shadowing,Shadowing,Shadowing,Shadowing
2023-01-02 14:30:00+08:00,0.0006876489938540873,2.4099750054308777e-06,1.0001788968886725e-07,5.11277102969511e-13,0.9993098410127397,Shadowing,1,0.9993123510061459,Shadowing,Shadowing,Shadowing,Shadowing,Shadowing
2023-01-02 14:45:00+08:00,4.7285274205370194e-05,1.5471785542678955e-05,2.0272313798608687e-08,5.978388472032079e-14,0.9999372226678785,Shadowing,1,0.9999527147257946,Shadowing,Shadowing,Shadowing,Shadowing,Shadowing
2023-01-02 15:00:00+08:00,0.0006494539432344508,2.4578934113783304e-06,1.0043165189051701e-07,3.315744945934072e-13,0.9993479877313707,Shadowing,1,0.9993505460567655,Shadowing,Shadowing,Shadowing,Shadowing,Shadowing
2023-01-02 15:15:00+08:00,0.26017217512320673,4.818092897076015e-08,7.200698690165434e-08,3.524136040861474e-10,0.7398277043364637,Shadowing,1,0.7398278248767933,Normal,Shadowing,Shadowing,Shadowing,Shadowing
2023-01-02 15:30:00+08:00,0.40255656894607095,9.453251294032814e-09,2.6965596506326056e-08,2.876524577717072e-09,0.5974433917585568,Shadowing,1,0.597443431053929,Normal,Shadowing,Normal,Shadowing,Shadowing
2023-01-02 15:45:00+08:00,0.0723682133008186,6.574941790799608e-08,1.1386389290220812e-07,1.2528754062307486e-09,0.927631605832995,Shadowing,1,0.9276317866991814,Shadowing,Shadowing,Shadowing,Shadowing,Shadowing
2023-01-02 16:00:00+08:00,0.6843947544367641,2.571899394747934e-09,6.138380020877822e-09,3.00281040270415e-08,0.3156052068248525,Normal,0,0.3156052455632359,Normal,Shadowing,Normal,Normal,Normal
2023-01-02 16:15:00+08:00,0.026192375024292495,8.295409360567793e-08,1.1055278830097043e-07,1.2864587534539118e-09,0.9738074301823669,Shadowing,1,0.9738076249757075,Shadowing,Shadowing,Shadowing,Shadowing,Shadowing
2023-01-02 16:30:00+08:00,0.0005487635407819193,4.927460136759782e-07,5.182760066637802e-08,7.197160916039128e-11,0.999450691813632,Shadowing,1,0.9994512364592181,Shadowing,Shadowing,Shadowing,Shadowing,Shadowing
2023-01-02 16:45:00+08:00,0.6107556584924541,3.5061401918545496e-09,6.7845859930298275e-09,3.929862694680055e-08,0.38924429191819276,Normal,0,0.38924434150754594,Normal,Shadowing,Shadowing,Normal,Normal
2023-01-02 17:00:00+08:00,0.8874510044797335,4.2575982399595506e-11,1.1230569582521626e-09,8.456720352030001e-08,0.11254890978743007,Normal,0,0.11254899552026654,Normal,Normal,Normal,Normal,Normal
2023-01-02 17:15:00+08:00,0.9902462561132654,1.2803158317559013e-11,2.910104686827968e-10,5.201453859108251e-08,0.009753691568382322,Normal,0,0.009753743886734556,Normal,Normal,Normal,Normal,Normal
2023-01-03 07:45:00+08:00,0.8304822851797488,6.069170894016311e-10,3.863293280836155e-09,2.5661500214918452e-08,0.1695176846885406,Normal,0,0.16951771482025124,Normal,Normal,Normal,Normal,Normal
2023-01-03 08:00:00+08:00,0.8595523653938001,3.4345809081094217e-10,3.0283286019585486e-09,2.649760775292229e-08,0.14044760473680543,Normal,0,0.1404476346061999,Normal,Normal,Normal,Normal,Normal
2023-01-03 08:15:00+08:00,0.8752708996761649,2.2145196415379463e-10,2.28294193280253e-09,3.205840282956361e-08,0.1247290657610383,Normal,0,0.12472910032383511,Normal,Normal,Normal,Normal,Normal
2023-01-03 08:30:00+08:00,0.20278528774701185,4.3747109973643726e-08,6.593569227981793e-08,2.2524986592299863e-09,0.7972146003176872,Shadowing,1,0.7972147122529881,Normal,Shadowing,Shadowing,Shadowing,Shadowing
2023-01-03 08:45:00+08:00,0.4623498664185456,8.203182691761681e-09,1.8389093040619008e-08,7.866935896515498e-09,0.5376500991222428,Shadowing,1,0.5376501335814544,Normal,Shadowing,Normal,Shadowing,Shadowing
2023-01-03 09:00:00+08:00,0.0030035511098534737,9.141416632749811e-07,1.2789173092737131e-07,2.096394212846869e-11,0.9969954068357885,Shadowing,1,0.9969964488901465,Shadowing,Shadowing,Shadowing,Shadowing,Shadowing
2023-01-03 09:15:00+08:00,0.048494470670032215,1.9437782275235217e-07,1.6305663999667452e-07,2.27807310751924e-10,0.9515051716676979,Shadowing,1,0.9515055293299678,Shadowing,Shadowing,Shadowing,Shadowing,Shadowing
2023-01-03 09:30:00+08:00,0.0018072889748127908,1.1399929730939871e-06,1.1303596876731675e-07,1.48660000104675e-11,0.9981914579813793,Shadowing,1,0.9981927110251873,Shadowing,Shadowing,Shadowing,Shadowing,Shadowing
2023-01-03 09:45:00+08:00,0.0021727131108340287,1.0529256169891268e-06,1.1928286188817892e-07,1.6592445871077505e-11,0.9978261146640947,Shadowing,1,0.997827286889166,Shadowing,Shadowing,Shadowing,Shadowing,Shadowing
2023-01-03 10:00:00+08:00,0.0015048143988837825,1.251977231543883e-06,1.0759606479957123e-07,1.2383613836362647e-11,0.9984938260154363,Shadowing,1,0.9984951856011162,Shadowing,Shadowing,Shadowing,Shadowing,Shadowing
2023-01-03 10:15:00+08:00,0.008590519189334244,5.742814369015884e-07,1.5622243683869714e-07,4.165162985254636e-11,0.9914087502651405,Shadowing,1,0.9914094808106657,Shadowing,Shadowing,Shadowing,Shadowing,Shadowing
2023-01-03 10:30:00+08:00,3.9320586826292694e-05,1.067031741772975e-05,2.10643788297051e-08,5.16669957071786e-15,0.999949988031372,Shadowing,1,0.9999606794131737,Shadowing,Shadowing,Shadowing,Shadowing,Shadowing
2023-01-03 10:45:00+08:00,2.149217789439008e-05,7.635957461822871e-06,1.133186701644591e-08,9.557364544560057e-16,0.9999708605327757,Shadowing,1,0.9999785078221056,Shadowing,Shadowing,Shadowing,Shadowing,Shadowing
2023-01-03 11:00:00+08:00,1.1000321008952427e-06,6.483646132632658e-06,4.324969850206051e-10,7.0880872642291565e-19,0.9999924158892695,Shadowing,1,0.9999988999678991,Shadowing,Shadowing,Shadowing,Shadowing,Shadowing
2023-01-03 11:15:00+08:00,3.5705672772931335e-06,6.913033300196755e-06,1.4196892907765712e-09,1.4433288627914966e-17,0.9999895149797332,Shadowing,1,0.9999964294327227,Shadowing,Shadowing,Shadowing,Shadowing,Shadowing
2023-01-03 11:30:00+08:00,2.6364035635453035e-06,6.5094490585420034e-06,9.30328100058643e-10,7.084743919019497e-18,0.9999908532170497,Shadowing,1,0.9999973635964364,Shadowing,Shadowing,Shadowing,Shadowing,Shadowing
2023-01-03 11:45:00+08:00,3.0951541547820392e-06,3.990898814282752e-06,6.029819666106831e-10,1.580927767831821e-17,0.999992913344049,Shadowing,1,0.9999969048458452,Shadowing,Shadowing,Shadowing,Shadowing,Shadowing
2023-01-03 12:00:00+08:00,2.806216859434278e-08,1.966950413519524e-06,7.001984847743445e-12,4.471371789544084e-21,0.999998004980416,Shadowing,1,0.9999999719378314,Shadowing,Shadowing,Shadowing,Shadowing,Shadowing
2023-01-03 12:15:00+08:00,1.1662765910240016e-08,1.5835987325593041e-06,2.047757911707951e-12,1.5932034271685038e-21,0.9999984047364538,Shadowing,1,0.9999999883372341,Shadowing,Shadowing,Shadowing,Shadowing,Shadowing
2023-01-03 12:30:00+08:00,6.5013372744856025e-06,1.5771601834870956e-06,1.2762107194876166e-09,1.6927254587445722e-16,0.9999919202263312,Shadowing,1,0.9999934986627255,Shadowing,Shadowing,Shadowing,Shadowing,Shadowing
2023-01-03 12:45:00+08:00,5.4813168195283635e-06,4.5332674330407755e-06,1.1399839109733909e-09,6.555703681523909e-17,0.9999899842757636,Shadowing,1,0.9999945186831805,Shadowing,Shadowing,Shadowing,Shadowing,Shadowing
2023-01-03 13:00:00+08:00,2.3266379827300334e-06,5.186534974176539e-06,6.296670832071053e-10,5.954530397771457e-18,0.999992486197376,Shadowing,1,0.9999976733620173,Shadowing,Shadowing,Shadowing,Shadowing,Shadowing
2023-01-03 13:15:00+08:00,0.00010559908649741657,4.443331709781178e-06,3.831475796086817e-08,1.4238789719994138e-14,0.9998899192670205,Shadowing,1,0.9998944009135026,Shadowing,Shadowing,Shadowing,Shadowing,Shadowing
2023-01-03 13:30:00+08:00,1.3643753351513753e-05,1.0399638034276328e-05,8.185570522112925e-09,3.9411078458204114e-16,0.999975948423043,Shadowing,1,0.9999863562466484,Shadowing,Shadowing,Shadowing,Shadowing,Shadowing
2023-01-03 13:45:00+08:00,3.0258432683508265e-05,1.0578091646724558e-05,1.7150112143724055e-08,2.386776215104222e-15,0.9999591463255552,Shadowing,1,0.9999697415673164,Shadowing,Shadowing,Shadowing,Shadowing,Shadowing
2023-01-03 14:00:00+08:00,0.015726372928911412,4.1891054425159907e-07,1.684080302897688e-07,6.719527750584081e-11,0.9842730396853187,Shadowing,1,0.9842736270710886,Shadowing,Shadowing,Shadowing,Shadowing,Shadowing
2023-01-03 14:15:00+08:00,0.044797506930212366,2.2641953106033228e-07,1.7245568393536954e-07,1.7388577864530416e-10,0.9552020940206868,Shadowing,1,0.9552024930697877,Shadowing,Shadowing,Shadowing,Shadowing,Shadowing
2023-01-03 14:30:00+08:00,0.019089048856010433,3.2794662315793697e-07,1.5705778331590926e-07,1.0918513907588537e-10,0.980910466030398,Shadowing,1,0.9809109511439895,Shadowing,Shadowing,Shadowing,Shadowing,Shadowing
2023-01-03 14:45:00+08:00,0.2715658011713134,3.122171471366822e-08,4.4679595577942915e-08,2.9876307270172398e-09,0.7284341199397455,Shadowing,1,0.7284341988286867,Normal,Shadowing,Shadowing,Shadowing,Shadowing
2023-01-03 15:00:00+08:00,0.17238420290408624,6.189505595889357e-08,8.767314949568902e-08,1.2473715598241182e-09,0.8276156462803368,Shadowing,1,0.8276157970959137,Normal,Shadowing,Shadowing,Shadowing,Shadowing
2023-01-03 15:15:00+08:00,0.45020501746120845,8.424206406174358e-09,1.937232308031823e-08,6.873584359128489e-09,0.5497949478686777,Shadowing,1,0.5497949825387916,Normal,Shadowing,Normal,Shadowing,Shadowing
2023-01-03 15:30:00+08:00,0.8023468362150087,2.8276068071054343e-10,5.7012305321417644e-09,2.0153592902579772e-08,0.19765313764740705,Normal,0,0.19765316378499131,Normal,Normal,Normal,Normal,Shadowing
2023-01-03 15:45:00+08:00,0.8557932111831926,1.0174768720232879e-10,3.575491905477328e-09,2.206280346215524e-08,0.14420676307676442,Normal,0,0.14420678881680737,Normal,Normal,Normal,Normal,Normal
2023-01-03 16:00:00+08:00,0.8041297734749735,1.391373817096853e-10,5.3648405274211176e-09,2.0438480414412072e-08,0.19587020058256815,Normal,0,0.1958702265250265,Normal,Normal,Normal,Normal,Shadowing
2023-01-03 16:15:00+08:00,0.8519303512535285,9.175232565104507e-11,3.6094433261321875e-09,2.204160621423849e-08,0.1480696230036697,Normal,0,0.14806964874647155,Normal,Normal,Normal,Normal,Normal
2023-01-03 16:30:00+08:00,0.8760207087005554,1.8225666954659964e-10,2.645874209012323e-09,2.5732555921586686e-08,0.12397926273875784,Normal,0,0.12397929129944463,Normal,Normal,Normal,Normal,Normal
2023-01-03 16:45:00+08:00,0.8626907027754267,2.568477278644099e-11,7.967410502341112e-10,9.839570456731751e-08,0.13730919800644276,Normal,0,0.1373092972245733,Normal,Normal,Normal,Normal,Normal
2023-01-03 17:00:00+08:00,0.9881118371476726,9.728273142940493e-12,2.3805491251881524e-10,5.659649790701749e-08,0.01188810600804632,Normal,0,0.01188816285232741,Normal,Normal,Normal,Normal,Normal
2023-01-03 17:15:00+08:00,0.9974414588821252,4.34102841678707e-12,1.2214369430099115e-10,2.7832298766606758e-08,0.0025585131590912633,Normal,0,0.0025585411178747908,Normal,Normal,Normal,Normal,Normal
2023-01-04 07:45:00+08:00,0.9974538408662316,5.159237939940734e-12,1.406116795344623e-10,2.779608722064294e-08,0.0025461311919102265,Normal,0,0.002546159133768433,Normal,Normal,Normal,Normal,Normal
2023-01-04 08:00:00+08:00,0.9912476046816548,1.0509516664325448e-11,2.499500069368488e-10,4.949776746340516e-08,0.008752345560118108,Normal,0,0.008752395318345152,Normal,Normal,Normal,Normal,Normal
2023-01-04 08:15:00+08:00,0.9861911958463512,1.3382088928733236e-11,3.0438205621169024e-10,6.053955332251348e-08,0.013808743296331374,Normal,0,0.013808804153648824,Normal,Normal,Normal,Normal,Normal
2023-01-04 08:30:00+08:00,0.9522577154635326,2.4955034034170246e-11,5.340830413479971e-10,9.352350010208822e-08,0.04774219045392937,Normal,0,0.04774228453646745,Normal,Normal,Normal,Normal,Normal
2023-01-04 08:45:00+08:00,0.8983151959673755,5.407757568929059e-11,1.385362706853646e-09,5.789318364001981e-08,0.10168474470000062,Normal,0,0.10168480403262448,Normal,Normal,Normal,Normal,Normal
2023-01-04 09:00:00+08:00,0.9083500342940379,3.044561088970284e-11,1.5020855652818195e-09,3.240578532871956e-08,0.0916499317676456,Normal,0,0.09164996570596207,Normal,Normal,Normal,Normal,Normal
2023-01-04 09:15:00+08:00,0.8511578632370659,3.349512387629312e-10,3.4356608759188314e-09,2.42895862890976e-08,0.14884210870273581,Normal,0,0.14884213676293412,Normal,Normal,Normal,Normal,Normal
2023-01-04 09:30:00+08:00,0.7364044354160695,1.7095203387124497e-09,6.842245264565313e-09,2.114203955851311e-08,0.26359553489012527,Normal,0,0.2635955645839305,Normal,Normal,Normal,Normal,Shadowing
2023-01-04 09:45:00+08:00,0.00021947415052032466,2.4339946537966636e-06,4.076701933792111e-08,5.679318872117514e-12,0.9997780510821273,Shadowing,1,0.9997805258494796,Shadowing,Shadowing,Shadowing,Shadowing,Shadowing
2023-01-04 10:00:00+08:00,0.001365952157123395,1.6857858971467036e-06,1.3214877666507845e-07,8.826924462946737e-13,0.9986322299073201,Shadowing,1,0.9986340478428766,Shadowing,Shadowing,Shadowing,Shadowing,Shadowing
2023-01-04 10:15:00+08:00,7.881528013743348e-11,1.24711618234703e-07,1.608274182938324e-14,4.401371225034775e-26,0.9999998752095504,Shadowing,1,0.9999999999211847,Shadowing,Shadowing,Shadowing,Shadowing,Shadowing
2023-01-04 10:30:00+08:00,0.12356808933702663,1.7412276890655743e-07,2.045309796840548e-07,4.560313430331962e-11,0.8764315319636216,Shadowing,1,0.8764319106629733,Normal,Shadowing,Shadowing,Shadowing,Shadowing
2023-01-04 10:45:00+08:00,0.0002602774248178396,1.7380967044810965e-06,6.734009558204309e-08,3.950128446387962e-15,0.9997379171383782,Shadowing,1,0.9997397225751822,Shadowing,Shadowing,Shadowing,Shadowing,Shadowing
2023-01-04 11:00:00+08:00,0.002008142959319791,1.1057144238895676e-09,1.7291992252499917e-08,5.315142196749306e-13,0.9979918386424419,Shadowing,1,0.9979918570406802,Shadowing,Shadowing,Shadowing,Shadowing,Shadowing
2023-01-04 11:15:00+08:00,5.5438676641614e-07,5.025467960136846e-06,1.949700384468099e-10,6.739471043668888e-19,0.9999944199503034,Shadowing,1,0.9999994456132336,Shadowing,Shadowing,Shadowing,Shadowing,Shadowing
2023-01-04 11:30:00+08:00,0.0005245365131574767,5.144529582071412e-08,4.180689483919764e-08,6.552527875582574e-14,0.9994753702345864,Shadowing,1,0.9994754634868426,Shadowing,Shadowing,Shadowing,Shadowing,Shadowing
2023-01-04 11:45:00+08:00,0.08482317762578102,3.967726488663921e-11,2.7348296090981054e-09,1.3078990588079231e-18,0.9151768195997121,Shadowing,1,0.9151768223742189,Shadowing,Shadowing,Shadowing,Shadowing,Shadowing
2023-01-04 12:00:00+08:00,0.8486256865087066,1.3325420367708341e-07,2.6969478788070536e-06,4.3127005723870244e-15,0.1513714832892065,Normal,0,0.15137431349129338,Normal,Normal,Normal,Normal,Normal
2023-01-04 12:15:00+08:00,0.3399994463528706,2.3625356273112334e-06,4.861598683872859e-06,3.9187912387604795e-12,0.6599933295088996,Shadowing,1,0.6600005536471294,Shadowing,Shadowing,Shadowing,Shadowing,Shadowing
2023-01-04 12:30:00+08:00,0.15601788841290906,7.374452404433014e-05,2.3386061972484715e-06,2.583399161368539e-14,0.8439060284568235,Shadowing,1,0.8439821115870909,Shadowing,Shadowing,Shadowing,Shadowing,Shadowing
2023-01-04 12:45:00+08:00,3.420492888587338e-06,5.6420270052863886e-06,1.3472372851967168e-09,2.725142752012241e-17,0.9999909361328688,Shadowing,1,0.9999965795071114,Shadowing,Shadowing,Shadowing,Shadowing,Shadowing
2023-01-04 13:00:00+08:00,3.7037576145283767e-07,4.630569126924663e-06,8.99783416208709e-11,1.1315331391720375e-18,0.9999949989651332,Shadowing,1,0.9999996296242385,Shadowing,Shadowing,Shadowing,Shadowing,Shadowing
2023-01-04 13:15:00+08:00,2.5932912816240813e-05,1.6925963526425046e-06,9.119143295226536e-09,1.1182131403360227e-15,0.9999723653716867,Shadowing,1,0.9999740670871837,Shadowing,Shadowing,Shadowing,Shadowing,Shadowing
2023-01-04 13:30:00+08:00,3.323824270678161e-07,2.950704524585759e-07,1.6347494382735434e-10,2.835926801823838e-19,0.9999993723836453,Shadowing,1,0.999999667617573,Shadowing,Shadowing,Shadowing,Shadowing,Shadowing
2023-01-04 13:45:00+08:00,1.7479178272624233e-06,4.761959034972534e-06,8.016331485714604e-10,9.195543471851714e-18,0.9999934893215044,Shadowing,1,0.9999982520821727,Shadowing,Shadowing,Shadowing,Shadowing,Shadowing
2023-01-04 14:00:00+08:00,0.37002144879144805,6.006961327377205e-10,2.0568230069182867e-07,2.3042511388612355e-10,0.62997834469513,Shadowing,1,0.629978551208552,Normal,Shadowing,Shadowing,Shadowing,Shadowing
2023-01-04 14:15:00+08:00,3.797447365889216e-08,2.821096143710768e-06,7.464062886512974e-12,1.572133332723599e-20,0.9999971409219185,Shadowing,1,0.9999999620255263,Shadowing,Shadowing,Shadowing,Shadowing,Shadowing
2023-01-04 14:30:00+08:00,3.1817771504326106e-05,6.041484520059804e-07,5.727524746026664e-09,4.38876933782057e-15,0.9999675723525145,Shadowing,1,0.9999681822284957,Shadowing,Shadowing,Shadowing,Shadowing,Shadowing
2023-01-04 14:45:00+08:00,2.5970478665401174e-07,3.3991908304114246e-06,1.2543253054650003e-10,3.3938873436423962e-19,0.9999963409789503,Shadowing,1,0.9999997402952133,Shadowing,Shadowing,Shadowing,Shadowing,Shadowing
2023-01-04 15:00:00+08:00,0.003218686923948623,2.3406610340275406e-07,8.384306871804572e-08,6.41925479055555e-13,0.9967809951662374,Shadowing,1,0.9967813130760513,Shadowing,Shadowing,Shadowing,Shadowing,Shadowing
2023-01-04 15:15:00+08:00,3.7485049276184606e-06,1.0220979724276438e-05,1.7258736115001414e-09,1.1898306083331813e-16,0.9999860287894744,Shadowing,1,0.9999962514950724,Shadowing,Shadowing,Shadowing,Shadowing,Shadowing
2023-01-04 15:30:00+08:00,0.0012522160431275497,1.6058811422008994e-06,1.1222350366597671e-07,4.284594369617745e-12,0.9987460658479421,Shadowing,1,0.9987477839568725,Shadowing,Shadowing,Shadowing,Shadowing,Shadowing
2023-01-04 15:45:00+08:00,0.0024425746616708634,1.0040250170733675e-06,1.2276703149309706e-07,1.7679916891995445e-11,0.9975562985286007,Shadowing,1,0.9975574253383291,Shadowing,Shadowing,Shadowing,Shadowing,Shadowing
2023-01-04 16:00:00+08:00,0.220411341283176,3.94205271759037e-08,5.759885707811396e-08,2.6272774768162943e-09,0.7795885590701623,Shadowing,1,0.779588658716824,Normal,Shadowing,Shadowing,Shadowing,Shadowing
2023-01-04 16:15:00+08:00,0.4805772803171239,7.723192303627674e-09,1.5290244191483264e-08,1.2206703118000978e-08,0.5194226844627364,Shadowing,1,0.5194227196828761,Normal,Shadowing,Shadowing,Shadowing,Shadowing
2023-01-04 16:30:00+08:00,0.2783170637657959,2.1352602356365235e-08,3.307113462858457e-08,6.395490547866698e-09,0.7216828754149766,Shadowing,1,0.7216829362342041,Normal,Shadowing,Shadowing,Shadowing,Shadowing
2023-01-04 16:45:00+08:00,0.9156117630632012,5.4496153733772613e-11,1.8738198297904883e-09,2.7305645632154555e-08,0.08438820770283702,Normal,0,0.08438823693679876,Normal,Normal,Normal,Normal,Normal
2023-01-04 17:00:00+08:00,0.908289437697085,4.106585566054648e-11,1.4781315042649534e-09,4.380546755635345e-08,0.09171051697824995,Normal,0,0.09171056230291497,Normal,Normal,Normal,Normal,Normal
2023-01-04 17:15:00+08:00,0.930752610547756,3.54552269790146e-11,7.460282418807622e-10,9.384272209083935e-08,0.06924729482803846,Normal,0,0.06924738945224396,Normal,Normal,Normal,Normal,Normal
2023-01-05 07:45:00+08:00,0.8873070480456693,4.504756130973166e-11,1.015407194429461e-09,9.713755464710583e-08,0.11269285375632125,Normal,0,0.11269295195433071,Normal,Normal,Normal,Normal,Normal
2023-01-05 08:00:00+08:00,0.8964352143164674,8.815887347144134e-11,2.198339998341545e-09,2.6422520217721862e-08,0.10356475697451335,Normal,0,0.10356478568353256,Normal,Normal,Normal,Normal,Normal
2023-01-05 08:15:00+08:00,0.7584953890380962,1.3742160739997567e-09,5.925041315220713e-09,2.212714066865491e-08,0.24150458153550575,Normal,0,0.2415046109619038,Normal,Normal,Normal,Normal,Normal
2023-01-05 08:30:00+08:00,0.24749968685426493,3.4127048237623666e-08,4.906174805893545e-08,3.051398069057373e-09,0.7525002269055407,Shadowing,1,0.7525003131457351,Normal,Shadowing,Shadowing,Shadowing,Shadowing
2023-01-05 08:45:00+08:00,0.011426085961428785,4.1407604305002773e-07,1.451394467557218e-07,7.875755714043955e-11,0.988573354744324,Shadowing,1,0.9885739140385712,Shadowing,Shadowing,Shadowing,Shadowing,Shadowing
2023-01-05 09:00:00+08:00,0.16284418756037694,7.947755958360875e-08,1.0455729263482581e-07,7.013615500552057e-10,0.8371556277034093,Shadowing,1,0.837155812439623,Normal,Shadowing,Shadowing,Shadowing,Shadowing
2023-01-05 09:15:00+08:00,3.594625865556527e-05,1.1798630779274897e-05,1.830966096827669e-08,1.1963385475595065e-14,0.9999522368008924,Shadowing,1,0.9999640537413444,Shadowing,Shadowing,Shadowing,Shadowing,Shadowing
2023-01-05 09:30:00+08:00,3.596663013263114e-06,3.516120111249945e-06,1.4005912623882717e-09,6.372004419561829e-17,0.9999928858162841,Shadowing,1,0.9999964033369867,Shadowing,Shadowing,Shadowing,Shadowing,Shadowing
2023-01-05 09:45:00+08:00,8.340500107164667e-09,1.216192332514568e-06,1.3989900519390242e-12,1.4353654786985956e-22,0.9999987754657684,Shadowing,1,0.9999999916594999,Shadowing,Shadowing,Shadowing,Shadowing,Shadowing
2023-01-05 10:00:00+08:00,9.572858035762314e-07,5.620549335782956e-06,2.234893874695396e-10,2.990297514122832e-18,0.9999934219413712,Shadowing,1,0.9999990427141964,Shadowing,Shadowing,Shadowing,Shadowing,Shadowing
2023-01-05 10:15:00+08:00,1.416056916122622e-06,4.309100626608536e-09,2.5983624090873185e-11,3.544126229010312e-20,0.9999985796079998,Shadowing,1,0.9999985839430838,Shadowing,Shadowing,Shadowing,Shadowing,Shadowing
2023-01-05 10:30:00+08:00,1.2063406362831963e-07,6.851375938060502e-11,9.110649707183263e-14,1.7998920943412993e-23,0.9999998792973315,Shadowing,1,0.9999998793659364,Shadowing,Shadowing,Shadowing,Shadowing,Shadowing
2023-01-05 10:45:00+08:00,1.6095058771408568e-06,4.6644871858860257e-07,7.523653160919518e-10,6.73489451037242e-19,0.9999979232930389,Shadowing,1,0.9999983904941229,Shadowing,Shadowing,Shadowing,Shadowing,Shadowing
2023-01-05 11:00:00+08:00,0.18891435975261797,1.0041579936111216e-10,4.635125413479066e-08,7.099406404602336e-18,0.8110855937957121,Shadowing,1,0.8110856402473821,Shadowing,Shadowing,Shadowing,Normal,Shadowing
2023-01-05 11:15:00+08:00,0.14618623460449123,6.858423358631284e-06,1.1635598221722686e-06,9.98732050333059e-15,0.8538057434123179,Shadowing,1,0.8538137653955088,Shadowing,Shadowing,Shadowing,Shadowing,Shadowing
2023-01-05 11:30:00+08:00,0.0007880287913879973,1.4557239903099193e-05,6.001478705982668e-08,3.2891321025391497e-16,0.9991973539539215,Shadowing,1,0.999211971208612,Shadowing,Shadowing,Shadowing,Shadowing,Shadowing
2023-01-05 11:45:00+08:00,0.10769681417854493,4.9093856610980424e-05,1.6096681904482012e-06,1.6204447892863466e-14,0.8922524822966376,Shadowing,1,0.8923031858214551,Shadowing,Shadowing,Shadowing,Shadowing,Shadowing
2023-01-05 12:00:00+08:00,0.3549034455129433,1.5362436574845224e-06,3.8232368719517445e-06,5.1853075924690715e-12,0.6450911950013419,Shadowing,1,0.6450965544870567,Shadowing,Shadowing,Shadowing,Shadowing,Shadowing
2023-01-05 12:15:00+08:00,0.23617776478532054,8.114486387018437e-06,6.636756006881054e-06,1.3438273734567684e-12,0.7638074839709418,Shadowing,1,0.7638222352146795,Shadowing,Shadowing,Shadowing,Shadowing,Shadowing
2023-01-05 12:30:00+08:00,0.11092611480641641,9.754867947586177e-05,4.693175859947102e-06,2.366562079876359e-13,0.888971643338011,Shadowing,1,0.8890738851935835,Shadowing,Shadowing,Shadowing,Shadowing,Shadowing
2023-01-05 12:45:00+08:00,0.3931207761963808,5.058938886574811e-07,2.209276296468243e-06,1.493023403671716e-11,0.6068765086185037,Shadowing,1,0.6068792238036191,Shadowing,Shadowing,Shadowing,Normal,Shadowing
2023-01-05 13:00:00+08:00,0.26734105432238736,5.767266632521832e-06,6.1794138421330194e-06,1.6827544275413997e-12,0.7326469989954553,Shadowing,1,0.7326589456776127,Shadowing,Shadowing,Shadowing,Shadowing,Shadowing
2023-01-05 13:15:00+08:00,0.12374653639075776,8.008989944989498e-06,5.167198879223935e-06,6.357730193935061e-13,0.8762402874197821,Shadowing,1,0.8762534636092423,Shadowing,Shadowing,Shadowing,Shadowing,Shadowing
2023-01-05 13:30:00+08:00,0.06722162279447275,2.448164501758635e-06,2.9186040877623496e-06,4.968819743611152e-13,0.9327730104364408,Shadowing,1,0.9327783772055273,Shadowing,Shadowing,Shadowing,Shadowing,Shadowing
2023-01-05 13:45:00+08:00,0.023832356283863904,2.474185225656559e-07,7.433775871447317e-07,3.843822528691873e-13,0.976166652919642,Shadowing,1,0.9761676437161361,Shadowing,Shadowing,Shadowing,Shadowing,Shadowing
2023-01-05 14:00:00+08:00,0.008486264520112256,1.2880953655802953e-07,3.135160837330366e-07,2.0078326406786776e-13,0.9915132931540667,Shadowing,1,0.9915137354798877,Shadowing,Shadowing,Shadowing,Shadowing,Shadowing
2023-01-05 14:15:00+08:00,0.000282586964447806,1.3921179716369673e-07,4.880139983270449e-08,2.2858350082176155e-14,0.9997172250223324,Shadowing,1,0.9997174130355522,Shadowing,Shadowing,Shadowing,Shadowing,Shadowing
2023-01-05 14:30:00+08:00,0.0009430723785871141,1.5313178319331845e-08,3.2105959091012386e-08,1.4219043952085721e-13,0.9990568802021332,Shadowing,1,0.9990569276214128,Shadowing,Shadowing,Shadowing,Shadowing,Shadowing
2023-01-05 14:45:00+08:00,0.00835431716504209,2.3313616009979287e-10,2.3447407244640902e-08,8.124162922582558e-12,0.9916456591462903,Shadowing,1,0.9916456828349579,Shadowing,Shadowing,Shadowing,Shadowing,Shadowing
2023-01-05 15:00:00+08:00,0.003328540660953247,2.34535075995896e-10,1.3867040068863763e-08,1.1393282153604121e-11,0.9966714452260783,Shadowing,1,0.9966714593390468,Shadowing,Shadowing,Shadowing,Shadowing,Shadowing
2023-01-05 15:15:00+08:00,0.017199603636325646,1.3481873940999166e-09,2.979272875461131e-08,1.7221472274523875e-10,0.9828003650505435,Shadowing,1,0.9828003963636743,Shadowing,Shadowing,Shadowing,Shadowing,Shadowing
2023-01-05 15:30:00+08:00,0.2444426054970056,3.460207275331491e-09,7.343836255776998e-08,2.0428054195057883e-09,0.7555573155616191,Shadowing,1,0.7555573945029944,Normal,Shadowing,Shadowing,Shadowing,Shadowing
2023-01-05 15:45:00+08:00,0.0004658901737018378,2.9742512167705477e-06,7.939847480568385e-08,9.002993653956515e-13,0.9995310561757064,Shadowing,1,0.9995341098262982,Shadowing,Shadowing,Shadowing,Shadowing,Shadowing
2023-01-05 16:00:00+08:00,4.812719776431729e-07,5.355686931153077e-06,4.8245666656888184e-11,3.584831735207561e-18,0.9999941629928454,Shadowing,1,0.9999995187280224,Shadowing,Shadowing,Shadowing,Shadowing,Shadowing
2023-01-05 16:15:00+08:00,2.0416028587848244e-06,5.870813217906356e-06,3.809173446014334e-10,1.2683551349457686e-15,0.9999920872030048,Shadowing,1,0.9999979583971412,Shadowing,Shadowing,Shadowing,Shadowing,Shadowing
2023-01-05 16:30:00+08:00,9.247057403502797e-05,1.4563601104385116e-06,2.4000568478681813e-08,1.2906781624304826e-11,0.9999060490523792,Shadowing,1,0.999907529425965,Shadowing,Shadowing,Shadowing,Shadowing,Shadowing
2023-01-05 16:45:00+08:00,0.47942156642564193,5.9914017767175445e-09,9.200222363698948e-09,5.060814429291115e-08,0.5205783677745897,Shadowing,1,0.5205784335743581,Normal,Shadowing,Shadowing,Normal,Normal
2023-01-05 17:00:00+08:00,0.901631994492693,6.887404297997213e-11,1.023722643561092e-09,9.65717205608653e-08,0.09836790784298957,Normal,0,0.09836800550730695,Normal,Normal,Normal,Normal,Normal
2023-01-05 17:15:00+08:00,0.9845101280062071,2.3057754072742145e-11,4.429248755370884e-10,6.429143445989135e-08,0.015489807236375677,Normal,0,0.015489871993792925,Normal,Normal,Normal,Normal,Normal
2023-01-06 07:45:00+08:00,0.8178790896351232,5.427094798992589e-12,9.733033333593861e-10,4.070416022165913e-08,0.1821208686819861,Normal,0,0.18212091036487676,Normal,Normal,Normal,Normal,Normal
2023-01-06 08:00:00+08:00,0.7601218075156779,7.112966332385302e-12,2.3120063331040107e-09,2.3880001845295917e-08,0.2398781662852009,Normal,0,0.23987819248432207,Normal,Normal,Normal,Normal,Normal
2023-01-06 08:15:00+08:00,0.7808320548076912,2.9428832328960055e-10,6.500274418253573e-09,1.9412501765667696e-08,0.21916791898524415,Normal,0,0.21916794519230876,Normal,Normal,Normal,Normal,Shadowing
2023-01-06 08:30:00+08:00,0.28484281219566154,4.310488861700599e-12,7.0987092263990684e-09,4.855602037770557e-09,0.7151571758457167,Shadowing,1,0.7151571878043385,Normal,Shadowing,Shadowing,Shadowing,Shadowing
2023-01-06 08:45:00+08:00,0.23048727757379042,3.195723568217288e-11,2.8246808754533333e-08,5.092258855486265e-09,0.7695126890551848,Shadowing,1,0.7695127224262096,Normal,Shadowing,Shadowing,Shadowing,Shadowing
2023-01-06 09:00:00+08:00,0.006824313834889549,6.6070736398494925e-09,2.335951237614663e-08,1.2812275752830455e-11,0.9931756561857122,Shadowing,1,0.9931756861651104,Shadowing,Shadowing,Shadowing,Shadowing,Shadowing
2023-01-06 09:15:00+08:00,7.134757791100622e-05,7.780571147829342e-08,7.575623908793627e-09,3.502866438337755e-15,0.9999285670407501,Shadowing,1,0.999928652422089,Shadowing,Shadowing,Shadowing,Shadowing,Shadowing
2023-01-06 09:30:00+08:00,4.11756968225861e-06,4.36452224285801e-06,1.8291219479265349e-09,6.110409584756016e-17,0.9999915160789529,Shadowing,1,0.9999958824303178,Shadowing,Shadowing,Shadowing,Shadowing,Shadowing
2023-01-06 09:45:00+08:00,7.46622053968502e-07,5.124160033151011e-06,2.13187760546497e-10,3.0365252538293188e-18,0.9999941290047252,Shadowing,1,0.999999253377946,Shadowing,Shadowing,Shadowing,Shadowing,Shadowing
2023-01-06 10:00:00+08:00,3.4758680063203596e-07,9.819940560436812e-07,2.1165943675537638e-10,2.914964568247008e-19,0.9999986702074839,Shadowing,1,0.9999996524131993,Shadowing,Shadowing,Shadowing,Shadowing,Shadowing
2023-01-06 10:15:00+08:00,0.00019499214588089943,8.910205403618734e-09,5.835714713362211e-10,8.32842266888823e-19,0.9998049983603423,Shadowing,1,0.9998050078541191,Shadowing,Shadowing,Shadowing,Shadowing,Shadowing
2023-01-06 10:30:00+08:00,0.012133695301888346,6.825026411832583e-10,2.666783133984341e-09,1.4987509405336742e-18,0.9878663013488257,Shadowing,1,0.9878663046981117,Shadowing,Shadowing,Shadowing,Shadowing,Shadowing
2023-01-06 10:45:00+08:00,0.05083651627587504,1.1691363283858892e-10,2.9333093427430236e-09,1.4534619086671048e-18,0.949163480673902,Shadowing,1,0.949163483724125,Shadowing,Shadowing,Shadowing,Shadowing,Shadowing
2023-01-06 11:00:00+08:00,0.15767296198891867,3.017512028884133e-11,1.0580131176629625e-08,2.7962216655932093e-18,0.842327027400775,Shadowing,1,0.8423270380110813,Shadowing,Shadowing,Shadowing,Normal,Shadowing
2023-01-06 11:15:00+08:00,0.08436416956513003,0.00019007937671902607,2.8898631456671618e-06,1.0626264404747425e-13,0.915442861194899,Shadowing,1,0.91563583043487,Shadowing,Shadowing,Shadowing,Shadowing,Shadowing
2023-01-06 11:30:00+08:00,0.13572976867302783,0.00011434925464238136,6.188181677208901e-06,3.331374267614779e-13,0.8641496938903194,Shadowing,1,0.8642702313269721,Shadowing,Shadowing,Shadowing,Shadowing,Shadowing
2023-01-06 11:45:00+08:00,0.2276832207360175,5.9564579872923836e-05,3.6467299119869174e-06,3.837903571081715e-14,0.7722535679541592,Shadowing,1,0.7723167792639825,Shadowing,Shadowing,Shadowing,Shadowing,Shadowing
2023-01-06 12:00:00+08:00,0.11952760077500661,8.72581223975271e-10,6.431654061280388e-08,1.7082141150322824e-08,0.8804723169537303,Shadowing,1,0.8804723992249934,Shadowing,Shadowing,Shadowing,Shadowing,Shadowing
2023-01-06 12:15:00+08:00,1.4598144207985065e-10,2.8071747261107824e-07,7.136371161221495e-14,1.2143108350190715e-24,0.9999997191364745,Shadowing,1,0.9999999998540186,Shadowing,Shadowing,Shadowing,Shadowing,Shadowing
2023-01-06 12:30:00+08:00,0.19171876309593786,6.99902538692223e-08,4.880460905757296e-07,6.50457861978986e-16,0.8082806788677172,Shadowing,1,0.8082812369040622,Shadowing,Shadowing,Shadowing,Normal,Shadowing
2023-01-06 12:45:00+08:00,0.352145059398326,2.3271412905881888e-06,5.342360256137851e-06,6.0149083713904675e-12,0.6478472710941124,Shadowing,1,0.647854940601674,Shadowing,Shadowing,Shadowing,Shadowing,Shadowing
2023-01-06 13:00:00+08:00,0.3686610966773993,1.3929920255682344e-06,3.937604631409399e-06,8.271813602309583e-12,0.6313335727176719,Shadowing,1,0.6313389033226007,Shadowing,Shadowing,Shadowing,Shadowing,Shadowing
2023-01-06 13:15:00+08:00,0.4074133453083123,3.259293981739826e-07,1.882336110617243e-06,2.439553375240069e-11,0.5925844464017834,Shadowing,1,0.5925866546916877,Shadowing,Shadowing,Shadowing,Normal,Shadowing
2023-01-06 13:30:00+08:00,0.4124204744676,2.618058189933598e-07,1.587210773861707e-06,1.9825117203828663e-11,0.5875776764959821,Shadowing,1,0.5875795255324,Shadowing,Shadowing,Shadowing,Normal,Shadowing
2023-01-06 13:45:00+08:00,0.3681066262953047,7.677808614163432e-08,9.87463513810415e-07,2.6622787031853954e-11,0.6318923094364726,Shadowing,1,0.6318933737046952,Shadowing,Shadowing,Shadowing,Shadowing,Shadowing
2023-01-06 14:00:00+08:00,0.33420470413519854,1.8539782568218053e-08,5.788770045762254e-07,3.607154507472086e-11,0.6657946984119428,Shadowing,1,0.6657952958648015,Shadowing,Shadowing,Shadowing,Shadowing,Shadowing
2023-01-06 14:15:00+08:00,0.33326745412633035,2.8041630431065337e-09,3.0343472000803366e-07,6.240246817018978e-11,0.6667322395723841,Shadowing,1,0.6667325458736697,Shadowing,Shadowing,Shadowing,Shadowing,Shadowing
2023-01-06 14:30:00+08:00,0.43054816165506915,2.2140380740359493e-10,1.6230966779033382e-07,3.7570536928041955e-10,0.569451675438154,Shadowing,1,0.5694518383449308,Normal,Shadowing,Shadowing,Shadowing,Normal
2023-01-06 14:45:00+08:00,0.37260660207807883,1.7046097241542604e-11,8.101560374630276e-08,3.0747388315978173e-09,0.6273933138145324,Shadowing,1,0.6273933979219212,Shadowing,Shadowing,Normal,Shadowing,Shadowing
2023-01-06 15:00:00+08:00,0.14699316978183363,8.123162498389578e-12,5.621120163212355e-08,1.718874981606426e-09,0.8530067722799666,Shadowing,1,0.8530068302181664,Shadowing,Shadowing,Shadowing,Shadowing,Shadowing
2023-01-06 15:15:00+08:00,0.008573658032415818,2.1085061891774055e-11,1.3081232196170603e-08,9.229685491581408e-11,0.9914263287729701,Shadowing,1,0.9914263419675842,Shadowing,Shadowing,Shadowing,Shadowing,Shadowing
2023-01-06 15:30:00+08:00,0.10158134553761196,5.1447228771537675e-11,3.333001613993101e-08,4.192138320938038e-09,0.8984186168887863,Shadowing,1,0.898418654462388,Shadowing,Shadowing,Shadowing,Shadowing,Shadowing
2023-01-06 15:45:00+08:00,0.05037322701387016,3.1781731593181906e-07,2.4636803539654485e-07,2.3829919375686414e-11,0.9496262087769486,Shadowing,1,0.9496267729861299,Shadowing,Shadowing,Shadowing,Shadowing,Shadowing
2023-01-06 16:00:00+08:00,2.9312923278131664e-08,1.7406018449387046e-06,1.8457187045071767e-12,1.8489483171741202e-20,0.9999982300833861,Shadowing,1,0.9999999706870767,Shadowing,Shadowing,Shadowing,Shadowing,Shadowing
2023-01-06 16:15:00+08:00,3.540748794096737e-07,5.415191911221394e-06,5.58205146329221e-11,1.4308771322664343e-17,0.9999942306773889,Shadowing,1,0.9999996459251206,Shadowing,Shadowing,Shadowing,Shadowing,Shadowing
2023-01-06 16:30:00+08:00,1.0928751709098315e-05,8.050598972877559e-06,5.300474107625378e-09,7.20053505196232e-13,0.9999810153481239,Shadowing,1,0.999989071248291,Shadowing,Shadowing,Shadowing,Shadowing,Shadowing
2023-01-06 16:45:00+08:00,0.24550089882509255,1.4851449569596766e-08,2.384177323008227e-08,3.4221508661388434e-08,0.7544990282601759,Shadowing,1,0.7544991011749075,Normal,Shadowing,Shadowing,Shadowing,Shadowing
2023-01-06 17:00:00+08:00,0.936917652223596,5.969767227856023e-11,8.624206957889224e-10,9.227129175691829e-08,0.06308225458299381,Normal,0,0.06308234777640398,Normal,Normal,Normal,Normal,Normal
2023-01-06 17:15:00+08:00,0.9854594352334327,2.464533456216901e-11,4.592250707415231e-10,6.285395733493372e-08,0.01454050142873935,Normal,0,0.014540564766567288,Normal,Normal,Normal,Normal,Normal
2023-01-07 07:45:00+08:00,0.9164977280600197,4.84133445158557e-11,8.91498670365842e-10,9.548436249324902e-08,0.08350217551570568,Normal,0,0.08350227193998028,Normal,Normal,Normal,Normal,Normal
2023-01-07 08:00:00+08:00,0.8617769188491475,2.0793884508465504e-10,2.0536948564332666e-09,4.7351469815541605e-08,0.13822303153774887,Normal,0,0.13822308115085247,Normal,Normal,Normal,Normal,Normal
2023-01-07 08:15:00+08:00,0.6272362204495622,3.5950498491864834e-09,7.61785501031238e-09,2.8909217906805383e-08,0.37276373942831503,Normal,0,0.3727637795504378,Normal,Shadowing,Shadowing,Normal,Normal
2023-01-07 08:30:00+08:00,0.4379366136678919,8.838623364963804e-09,1.5244284105078863e-08,1.517171593298611e-08,0.5620633470774847,Shadowing,1,0.5620633863321081,Normal,Shadowing,Shadowing,Shadowing,Shadowing
2023-01-07 08:45:00+08:00,0.17511279285046963,4.929341317804251e-08,7.93105334747063e-08,1.8967575233938953e-09,0.8248870766488263,Shadowing,1,0.8248872071495303,Normal,Shadowing,Shadowing,Shadowing,Shadowing
2023-01-07 09:00:00+08:00,0.1078654933192511,1.4251506176223353e-07,1.5583967881329864e-07,2.872790830209783e-10,0.8921342080387292,Shadowing,1,0.8921345066807489,Shadowing,Shadowing,Shadowing,Shadowing,Shadowing
2023-01-07 10:15:00+08:00,1.5872235840222662e-06,5.893334014172693e-06,5.194548509329618e-10,1.399648692243734e-18,0.999992518922947,Shadowing,1,0.999998412776416,Shadowing,Shadowing,Shadowing,Shadowing,Shadowing
2023-01-07 10:30:00+08:00,5.411331172589478e-06,1.871087168834218e-06,1.970920518450723e-09,1.5424180666633233e-16,0.9999927156107379,Shadowing,1,0.9999945886688274,Shadowing,Shadowing,Shadowing,Shadowing,Shadowing
2023-01-07 10:45:00+08:00,1.6585945718805329e-06,4.0169462223196895e-06,4.726569978203142e-10,5.706498592428675e-18,0.9999943239865487,Shadowing,1,0.9999983414054281,Shadowing,Shadowing,Shadowing,Shadowing,Shadowing
2023-01-07 11:00:00+08:00,5.650789712165295e-05,3.8004163178456485e-11,1.79148525650014e-11,9.549051388826977e-21,0.9999434920469593,Shadowing,1,0.9999434921028784,Shadowing,Shadowing,Shadowing,Shadowing,Shadowing
2023-01-07 11:15:00+08:00,3.1806104322089286e-09,2.43415257575175e-07,1.124730377827567e-12,5.655791456686022e-22,0.9999997534030072,Shadowing,1,0.9999999968193896,Shadowing,Shadowing,Shadowing,Shadowing,Shadowing
2023-01-07 11:30:00+08:00,1.2740492205888262e-06,4.25030419952903e-06,4.1976417155106216e-10,1.3019343418914284e-18,0.9999944752268156,Shadowing,1,0.9999987259507794,Shadowing,Shadowing,Shadowing,Shadowing,Shadowing
2023-01-07 11:45:00+08:00,2.0057310563296416e-06,7.804956311183038e-10,8.116380282940214e-12,6.433843104554972e-21,0.9999979934803316,Shadowing,1,0.9999979942689436,Shadowing,Shadowing,Shadowing,Shadowing,Shadowing
2023-01-07 12:00:00+08:00,1.7431407304778005e-07,3.697087906111522e-06,5.4698830134805404e-11,2.1855782264541547e-19,0.9999961285433221,Shadowing,1,0.9999998256859269,Shadowing,Shadowing,Shadowing,Shadowing,Shadowing
2023-01-07 12:15:00+08:00,7.146960220791445e-07,3.997858621599751e-06,3.5581609593033747e-10,2.4605250737365786e-18,0.9999952870895402,Shadowing,1,0.999999285303978,Shadowing,Shadowing,Shadowing,Shadowing,Shadowing
2023-01-07 12:30:00+08:00,2.7456379893221436e-06,5.441807622752777e-06,1.098482719123483e-09,1.8780472194012492e-17,0.9999918114559051,Shadowing,1,0.9999972543620107,Shadowing,Shadowing,Shadowing,Shadowing,Shadowing
2023-01-07 12:45:00+08:00,1.2540129213354288e-06,4.875522501014309e-06,4.90538248640091e-10,5.808108499015741e-18,0.9999938699740394,Shadowing,1,0.9999987459870787,Shadowing,Shadowing,Shadowing,Shadowing,Shadowing
2023-01-07 13:00:00+08:00,2.1353244790089556e-05,1.928885409981098e-06,7.739964291197837e-09,8.932130570379023e-16,0.9999767101298348,Shadowing,1,0.9999786467552099,Shadowing,Shadowing,Shadowing,Shadowing,Shadowing
2023-01-07 13:15:00+08:00,1.710386738778678e-08,1.7012219535272048e-06,3.9939985963994865e-12,2.288842000406188e-21,0.999998281670185,Shadowing,1,0.9999999828961326,Shadowing,Shadowing,Shadowing,Shadowing,Shadowing
2023-01-07 13:30:00+08:00,4.736368058378836e-08,2.341739343663251e-06,1.3190676779075583e-11,1.0246733117393425e-20,0.9999976108837849,Shadowing,1,0.9999999526363195,Shadowing,Shadowing,Shadowing,Shadowing,Shadowing
2023-01-07 13:45:00+08:00,3.5525353109166847e-06,7.157080532631222e-06,1.4986691707302919e-09,1.3696760924442343e-17,0.9999892888854873,Shadowing,1,0.9999964474646891,Shadowing,Shadowing,Shadowing,Shadowing,Shadowing
2023-01-07 14:00:00+08:00,3.438350975963605e-06,7.0537230943760784e-06,1.4108025225766825e-09,1.2818724706113407e-17,0.9999895065151272,Shadowing,1,0.9999965616490241,Shadowing,Shadowing,Shadowing,Shadowing,Shadowing
2023-01-07 14:15:00+08:00,7.221895455755039e-09,1.2774077407452822e-06,1.2938725177367977e-12,6.451978510222234e-22,0.9999987153690698,Shadowing,1,0.9999999927781046,Shadowing,Shadowing,Shadowing,Shadowing,Shadowing
2023-01-07 14:30:00+08:00,3.343573521374614e-06,7.3647958079157586e-06,1.4741404546237314e-09,1.1368644248531324e-17,0.9999892901565304,Shadowing,1,0.9999966564264786,Shadowing,Shadowing,Shadowing,Shadowing,Shadowing
2023-01-07 14:45:00+08:00,4.2588127606996814e-05,1.0906103697119033e-05,2.2165718439968968e-08,7.594747649394683e-15,0.9999464836029699,Shadowing,1,0.999957411872393,Shadowing,Shadowing,Shadowing,Shadowing,Shadowing
2023-01-07 15:00:00+08:00,0.0001830170289807335,4.377185359523054e-06,5.643905444619319e-08,2.891314509620847e-14,0.9998125493465764,Shadowing,1,0.9998169829710193,Shadowing,Shadowing,Shadowing,Shadowing,Shadowing
2023-01-07 15:15:00+08:00,0.007033083249535351,4.095183689325856e-07,1.7218764875308752e-07,1.0649368582807426e-12,0.992966335043382,Shadowing,1,0.9929669167504647,Shadowing,Shadowing,Shadowing,Shadowing,Shadowing
2023-01-07 15:30:00+08:00,0.2529880972084972,4.71263475914023e-08,6.859041231400532e-08,5.260361682907255e-10,0.7470117865487067,Shadowing,1,0.7470119027915028,Normal,Shadowing,Shadowing,Shadowing,Shadowing
2023-01-07 15:45:00+08:00,0.46220618293912547,2.9037841905270273e-09,2.8091073172824477e-08,2.26808075975793e-09,0.5377937837979363,Shadowing,1,0.5377938170608745,Normal,Shadowing,Normal,Shadowing,Shadowing
2023-01-07 16:00:00+08:00,0.0014035617229260955,9.591431447749018e-07,8.714557305870107e-08,2.2747544972319474e-11,0.9985953919656085,Shadowing,1,0.9985964382770739,Shadowing,Shadowing,Shadowing,Shadowing,Shadowing
2023-01-07 16:15:00+08:00,0.3829902425412394,1.339437880534297e-08,2.320696942495938e-08,8.158965761582737e-09,0.6170097126984466,Shadowing,1,0.6170097574587605,Normal,Shadowing,Shadowing,Shadowing,Shadowing
2023-01-07 16:30:00+08:00,0.7720669366815919,1.3152092830339928e-09,4.8481448316695424e-09,2.657029782975351e-08,0.22793303058475609,Normal,0,0.22793306331840812,Normal,Normal,Normal,Normal,Normal
2023-01-07 16:45:00+08:00,0.8923199217900567,1.5036811613792491e-10,2.127054088279741e-09,2.968145273318063e-08,0.10768004625106824,Normal,0,0.1076800782099433,Normal,Normal,Normal,Normal,Normal
2023-01-07 17:00:00+08:00,0.8913019596298628,3.964670318172853e-11,1.1860117231200034e-09,7.374602598721604e-08,0.10869796539845267,Normal,0,0.1086980403701372,Normal,Normal,Normal,Normal,Normal
2023-01-07 17:15:00+08:00,0.980520053952004,2.110288358483261e-11,4.271901489533988e-10,7.01485592251188e-08,0.019479875451143693,Normal,0,0.019479946047995966,Normal,Normal,Normal,Normal,Normal
2023-01-08 07:45:00+08:00,0.9979713619113557,3.787249159333725e-12,1.1045300771259219e-10,2.4402558444823122e-08,0.0020286135718455933,Normal,0,0.0020286380886442856,Normal,Normal,Normal,Normal,Normal
2023-01-08 08:00:00+08:00,0.9919465120359764,9.203341581619387e-12,2.252749180479552e-10,4.762253763230892e-08,0.008053440107007736,Normal,0,0.008053487964023609,Normal,Normal,Normal,Normal,Normal
2023-01-08 08:15:00+08:00,0.9893889546915856,1.041597625311244e-11,2.497814059082664e-10,5.3897411414187436e-08,0.010610991150805618,Normal,0,0.01061104530841439,Normal,Normal,Normal,Normal,Normal
2023-01-08 08:30:00+08:00,0.9812280070051749,1.2962438296790202e-11,3.0183450514170554e-10,6.888632072996923e-08,0.018771923793707464,Normal,0,0.018771992994825126,Normal,Normal,Normal,Normal,Normal
2023-01-08 08:45:00+08:00,0.9086572515301261,3.0178088495926624e-11,1.54084818164875e-09,3.0284457274325436e-08,0.09134271661439028,Normal,0,0.09134274846987389,Normal,Normal,Normal,Normal,Normal
2023-01-08 09:00:00+08:00,0.23891218478949666,2.1051466362154612e-08,3.6532383151619876e-08,1.3282087545020801e-08,0.7610877443445663,Shadowing,1,0.7610878152105034,Normal,Shadowing,Shadowing,Shadowing,Shadowing
2023-01-08 09:15:00+08:00,0.7315139072723296,1.561168354202033e-09,4.305175479438365e-09,3.705213296377658e-08,0.26848604980919355,Normal,0,0.26848609272767043,Normal,Shadowing,Normal,Normal,Normal
2023-01-08 09:30:00+08:00,0.3984263498171036,9.992473557559192e-09,1.5324781649754053e-08,2.2445027970036755e-08,0.6015736024206132,Shadowing,1,0.6015736501828963,Normal,Shadowing,Shadowing,Shadowing,Shadowing
2023-01-08 09:45:00+08:00,0.885730278411647,7.92119853625825e-11,2.5287534417181286e-09,2.5246007732179103e-08,0.11426969373437994,Normal,0,0.11426972158835302,Normal,Normal,Normal,Normal,Normal
2023-01-08 10:00:00+08:00,0.8107963243167629,6.369442004359484e-10,4.592952173974435e-09,2.2141680455659294e-08,0.1892036483116603,Normal,0,0.18920367568323715,Normal,Normal,Normal,Normal,Normal
2023-01-08 10:15:00+08:00,0.14435125725378817,7.176792546544186e-08,1.0440333367793108e-07,9.922332867821578e-10,0.8556485655827194,Shadowing,1,0.8556487427462118,Normal,Shadowing,Shadowing,Shadowing,Shadowing
2023-01-08 10:30:00+08:00,0.8286635756777244,5.705627677082973e-10,4.019400908020448e-09,2.452811092819055e-08,0.17133639520420094,Normal,0,0.17133642432227558,Normal,Normal,Normal,Normal,Normal
2023-01-08 10:45:00+08:00,0.879504255056067,3.1568315042459365e-11,2.0651915114543856e-09,2.5569043075826518e-08,0.12049571727813016,Normal,0,0.120495744943933,Normal,Normal,Normal,Normal,Normal
2023-01-08 11:00:00+08:00,0.8773534626375147,3.1911408327318594e-11,2.101667537420832e-09,2.539136175297378e-08,0.12264650983754462,Normal,0,0.12264653736248532,Normal,Normal,Normal,Normal,Normal
2023-01-08 11:15:00+08:00,0.8675894691586439,2.816010552975167e-11,2.154636435920314e-09,2.4809421101933933e-08,0.13241050384913838,Normal,0,0.13241053084135612,Normal,Normal,Normal,Normal,Normal
2023-01-08 11:30:00+08:00,0.5441234820284793,5.252831964494665e-09,1.3486433858778459e-08,1.1721187981911459e-08,0.4558764875110669,Normal,0,0.45587651797152073,Normal,Normal,Normal,Shadowing,Shadowing
2023-01-08 11:45:00+08:00,0.7269539860136363,1.7938843799159484e-09,7.311003466887746e-09,2.0193290995404725e-08,0.27304598468818486,Normal,0,0.27304601398636374,Normal,Normal,Normal,Normal,Shadowing
2023-01-08 12:00:00+08:00,0.496896073967884,6.776521597835067e-09,1.6095153335726636e-08,9.469923566657207e-09,0.5031038936905174,Shadowing,1,0.503103926032116,Normal,Shadowing,Normal,Shadowing,Shadowing
2023-01-08 12:15:00+08:00,0.009566195463599528,3.718575661961664e-07,1.3000547173078712e-07,9.365919263347067e-11,0.9904333025797033,Shadowing,1,0.9904338045364005,Shadowing,Shadowing,Shadowing,Shadowing,Shadowing
2023-01-08 12:30:00+08:00,0.8357607400280493,3.6103049979744156e-10,4.05367422019182e-09,2.189680211968795e-08,0.1642392336604439,Normal,0,0.16423925997195066,Normal,Normal,Normal,Normal,Normal
2023-01-08 12:45:00+08:00,0.82711054789996,4.748161702539834e-10,4.134130372125966e-09,2.241385385002386e-08,0.17288942507723973,Normal,0,0.17288945210004003,Normal,Normal,Normal,Normal,Normal
2023-01-08 13:00:00+08:00,0.0738851893085603,1.0537570578698661e-07,1.368744388716714e-07,5.440582577416942e-10,0.9261145678972367,Shadowing,1,0.9261148106914396,Shadowing,Shadowing,Shadowing,Shadowing,Shadowing
2023-01-08 13:15:00+08:00,0.11503953484012305,1.4875289864078448e-07,1.6535068548781157e-07,2.0802529785418788e-10,0.8849601508482674,Shadowing,1,0.8849604651598769,Shadowing,Shadowing,Shadowing,Shadowing,Shadowing
2023-01-08 13:30:00+08:00,0.2882144021888981,2.9782868411438525e-08,4.430753211332463e-08,2.1923036676461264e-09,0.7117855215283977,Shadowing,1,0.7117855978111018,Normal,Shadowing,Shadowing,Shadowing,Shadowing
2023-01-08 13:45:00+08:00,0.07314935641144625,1.5689169372988016e-07,1.5945326765939298e-07,2.9700090403037496e-10,0.9268503269465913,Shadowing,1,0.9268506435885537,Shadowing,Shadowing,Shadowing,Shadowing,Shadowing
2023-01-08 14:00:00+08:00,0.02363082533727034,3.7501837882068797e-07,1.881010937502425e-07,6.979250412503062e-11,0.9763686114734647,Shadowing,1,0.9763691746627297,Shadowing,Shadowing,Shadowing,Shadowing,Shadowing
2023-01-08 14:15:00+08:00,0.36686039104940216,1.5551275585646484e-08,2.7709050794385048e-08,4.7381240908625715e-09,0.6331395609521474,Shadowing,1,0.6331396089505978,Normal,Shadowing,Shadowing,Shadowing,Shadowing
2023-01-08 14:30:00+08:00,0.7929870091154462,4.727345787807121e-10,5.599223126823756e-09,2.045835010000282e-08,0.207012964354246,Normal,0,0.20701299088455383,Normal,Normal,Normal,Normal,Shadowing
2023-01-08 14:45:00+08:00,0.6390115590093645,2.582134520781285e-09,1.0212177404110046e-08,1.4718934767792542e-08,0.3609884134773888,Normal,0,0.36098844099063554,Normal,Normal,Normal,Normal,Shadowing
2023-01-08 15:00:00+08:00,0.8735642002362848,1.1156307702238431e-10,2.8663095734006584e-09,2.396950969898308e-08,0.12643577281633286,Normal,0,0.12643579976371522,Normal,Normal,Normal,Normal,Normal
2023-01-08 15:15:00+08:00,0.8776955910433133,1.2095363335312703e-10,2.734223856295832e-09,2.4698076103442977e-08,0.12230438140343307,Normal,0,0.1223044089566867,Normal,Normal,Normal,Normal,Normal
2023-01-08 15:30:00+08:00,0.8344142375719429,3.848490746792053e-10,4.0229117801031645e-09,2.2022760770570646e-08,0.16558573599753568,Normal,0,0.16558576242805711,Normal,Normal,Normal,Normal,Normal
2023-01-08 15:45:00+08:00,0.8102594483194115,7.498226058954804e-10,4.495005639866709e-09,2.3979488227759946e-08,0.1897405224562719,Normal,0,0.18974055168058845,Normal,Normal,Normal,Normal,Normal
2023-01-08 16:00:00+08:00,0.9093936154168173,3.223104250159457e-11,1.6424154402222872e-09,2.823278096438816e-08,0.09060635467575542,Normal,0,0.09060638458318271,Normal,Normal,Normal,Normal,Normal
2023-01-08 16:15:00+08:00,0.8896818120311798,2.0991895986351787e-11,1.1947337958726914e-09,4.5979981538808844e-08,0.11031814077311304,Normal,0,0.1103181879688202,Normal,Normal,Normal,Normal,Normal
2023-01-08 16:30:00+08:00,0.989328559401718,1.0822928162030625e-11,2.5718533523635044e-10,5.405047161026502e-08,0.010671386279801947,Normal,0,0.010671440598281956,Normal,Normal,Normal,Normal,Normal
2023-01-08 16:45:00+08:00,0.9946474153266616,6.7550526130848606e-12,1.7527359527339296e-10,3.936299246591976e-08,0.005352545128317415,Normal,0,0.005352584673338434,Normal,Normal,Normal,Normal,Normal
2023-01-08 17:00:00+08:00,0.99876920672588,2.518898134630036e-12,8.022705024351378e-11,1.8042415673694974e-08,0.0012307751489583332,Normal,0,0.0012307932741200123,Normal,Normal,Normal,Normal,Normal
2023-01-08 17:15:00+08:00,0.9994379115020969,1.5632634378111248e-12,5.555114078529845e-11,1.1221339496376025e-08,0.0005620772194490826,Normal,0,0.0005620884979030683,Normal,Normal,Normal,Normal,Normal
2023-01-09 07:45:00+08:00,0.9961441633463888,4.97526596665876e-12,1.3673266905127055e-10,3.383421424307678e-08,0.003855802677688902,Normal,0,0.003855836653611222,Normal,Normal,Normal,Normal,Normal
2023-01-09 08:00:00+08:00,0.9934323701077601,7.326181991278697e-12,1.876037856713956e-10,4.328931745727225e-08,0.0065675864079925384,Normal,0,0.006567629892239912,Normal,Normal,Normal,Normal,Normal
2023-01-09 08:15:00+08:00,0.8785094125845534,2.4613237319229898e-11,7.199081722277376e-10,9.944175647666967e-08,0.12149048722916875,Normal,0,0.1214905874154466,Normal,Normal,Normal,Normal,Normal
2023-01-09 08:30:00+08:00,0.8774705600015047,4.180092440725466e-11,2.285057434999983e-09,2.5075980328269335e-08,0.12252941259565664,Normal,0,0.1225294399984953,Normal,Normal,Normal,Normal,Normal
2023-01-09 08:45:00+08:00,0.8722282194642824,2.5134910276965504e-10,2.6484528408498343e-09,2.6845290877840693e-08,0.12777175079062464,Normal,0,0.12777178053571758,Normal,Normal,Normal,Normal,Normal
2023-01-09 09:00:00+08:00,0.8913110925638378,3.3711502753998076e-11,1.927195907485318e-09,2.6273340518782887e-08,0.1086888792019143,Normal,0,0.10868890743616222,Normal,Normal,Normal,Normal,Normal
2023-01-09 09:15:00+08:00,0.8711795903214927,1.1730781624715507e-10,2.9325294577079054e-09,2.3687083091769643e-08,0.12882038294158688,Normal,0,0.12882040967850727,Normal,Normal,Normal,Normal,Normal
2023-01-09 09:30:00+08:00,0.5856125972188152,2.3545226893501744e-09,1.2132531046395369e-08,1.0568839389897552e-08,0.41438737772529166,Normal,0,0.4143874027811848,Normal,Normal,Normal,Shadowing,Shadowing
2023-01-09 09:45:00+08:00,0.7419420514222459,1.5637415331055437e-10,7.377496407826972e-09,1.8779126064657833e-08,0.25805792226475754,Normal,0,0.2580579485777541,Normal,Normal,Normal,Normal,Shadowing
2023-01-09 10:00:00+08:00,0.8489130787320853,8.29011899798957e-11,3.6019730426194966e-09,2.2067094455001838e-08,0.1510868955159461,Normal,0,0.15108692126791468,Normal,Normal,Normal,Normal,Normal
2023-01-09 10:15:00+08:00,0.8428487270270623,1.1651211449047404e-10,4.0830696849337505e-09,2.1557877010991295e-08,0.15715124721547902,Normal,0,0.15715127297293774,Normal,Normal,Normal,Normal,Normal
2023-01-09 10:30:00+08:00,0.6691619044088241,5.570695126543096e-10,1.045463247217699e-08,1.4143638333599519e-08,0.33083807043583563,Normal,0,0.33083809559117594,Normal,Normal,Normal,Normal,Shadowing
2023-01-09 10:45:00+08:00,0.47877024207214747,3.660549120171738e-09,1.9980328341841192e-08,3.951902621905931e-09,0.5212297303350726,Shadowing,1,0.5212297579278525,Normal,Normal,Normal,Shadowing,Shadowing
2023-01-09 11:00:00+08:00,0.8218695393359946,1.7836115964265287e-10,5.002150048777864e-09,2.071560955392598e-08,0.17813043476788476,Normal,0,0.1781304606640054,Normal,Normal,Normal,Normal,Shadowing
2023-01-09 11:15:00+08:00,0.6107678875276026,7.424652661318094e-10,1.2512452759748574e-08,9.824804283918799e-09,0.38923208939267506,Normal,0,0.3892321124723974,Normal,Normal,Normal,Shadowing,Shadowing
2023-01-09 11:30:00+08:00,0.0015131564148552824,1.6396666273738087e-06,1.3156928917896278e-07,1.4412499300841381e-12,0.9984850723477869,Shadowing,1,0.9984868435851447,Shadowing,Shadowing,Shadowing,Shadowing,Shadowing
2023-01-09 11:45:00+08:00,0.10712521425189392,1.9240055610762338e-07,2.0378905632416577e-07,5.925615879047299e-11,0.8928743894992375,Shadowing,1,0.8928747857481061,Shadowing,Shadowing,Shadowing,Shadowing,Shadowing
2023-01-09 12:00:00+08:00,0.2198341209620013,6.436193741918822e-08,8.734758966621048e-08,3.9438189957321086e-10,0.7801657269340898,Shadowing,1,0.7801658790379987,Normal,Shadowing,Shadowing,Shadowing,Shadowing
2023-01-09 12:15:00+08:00,0.2998169936920172,2.6679200950390225e-08,4.520371037211332e-08,1.4627489608310155e-09,0.7001829329623226,Shadowing,1,0.7001830063079828,Normal,Shadowing,Shadowing,Shadowing,Shadowing
2023-01-09 12:30:00+08:00,0.00048641763568398733,2.8824633195197546e-06,8.915537340348557e-08,2.1584503927466158e-13,0.9995106107454073,Shadowing,1,0.999513582364316,Shadowing,Shadowing,Shadowing,Shadowing,Shadowing
2023-01-09 12:45:00+08:00,0.005387636807250416,8.844663921945104e-07,2.0077334779967532e-07,3.4225713272221407e-12,0.994611277949587,Shadowing,1,0.9946123631927496,Shadowing,Shadowing,Shadowing,Shadowing,Shadowing
2023-01-09 13:00:00+08:00,0.49344581043413693,2.1642582022765483e-09,2.2123385818663044e-08,3.4975270784835085e-09,0.5065541617806919,Shadowing,1,0.5065541895658631,Normal,Normal,Normal,Shadowing,Shadowing
2023-01-09 13:15:00+08:00,0.11929405776681885,1.457786996386438e-07,1.973505735907683e-07,4.2576068509737446e-11,0.8807055990613317,Shadowing,1,0.8807059422331811,Normal,Shadowing,Shadowing,Shadowing,Shadowing
2023-01-09 13:30:00+08:00,0.05892944919417568,2.392623259813659e-07,2.0244989384021894e-07,1.0936256497564661e-10,0.9410701089842419,Shadowing,1,0.9410705508058244,Shadowing,Shadowing,Shadowing,Shadowing,Shadowing
2023-01-09 13:45:00+08:00,0.5154079641416126,4.042349648810358e-09,1.566055566858161e-08,7.698544924860735e-09,0.4845920084569372,Normal,0,0.4845920358583874,Normal,Normal,Normal,Shadowing,Shadowing
2023-01-09 14:00:00+08:00,0.8269291248792122,6.141149724829465e-11,3.888020196733986e-09,2.1896982551982766e-08,0.1730708492743736,Normal,0,0.17307087512078778,Normal,Normal,Normal,Normal,Normal
2023-01-09 14:15:00+08:00,0.7402070412513858,1.4094684202981406e-09,7.079767526801191e-09,2.0132532183284634e-08,0.2597929301268461,Normal,0,0.2597929587486142,Normal,Normal,Normal,Normal,Shadowing
2023-01-09 14:30:00+08:00,0.8705206886531593,1.6915357454977136e-10,2.8859841622115186e-09,2.4496877843823332e-08,0.1294792837948251,Normal,0,0.12947931134684065,Normal,Normal,Normal,Normal,Normal
2023-01-09 14:45:00+08:00,0.8810965328914027,2.4048369167260766e-11,1.0668457474409453e-09,6.461049188479695e-08,0.11890340140721148,Normal,0,0.11890346710859734,Normal,Normal,Normal,Normal,Normal
2023-01-09 15:00:00+08:00,0.8906577206384645,1.76804945425398e-11,1.3302311633084061e-09,3.1872923762827287e-08,0.10934224614070005,Normal,0,0.10934227936153551,Normal,Normal,Normal,Normal,Normal
2023-01-09 15:15:00+08:00,0.9055791382939267,4.7994417434272785e-11,1.979429093241474e-09,2.6939338046973528e-08,0.0944208327393117,Normal,0,0.09442086170607333,Normal,Normal,Normal,Normal,Normal
2023-01-09 15:30:00+08:00,0.8846250579882342,1.9842019930709415e-11,1.124507597608063e-09,5.0733778087762114e-08,0.11537489013363789,Normal,0,0.11537494201176579,Normal,Normal,Normal,Normal,Normal
2023-01-09 15:45:00+08:00,0.9333356663347571,2.1193380059654365e-11,5.277446683136274e-10,9.966772552557691e-08,0.06666423344857944,Normal,0,0.06666433366524294,Normal,Normal,Normal,Normal,Normal
2023-01-09 16:00:00+08:00,0.995363661403316,5.296622728440845e-12,1.4413907445385749e-10,3.687003578134534e-08,0.004636301577212636,Normal,0,0.004636338596683998,Normal,Normal,Normal,Normal,Normal
2023-01-09 16:15:00+08:00,0.9944601996565918,5.663070054643065e-12,1.5253995089090726e-10,4.0015063470769664e-08,0.005539760170141714,Normal,0,0.005539800343408174,Normal,Normal,Normal,Normal,Normal
2023-01-09 16:30:00+08:00,0.9871869056999463,9.468224569920393e-12,2.339393585257289e-10,5.844767566424129e-08,0.012813035608970477,Normal,0,0.012813094300053729,Normal,Normal,Normal,Normal,Normal
2023-01-09 16:45:00+08:00,0.9956385617131165,5.630266951975809e-12,1.51222370288025e-10,3.5839326306590125e-08,0.004361402290704734,Normal,0,0.004361438286883512,Normal,Normal,Normal,Normal,Normal
2023-01-09 17:00:00+08:00,0.9993792107648888,1.399902628237285e-12,4.9181593896391383e-11,1.2030546545230017e-08,0.0006207771539830321,Normal,0,0.0006207892351112188,Normal,Normal,Normal,Normal,Normal
2023-01-09 17:15:00+08:00,0.9995844019018965,1.106602694777094e-12,4.063685431916529e-11,9.444313716112802e-09,0.00041558861204646304,Normal,0,0.0004155980981035423,Normal,Normal,Normal,Normal,Normal
2023-01-10 07:45:00+08:00,0.9992079155093838,2.0284657729153818e-12,6.820781797911173e-11,1.3863918005953199e-08,0.0007920705564618553,Normal,0,0.000792084490616185,Normal,Normal,Normal,Normal,Normal
2023-01-10 08:00:00+08:00,0.9942090110518798,7.949199271539782e-12,1.9956938975287469e-10,4.092005867673761e-08,0.005790947820542804,Normal,0,0.005790988948120246,Normal,Normal,Normal,Normal,Normal
2023-01-10 08:15:00+08:00,0.9064106294050276,2.7719558570147513e-11,7.185438878571389e-10,9.6189910930475e-08,0.09358927365879807,Normal,0,0.09358937059497241,Normal,Normal,Normal,Normal,Normal
2023-01-10 08:30:00+08:00,0.8918590800568641,2.936554931455752e-11,7.659942295306325e-10,9.65229687394574e-08,0.10814082262480743,Normal,0,0.1081409199431359,Normal,Normal,Normal,Normal,Normal
2023-01-10 08:45:00+08:00,0.8914111643203615,3.291963926170014e-11,8.064530571611316e-10,9.665815289132386e-08,0.10858873818211286,Normal,0,0.1085888356796385,Normal,Normal,Normal,Normal,Normal
2023-01-10 09:00:00+08:00,0.8851693335430344,2.2149455383649927e-11,1.1236959695379011e-09,5.511126356739629e-08,0.11483061019985644,Normal,0,0.1148306664569656,Normal,Normal,Normal,Normal,Normal
2023-01-10 09:15:00+08:00,0.06345462684519979,5.448573515075898e-08,1.0996882335182367e-07,3.0065881843114658e-09,0.9365452056936535,Shadowing,1,0.9365453731548002,Shadowing,Shadowing,Shadowing,Shadowing,Shadowing
2023-01-10 09:30:00+08:00,0.08125334453126334,5.170220504266846e-08,1.068551192867289e-07,3.038268966852384e-09,0.9187464938731432,Shadowing,1,0.9187466554687367,Shadowing,Shadowing,Shadowing,Shadowing,Shadowing
2023-01-10 09:45:00+08:00,0.7257276262066237,1.8442987111966607e-09,7.249041777157741e-09,2.0393702517511734e-08,0.27427234430633335,Normal,0,0.2742723737933763,Normal,Normal,Normal,Normal,Shadowing
2023-01-10 10:00:00+08:00,0.0016371915959809205,4.526555216935205e-07,6.925226886367862e-08,6.776093550885406e-11,0.9983622864284676,Shadowing,1,0.998362808404019,Shadowing,Shadowing,Shadowing,Shadowing,Shadowing
2023-01-10 10:15:00+08:00,0.09812971904310024,1.0109434444007715e-07,1.338992311386164e-07,5.735004228367966e-10,0.9018700453898237,Shadowing,1,0.9018702809568998,Shadowing,Shadowing,Shadowing,Shadowing,Shadowing
2023-01-10 10:30:00+08:00,0.8750276110326765,2.3401663209319674e-10,2.5815485127060955e-09,2.6887779538916568e-08,0.12497235926397887,Normal,0,0.12497238896732354,Normal,Normal,Normal,Normal,Normal
2023-01-10 10:45:00+08:00,0.8965441538460412,1.3891880774094681e-10,2.1717205050988995e-09,2.753582511927261e-08,0.10345581630749438,Normal,0,0.10345584615395875,Normal,Normal,Normal,Normal,Normal
2023-01-10 11:00:00+08:00,0.9098284847191268,3.4957029569528947e-11,1.5132122526884082e-09,3.6156097401153054e-08,0.0901714775766065,Normal,0,0.0901715152808732,Normal,Normal,Normal,Normal,Normal
2023-01-10 11:15:00+08:00,0.9143657849420558,5.6929651023185236e-11,1.704110246655331e-09,3.106233996366505e-08,0.08563418223456434,Normal,0,0.08563421505794422,Normal,Normal,Normal,Normal,Normal
2023-01-10 11:30:00+08:00,0.8922771370737396,2.8959457463844074e-11,1.2121945786703395e-09,5.694963398712209e-08,0.10772280473547247,Normal,0,0.10772286292626043,Normal,Normal,Normal,Normal,Normal
2023-01-10 11:45:00+08:00,0.9031651585307079,2.6757481019405405e-11,1.408562317772276e-09,3.5539736720742076e-08,0.09683480449423557,Normal,0,0.09683484146929211,Normal,Normal,Normal,Normal,Normal
2023-01-10 12:00:00+08:00,0.8213379453832707,7.277837771237902e-10,3.937679362358097e-09,2.6272047906256694e-08,0.17866202367921832,Normal,0,0.17866205461672935,Normal,Normal,Normal,Normal,Normal
2023-01-10 12:15:00+08:00,0.25802282039873975,2.380982518322729e-08,3.669578543461476e-08,6.136351261181624e-09,0.7419771129592984,Shadowing,1,0.7419771796012602,Normal,Shadowing,Shadowing,Shadowing,Shadowing
2023-01-10 12:30:00+08:00,0.787650986426725,1.0024448170613396e-09,5.104884574842546e-09,2.3175312728740357e-08,0.2123489842906327,Normal,0,0.21234901357327496,Normal,Normal,Normal,Normal,Normal
2023-01-10 12:45:00+08:00,0.86349738291045,9.226417750941547e-11,3.081449150436211e-09,2.266011456952532e-08,0.13650259125572217,Normal,0,0.13650261708955003,Normal,Normal,Normal,Normal,Normal
2023-01-10 13:00:00+08:00,0.8958227534418267,6.346092198843212e-11,2.2262502185271292e-09,2.6123164157312492e-08,0.10417721814529787,Normal,0,0.10417724655817329,Normal,Normal,Normal,Normal,Normal
2023-01-10 13:15:00+08:00,0.8800420221728962,1.3499343947329289e-11,1.1349725741729125e-09,3.7353039016447176e-08,0.11995793932559284,Normal,0,0.11995797782710382,Normal,Normal,Normal,Normal,Normal
2023-01-10 13:30:00+08:00,0.9068185078127007,2.8382143192363365e-11,1.527343022990839e-09,2.996572570574259e-08,0.09318146066584845,Normal,0,0.09318149218729932,Normal,Normal,Normal,Normal,Normal
2023-01-10 13:45:00+08:00,0.9043494192207181,2.6785485284905618e-11,1.5289098169373616e-09,2.9594017182351383e-08,0.0956505496295694,Normal,0,0.0956505807792819,Normal,Normal,Normal,Normal,Normal
2023-01-10 14:00:00+08:00,0.9063625741284269,3.034621850240188e-11,1.4554780924245967e-09,3.592477675880898e-08,0.0936373884609721,Normal,0,0.09363742587157309,Normal,Normal,Normal,Normal,Normal
2023-01-10 14:15:00+08:00,0.8977804227934296,2.3427358971551518e-11,1.550856592546844e-09,2.8356770516922158e-08,0.10221954727551592,Normal,0,0.10221957720657038,Normal,Normal,Normal,Normal,Normal
2023-01-10 14:30:00+08:00,0.8909342947183964,1.800815458219407e-11,1.239502443341553e-09,3.658661251026704e-08,0.10906566743748052,Normal,0,0.10906570528160364,Normal,Normal,Normal,Normal,Normal
2023-01-10 14:45:00+08:00,0.8832845465927397,3.2613898878049815e-11,1.0847692878302003e-09,7.635740461294696e-08,0.11671537593247257,Normal,0,0.1167154534072603,Normal,Normal,Normal,Normal,Normal
2023-01-10 15:00:00+08:00,0.8863392795883616,4.853700983639124e-11,1.0710384482678265e-09,9.676108273590986e-08,0.11366062253098012,Normal,0,0.11366072041163844,Normal,Normal,Normal,Normal,Normal
2023-01-10 15:15:00+08:00,0.8433818342220016,2.179147576862777e-10,1.8302736579169304e-09,7.502711681110281e-08,0.1566180887026931,Normal,0,0.15661816577799836,Normal,Normal,Normal,Normal,Normal
2023-01-10 15:30:00+08:00,0.7862594019217377,6.549099642845236e-10,2.650557031017117e-09,6.350154757657806e-08,0.21374053127124762,Normal,0,0.2137405980782623,Normal,Normal,Normal,Normal,Normal
2023-01-10 15:45:00+08:00,0.8136408176387695,4.717527471222096e-10,2.4732014228905895e-09,5.657697307007963e-08,0.18635912283930312,Normal,0,0.1863591823612305,Normal,Normal,Normal,Normal,Normal
2023-01-10 16:00:00+08:00,0.8686763026495757,2.305175665626356e-10,2.2442289630663347e-09,3.6266466742895294e-08,0.131323658609211,Normal,0,0.13132369735042426,Normal,Normal,Normal,Normal,Normal
2023-01-10 16:15:00+08:00,0.8993617346664529,4.964771476283779e-11,1.365791103304134e-09,5.825465910593159e-08,0.10063820566344928,Normal,0,0.10063826533354714,Normal,Normal,Normal,Normal,Normal
2023-01-10 16:30:00+08:00,0.8935932056341486,6.199075526098816e-11,1.0756673893674308e-09,9.733947345767803e-08,0.10640669588871976,Normal,0,0.10640679436585143,Normal,Normal,Normal,Normal,Normal
2023-01-10 16:45:00+08:00,0.9540347969762673,3.052227275979046e-11,6.113714055970546e-10,9.070824125057e-08,0.04596511167359783,Normal,0,0.04596520302373275,Normal,Normal,Normal,Normal,Normal
2023-01-10 17:00:00+08:00,0.9920531409203095,1.0992547777463742e-11,2.5803466927828435e-10,4.7419069112624037e-08,0.007946811391594108,Normal,0,0.007946859079690505,Normal,Normal,Normal,Normal,Normal
2023-01-10 17:15:00+08:00,0.9991620260899543,2.2763267160083375e-12,7.519299652713955e-11,1.4362051714094353e-08,0.0008379594705246437,Normal,0,0.0008379739100456973,Normal,Normal,Normal,Normal,Normal
2023-01-11 07:45:00+08:00,0.9994194031154725,2.1430662448665433e-12,7.321127655031035e-11,1.1496600007542891e-08,0.0005805853125730541,Normal,0,0.0005805968845274956,Normal,Normal,Normal,Normal,Normal
2023-01-11 08:00:00+08:00,0.9847238749154619,2.1399017318296443e-11,4.2254036863082957e-10,6.371843150762846e-08,0.015276060922167236,Normal,0,0.015276125084538128,Normal,Normal,Normal,Normal,Normal
2023-01-11 08:15:00+08:00,0.899660171036906,1.360497427112297e-10,1.184049780725351e-09,9.359148515386386e-08,0.10033973405150928,Normal,0,0.10033982896309401,Normal,Normal,Normal,Normal,Normal
2023-01-11 08:30:00+08:00,0.8888639415506713,5.506009213527876e-11,1.179955165210832e-09,8.635202065408554e-08,0.11113597086229285,Normal,0,0.11113605844932872,Normal,Normal,Normal,Normal,Normal
2023-01-11 08:45:00+08:00,0.3572200199115672,1.1170520604813757e-08,1.6608381768069083e-08,2.4032186810494864e-08,0.6427799282773436,Shadowing,1,0.6427799800884328,Normal,Shadowing,Shadowing,Shadowing,Shadowing
2023-01-11 09:00:00+08:00,0.3518625750105454,1.0209169378691104e-08,1.4725406803512075e-08,3.844740659811315e-08,0.6481373616074718,Shadowing,1,0.6481374249894546,Normal,Shadowing,Shadowing,Shadowing,Shadowing
2023-01-11 09:15:00+08:00,0.8878738861294808,3.1754193379676273e-11,1.1494216463807069e-09,6.778752585131329e-08,0.11212604490181743,Normal,0,0.11212611387051918,Normal,Normal,Normal,Normal,Normal
2023-01-11 09:30:00+08:00,0.7727668091142451,1.1400886807049662e-09,3.775504690140968e-09,3.380430763396506e-08,0.22723315216585388,Normal,0,0.2272331908857549,Normal,Normal,Normal,Normal,Normal
2023-01-11 09:45:00+08:00,0.7578475402897746,1.0122671214089974e-09,3.2739756343522183e-09,5.1795029672255435e-08,0.24215240362895285,Normal,0,0.24215245971022537,Normal,Shadowing,Normal,Normal,Normal
2023-01-11 10:00:00+08:00,0.8477162844049154,4.781077453089086e-10,3.0961339133500413e-09,2.7419427699209094e-08,0.15228368460141525,Normal,0,0.15228371559508458,Normal,Normal,Normal,Normal,Normal
2023-01-11 10:15:00+08:00,0.03242699931658345,8.768657602846259e-08,1.151569554373691e-07,8.349985398822769e-10,0.9675727970048864,Shadowing,1,0.9675730006834166,Shadowing,Shadowing,Shadowing,Shadowing,Shadowing
2023-01-11 10:30:00+08:00,0.2643781877692513,1.6572465720500602e-08,2.6894044749441335e-08,1.9124645533786707e-08,0.7356217496395926,Shadowing,1,0.7356218122307487,Normal,Shadowing,Shadowing,Shadowing,Shadowing
2023-01-11 10:45:00+08:00,0.7880929493399179,1.1071827197621267e-09,4.246049867145968e-09,2.773313331031005e-08,0.2119070175737161,Normal,0,0.21190705066008209,Normal,Normal,Normal,Normal,Normal
2023-01-11 11:00:00+08:00,0.32591465618714743,1.5905955820940834e-08,2.5003436510917898e-08,8.969072501288834e-09,0.6740852939343878,Shadowing,1,0.6740853438128526,Normal,Shadowing,Shadowing,Shadowing,Shadowing
2023-01-11 11:15:00+08:00,0.3261130902429462,1.969566595322268e-08,3.1516148003578175e-08,5.264632395536445e-09,0.6738868532806074,Shadowing,1,0.6738869097570538,Normal,Shadowing,Shadowing,Shadowing,Shadowing
2023-01-11 11:30:00+08:00,6.701520209769761e-06,1.0672173277206428e-05,3.540274028465851e-09,1.6783551128515682e-16,0.999982622766239,Shadowing,1,0.9999932984797902,Shadowing,Shadowing,Shadowing,Shadowing,Shadowing
2023-01-11 11:45:00+08:00,6.271757248048863e-08,2.569808820415487e-06,2.040338489974302e-11,2.008741266695446e-21,0.9999973674532037,Shadowing,1,0.9999999372824275,Shadowing,Shadowing,Shadowing,Shadowing,Shadowing
2023-01-11 12:00:00+08:00,7.877810155799825e-07,5.8343363368972034e-06,3.2987284884541034e-10,6.001853081459752e-19,0.9999933775527745,Shadowing,1,0.9999992122189845,Shadowing,Shadowing,Shadowing,Shadowing,Shadowing
2023-01-11 12:15:00+08:00,5.2699734559716665e-06,1.1043759834749796e-05,1.3865460372884656e-09,1.1151694014422498e-15,0.9999836848801621,Shadowing,1,0.999994730026544,Shadowing,Shadowing,Shadowing,Shadowing,Shadowing
2023-01-11 12:30:00+08:00,0.7931632584798328,1.6977394211524232e-11,2.946118414547474e-09,2.2956611297510552e-08,0.20683671560046016,Normal,0,0.20683674152016718,Normal,Normal,Normal,Normal,Normal
2023-01-11 12:45:00+08:00,0.6365899930635546,6.378128390914153e-10,1.1543718614626509e-08,1.1758552371014161e-08,0.3634099829963616,Normal,0,0.36341000693644543,Normal,Normal,Normal,Shadowing,Shadowing
2023-01-11 13:00:00+08:00,0.001031675011364329,1.903658307216051e-06,1.0818618987071902e-07,2.1610831826086776e-12,0.9989663131419775,Shadowing,1,0.9989683249886356,Shadowing,Shadowing,Shadowing,Shadowing,Shadowing
2023-01-11 13:15:00+08:00,0.00029889442542373136,3.82637957322179e-06,7.192004058391845e-08,1.1046439331579746e-13,0.999697207274852,Shadowing,1,0.9997011055745763,Shadowing,Shadowing,Shadowing,Shadowing,Shadowing
2023-01-11 13:30:00+08:00,4.2629504727126746e-05,9.160366010369518e-06,2.234495485703927e-08,3.3402197396904894e-15,0.9999481877843042,Shadowing,1,0.9999573704952729,Shadowing,Shadowing,Shadowing,Shadowing,Shadowing
2023-01-11 13:45:00+08:00,0.1678804904960192,9.661973333116663e-08,1.4073082014993052e-07,9.692511933513463e-11,0.8321192720565023,Shadowing,1,0.8321195095039808,Normal,Shadowing,Shadowing,Shadowing,Shadowing
2023-01-11 14:00:00+08:00,0.00027094148937602985,4.100485690805414e-06,6.7386094700063e-08,1.5118524059429076e-13,0.9997248906386872,Shadowing,1,0.999729058510624,Shadowing,Shadowing,Shadowing,Shadowing,Shadowing
2023-01-11 14:15:00+08:00,1.3033664038416353e-06,7.530278764328411e-06,7.525909732748157e-10,9.261317433152968e-19,0.9999911656022409,Shadowing,1,0.9999986966335962,Shadowing,Shadowing,Shadowing,Shadowing,Shadowing
2023-01-11 14:30:00+08:00,0.008058753563833137,7.023729532581969e-07,1.8708390496539652e-07,1.1260910530779823e-11,0.9919403569680478,Shadowing,1,0.9919412464361669,Shadowing,Shadowing,Shadowing,Shadowing,Shadowing
2023-01-11 14:45:00+08:00,0.02289570315497253,3.507961999844864e-07,1.7643773407847437e-07,8.601456689640804e-11,0.9771037695250788,Shadowing,1,0.9771042968450274,Shadowing,Shadowing,Shadowing,Shadowing,Shadowing
2023-01-11 15:00:00+08:00,0.1980550153109021,6.535049713862818e-08,8.611987166822887e-08,7.554247291888913e-10,0.8019448324633043,Shadowing,1,0.8019449846890979,Normal,Shadowing,Shadowing,Shadowing,Shadowing
2023-01-11 15:15:00+08:00,0.5095550986763533,4.322661505187411e-09,1.5981041810738035e-08,7.562280741913973e-09,0.49044487345766274,Normal,0,0.4904449013236467,Normal,Normal,Normal,Shadowing,Shadowing
2023-01-11 15:30:00+08:00,0.43134281857679974,1.00089055642605e-08,2.077676275329809e-08,6.847036140154631e-09,0.5686571437904957,Shadowing,1,0.5686571814232002,Normal,Shadowing,Shadowing,Shadowing,Shadowing
2023-01-11 15:45:00+08:00,0.0023114043986163387,7.526224731004569e-07,9.77518747189165e-08,3.272744762296555e-11,0.9976877451943084,Shadowing,1,0.9976885956013837,Shadowing,Shadowing,Shadowing,Shadowing,Shadowing
2023-01-11 16:00:00+08:00,0.9077358758950382,4.0083957357491074e-11,1.8557363847245306e-09,2.6981659169271405e-08,0.09226409522748215,Normal,0,0.09226412410496176,Normal,Normal,Normal,Normal,Normal
2023-01-11 16:15:00+08:00,0.8926083774052727,2.2597994855315614e-11,1.235215748979733e-09,4.490734061595443e-08,0.10739157642957298,Normal,0,0.10739162259472734,Normal,Normal,Normal,Normal,Normal
2023-01-11 16:30:00+08:00,0.877547137632412,3.920747754154362e-11,9.913809252752132e-10,9.662384832611227e-08,0.12245276471315136,Normal,0,0.12245286236758801,Normal,Normal,Normal,Normal,Normal
2023-01-11 16:45:00+08:00,0.9805818860285523,2.055909338299782e-11,4.2025842934651273e-10,6.99833265458393e-08,0.019418043547303553,Normal,0,0.01941811397144766,Normal,Normal,Normal,Normal,Normal
2023-01-11 17:00:00+08:00,0.9961419322616273,6.12660325575942e-12,1.616464306874357e-10,3.384867333726123e-08,0.0038580337219263788,Normal,0,0.003858067738372717,Normal,Normal,Normal,Normal,Normal
2023-01-11 17:15:00+08:00,0.9990947567032535,2.132179900718563e-12,7.063678877212428e-11,1.5023658620004943e-08,0.0009052282003189796,Normal,0,0.0009052432967464608,Normal,Normal,Normal,Normal,Normal
2023-01-12 07:45:00+08:00,0.99952551702258,1.534513358349405e-12,5.5376290903150177e-11,1.0113335410878736e-08,0.0004744728071738537,Normal,0,0.0004744829774200321,Normal,Normal,Normal,Normal,Normal
2023-01-12 08:00:00+08:00,0.9993477721271299,1.7495387232257589e-12,6.069337651970501e-11,1.2306723457430308e-08,0.0006522155037036037,Normal,0,0.0006522278728701147,Normal,Normal,Normal,Normal,Normal
2023-01-12 08:15:00+08:00,0.9986783237357024,3.0525404791061247e-12,9.442489584253536e-11,1.8835235030274035e-08,0.001321657331585155,Normal,0,0.0013216762642975777,Normal,Normal,Normal,Normal,Normal
2023-01-12 08:30:00+08:00,0.994211725458624,8.729804555629714e-12,2.1472313562368887e-10,4.09595941527481e-08,0.005788233358328834,Normal,0,0.005788274541375982,Normal,Normal,Normal,Normal,Normal
2023-01-12 08:45:00+08:00,0.9963677291628109,5.62189587599623e-12,1.5081949722017828e-10,3.2908539069559274e-08,0.00363223777220862,Normal,0,0.003632270837189089,Normal,Normal,Normal,Normal,Normal
2023-01-12 09:00:00+08:00,0.9913095532796097,9.383509060883314e-12,2.2915759252523386e-10,4.9284364968856346e-08,0.008690397197484056,Normal,0,0.008690446720390321,Normal,Normal,Normal,Normal,Normal
2023-01-12 09:15:00+08:00,0.9755433569498626,1.9318256474651715e-11,4.080184737271137e-10,7.682579065988825e-08,0.024456565797009864,Normal,0,0.024456643050137394,Normal,Normal,Normal,Normal,Normal
2023-01-12 09:30:00+08:00,0.9868653140457656,1.3193132329642307e-11,3.0058216436228876e-10,5.9246102541685073e-08,0.013134626394356617,Normal,0,0.013134685954234393,Normal,Normal,Normal,Normal,Normal
2023-01-12 09:45:00+08:00,0.9689632772875658,2.0393522324061603e-11,4.3080603496472287e-10,8.432333512829359e-08,0.031036637937899497,Normal,0,0.031036722712434184,Normal,Normal,Normal,Normal,Normal
2023-01-12 10:00:00+08:00,0.8838372289579246,2.5357282927904394e-11,1.0998863741060685e-09,6.32653465050617e-08,0.11616270665148525,Normal,0,0.1161627710420754,Normal,Normal,Normal,Normal,Normal
2023-01-12 10:15:00+08:00,0.90594051544243,8.885521770478253e-11,1.8184594598048621e-09,3.07485968492684e-08,0.09405945190165835,Normal,0,0.09405948455756996,Normal,Normal,Normal,Normal,Normal
2023-01-12 10:30:00+08:00,0.9042608142970241,3.2298285136885344e-11,1.4033703633446496e-09,4.257573689152602e-08,0.0957391416915703,Normal,0,0.0957391857029759,Normal,Normal,Normal,Normal,Normal
2023-01-12 10:45:00+08:00,0.8851458084399546,2.7686703014299248e-11,1.1151285608615817e-09,6.544565473082134e-08,0.11485412497157532,Normal,0,0.1148541915600454,Normal,Normal,Normal,Normal,Normal
2023-01-12 11:00:00+08:00,0.9096800546932575,3.365023260242917e-11,1.7041857703405117e-09,2.7258156157502602e-08,0.09031991631075025,Normal,0,0.09031994530674248,Normal,Normal,Normal,Normal,Normal
2023-01-12 11:15:00+08:00,0.8842813187438624,1.869191523111234e-10,2.2411352829886148e-09,3.028469864572338e-08,0.11571864854338454,Normal,0,0.1157186812561376,Normal,Normal,Normal,Normal,Normal
2023-01-12 11:30:00+08:00,0.8811281162204319,3.94300746505931e-11,9.703832599835986e-10,9.702384492238881e-08,0.11887178574590981,Normal,0,0.11887188377956814,Normal,Normal,Normal,Normal,Normal
2023-01-12 11:45:00+08:00,0.9103259710591052,3.2158904650843816e-11,1.5595311096411197e-09,3.0583246851479025e-08,0.08967399676595786,Normal,0,0.08967402894089482,Normal,Normal,Normal,Normal,Normal
2023-01-12 12:00:00+08:00,0.8903376669699595,2.8341805566009835e-11,1.1863551098214094e-09,5.881513968266639e-08,0.10966227300020386,Normal,0,0.10966233303004047,Normal,Normal,Normal,Normal,Normal
2023-01-12 12:15:00+08:00,0.8553828301466243,1.4062248147856307e-10,1.478023024577037e-09,9.421267097406479e-08,0.1446170740220593,Normal,0,0.1446171698533757,Normal,Normal,Normal,Normal,Normal
2023-01-12 12:30:00+08:00,0.9101130175780264,3.204342401335637e-11,1.5357788612538573e-09,3.1539284891717535e-08,0.08988694931486643,Normal,0,0.08988698242197357,Normal,Normal,Normal,Normal,Normal
2023-01-12 12:45:00+08:00,0.9105739478288182,3.341614021187297e-11,1.5388328592334754e-09,3.2661509289352646e-08,0.0894260179374234,Normal,0,0.08942605217118182,Normal,Normal,Normal,Normal,Normal
2023-01-12 13:00:00+08:00,0.8999695560755292,3.540828963012537e-11,1.3215388703812243e-09,5.403126653454398e-08,0.10003038853625723,Normal,0,0.1000304439244708,Normal,Normal,Normal,Normal,Normal
2023-01-12 13:15:00+08:00,0.8774430444843123,3.5199919541555067e-11,1.0019073724542157e-09,8.99593880211103e-08,0.12255686451919227,Normal,0,0.12255695551568768,Normal,Normal,Normal,Normal,Normal
2023-01-12 13:30:00+08:00,0.9778341372866143,1.7106841079913672e-11,3.7243486210453454e-10,7.383297033897403e-08,0.022165788490873767,Normal,0,0.02216586271338572,Normal,Normal,Normal,Normal,Normal
2023-01-12 13:45:00+08:00,0.9579949388418383,2.9103078426961456e-11,5.763421852625787e-10,8.995805197264104e-08,0.04200497059466453,Normal,0,0.042005061158161716,Normal,Normal,Normal,Normal,Normal
2023-01-12 14:00:00+08:00,0.8842098254482673,2.9404095520729255e-11,7.819735615557604e-10,9.685772152123431e-08,0.11579007688263335,Normal,0,0.11579017455173268,Normal,Normal,Normal,Normal,Normal
2023-01-12 14:15:00+08:00,0.901297311525146,3.4300719713774844e-11,1.3450521500058303e-09,5.0380632623931584e-08,0.09870263671486842,Normal,0,0.09870268847485397,Normal,Normal,Normal,Normal,Normal
2023-01-12 14:30:00+08:00,0.901545862815589,5.320439084498545e-11,1.4352221979932861e-09,5.201696550909944e-08,0.09845408367901883,Normal,0,0.09845413718441098,Normal,Normal,Normal,Normal,Normal
2023-01-12 14:45:00+08:00,0.9014752180095507,2.9902816189546484e-11,7.530360349806473e-10,9.607342951216711e-08,0.09852468513408096,Normal,0,0.09852478199044934,Normal,Normal,Normal,Normal,Normal
2023-01-12 15:00:00+08:00,0.9578613591621989,2.5859718130062284e-11,5.250712507003315e-10,9.163043140532391e-08,0.04213854865643872,Normal,0,0.042138640837801056,Normal,Normal,Normal,Normal,Normal
2023-01-12 15:15:00+08:00,0.9323435765726856,2.9108791936251495e-11,6.806137309305565e-10,9.375955901758524e-08,0.067656328958033,Normal,0,0.06765642342731437,Normal,Normal,Normal,Normal,Normal
2023-01-12 15:30:00+08:00,0.8784500731674839,3.690104147691667e-11,9.446334567904925e-10,9.701193719503941e-08,0.12154982883904433,Normal,0,0.12154992683251609,Normal,Normal,Normal,Normal,Normal
2023-01-12 15:45:00+08:00,0.8875502743271004,3.0143968130038765e-11,1.1469298388532692e-09,6.57784446488906e-08,0.11244965871738102,Normal,0,0.11244972567289957,Normal,Normal,Normal,Normal,Normal
2023-01-12 16:00:00+08:00,0.8822009473318657,3.0294973825280586e-11,1.0759014906067442e-09,7.395576895112597e-08,0.1177989776061688,Normal,0,0.11779905266813429,Normal,Normal,Normal,Normal,Normal
2023-01-12 16:15:00+08:00,0.8935024460081978,2.9412376698272346e-11,7.633715904051206e-10,9.64551584622465e-08,0.10649745674385976,Normal,0,0.10649755399180216,Normal,Normal,Normal,Normal,Normal
2023-01-12 16:30:00+08:00,0.9864286428699636,1.3525795138328535e-11,3.0656537669771746e-10,6.009351507258467e-08,0.013571296716430198,Normal,0,0.013571357130036432,Normal,Normal,Normal,Normal,Normal
2023-01-12 16:45:00+08:00,0.9891190466623858,1.2464092571384152e-11,2.861721006655378e-10,5.4571672547746966e-08,0.010880898467305562,Normal,0,0.010880953337614185,Normal,Normal,Normal,Normal,Normal
2023-01-12 17:00:00+08:00,0.9984222417211124,3.5906068771243525e-12,1.0752792446533441e-10,2.090874695015127e-08,0.0015777372590220524,Normal,0,0.0015777582788876199,Normal,Normal,Normal,Normal,Normal
2023-01-12 17:15:00+08:00,0.9995374415755555,1.4162300211146393e-12,5.167198302008226e-11,9.93917127763821e-09,0.0004625484321850259,Normal,0,0.0004625584244445369,Normal,Normal,Normal,Normal,Normal
2023-01-13 07:45:00+08:00,0.9976856889227663,5.118034900393578e-12,1.4050564293754622e-10,2.630311062285386e-08,0.002314284628499516,Normal,0,0.0023143110772336772,Normal,Normal,Normal,Normal,Normal
2023-01-13 08:00:00+08:00,0.98369637631167,1.7879648059141667e-11,3.781010461339522e-10,6.504008875867794e-08,0.016303558252260573,Normal,0,0.01630362368833005,Normal,Normal,Normal,Normal,Normal
2023-01-13 08:15:00+08:00,0.9860425894625096,1.5252569142648727e-11,3.351301160614439e-10,6.085414748605121e-08,0.013957349332960394,Normal,0,0.013957410537490444,Normal,Normal,Normal,Normal,Normal
2023-01-13 08:30:00+08:00,0.9605581388180344,3.164423557864488e-11,5.93490243003214e-10,8.924443437622395e-08,0.03944177131239686,Normal,0,0.039441861181965576,Normal,Normal,Normal,Normal,Normal
2023-01-13 08:45:00+08:00,0.9654756711701268,2.971211859318675e-11,5.496672894979197e-10,8.750651400169195e-08,0.03452424074397977,Normal,0,0.03452432882987322,Normal,Normal,Normal,Normal,Normal
2023-01-13 09:00:00+08:00,0.9512878691814752,3.1385147664608794e-11,6.336754095741902e-10,9.118154274757462e-08,0.04871203897192153,Normal,0,0.04871213081852477,Normal,Normal,Normal,Normal,Normal
2023-01-13 09:15:00+08:00,0.8882232272310444,4.8247976400080246e-11,1.1283359820676096e-09,9.035188273778142e-08,0.11177668124048874,Normal,0,0.11177677276895559,Normal,Normal,Normal,Normal,Normal
2023-01-13 09:30:00+08:00,0.7212522103915348,2.0191866702768964e-09,5.574470605493584e-09,2.8689268886659222e-08,0.2787477533255392,Normal,0,0.27874778960846525,Normal,Shadowing,Normal,Normal,Normal
2023-01-13 09:45:00+08:00,0.8782073636180154,1.5977758837685735e-10,1.978146773190152e-09,4.091567826603825e-08,0.12179259332838192,Normal,0,0.12179263638198456,Normal,Normal,Normal,Normal,Normal
2023-01-13 10:00:00+08:00,0.9119148620614215,3.9173741430954204e-11,1.548766663501233e-09,3.7675116837848485e-08,0.08808509867552124,Normal,0,0.08808513793857853,Normal,Normal,Normal,Normal,Normal
2023-01-13 10:15:00+08:00,0.008905736952097135,2.947582293346568e-07,1.1593591938382553e-07,1.285587094271977e-10,0.9910938522251955,Shadowing,1,0.9910942630479028,Shadowing,Shadowing,Shadowing,Shadowing,Shadowing
2023-01-13 10:30:00+08:00,0.742645129890671,1.1440700735404357e-10,7.016458936794346e-09,1.9218889301755907e-08,0.25735484375957374,Normal,0,0.257354870109329,Normal,Normal,Normal,Normal,Shadowing
2023-01-13 10:45:00+08:00,0.007808097175667138,4.1417282233496053e-07,1.2584304185123014e-07,8.017923330448583e-11,0.9921913627282896,Shadowing,1,0.9921919028243329,Shadowing,Shadowing,Shadowing,Shadowing,Shadowing
2023-01-13 11:00:00+08:00,7.804832354246491e-07,6.3238415239844466e-06,3.260082679526592e-10,2.9785952021346446e-19,0.9999928953492322,Shadowing,1,0.9999992195167646,Shadowing,Shadowing,Shadowing,Shadowing,Shadowing
2023-01-13 11:15:00+08:00,8.126072866832143e-06,1.1254343006360099e-05,4.103589632682811e-09,5.945964272125049e-16,0.9999806154805366,Shadowing,1,0.9999918739271332,Shadowing,Shadowing,Shadowing,Shadowing,Shadowing
2023-01-13 11:30:00+08:00,0.2871631771753727,3.03851206553859e-08,4.581881304402272e-08,1.8814292520619e-09,0.7128367447392645,Shadowing,1,0.7128368228246273,Normal,Shadowing,Shadowing,Shadowing,Shadowing
2023-01-13 11:45:00+08:00,0.7869009436243085,1.0806636421319221e-10,5.667180913030696e-09,2.0293716109207804e-08,0.21309903030672808,Normal,0,0.2130990563756915,Normal,Normal,Normal,Normal,Shadowing
2023-01-13 12:00:00+08:00,0.7620017325348465,1.1768912445587564e-11,3.0106755273325273e-09,2.337838380268651e-08,0.23799824106432518,Normal,0,0.2379982674651535,Normal,Normal,Normal,Normal,Normal
2023-01-13 12:15:00+08:00,0.8969280259578614,2.081496441790346e-11,1.3768431084160554e-09,3.173554074223388e-08,0.10307194090893992,Normal,0,0.10307197404213864,Normal,Normal,Normal,Normal,Normal
2023-01-13 12:30:00+08:00,0.9085745998201405,3.547000892799335e-11,1.4831818507912148e-09,3.9129582589566145e-08,0.09142535953162512,Normal,0,0.09142540017985945,Normal,Normal,Normal,Normal,Normal
2023-01-13 12:45:00+08:00,0.8634679528846,2.4000905534796267e-11,7.475648291448684e-10,9.999106717051315e-08,0.13653194635276716,Normal,0,0.1365320471154,Normal,Normal,Normal,Normal,Normal
2023-01-13 13:00:00+08:00,0.8448724370954744,2.0923584013439576e-11,7.419924140379474e-10,1.0110554628786683e-07,0.15512746103606334,Normal,0,0.15512756290452556,Normal,Normal,Normal,Normal,Normal
2023-01-13 13:15:00+08:00,0.8893919098992793,1.7203937823013342e-11,1.3292817414524817e-09,3.171660415797168e-08,0.11060805703763095,Normal,0,0.1106080901007207,Normal,Normal,Normal,Normal,Normal
2023-01-13 13:30:00+08:00,0.8596120282281208,1.9225052508749023e-11,8.64763958550803e-10,7.942899172021681e-08,0.1403878914588986,Normal,0,0.14038797177187923,Normal,Normal,Normal,Normal,Normal
2023-01-13 13:45:00+08:00,0.939881026632934,1.9793462809590082e-11,4.734601995911019e-10,1.0074388747622858e-07,0.06011887212992488,Normal,0,0.06011897336706595,Normal,Normal,Normal,Normal,Normal
2023-01-13 14:00:00+08:00,0.9416192478797891,2.1948642232194697e-11,5.153222593061467e-10,9.801936025929733e-08,0.05838065356357976,Normal,0,0.05838075212021088,Normal,Normal,Normal,Normal,Normal
2023-01-13 14:15:00+08:00,0.8662562900273756,2.8378849626444197e-11,8.931805440579796e-10,9.321159827669056e-08,0.13374361583946684,Normal,0,0.1337437099726244,Normal,Normal,Normal,Normal,Normal
2023-01-13 14:30:00+08:00,0.9395948225151738,2.4398431202778833e-11,5.727766226563134e-10,9.580870498192918e-08,0.06040508107894611,Normal,0,0.06040517748482621,Normal,Normal,Normal,Normal,Normal
2023-01-13 14:45:00+08:00,0.9026944542159143,2.6296283483075803e-11,7.045349584692941e-10,9.733630109842707e-08,0.09730544771695346,Normal,0,0.09730554578408568,Normal,Normal,Normal,Normal,Normal
2023-01-13 15:00:00+08:00,0.940374847293765,2.0204860678931804e-11,4.813229749649599e-10,1.0017589223437234e-07,0.05962505202881487,Normal,0,0.05962515270623503,Normal,Normal,Normal,Normal,Normal
2023-01-13 15:15:00+08:00,0.9430294956028685,3.0908581779640037e-11,6.624241730266592e-10,9.243974522291817e-08,0.05697041126405348,Normal,0,0.05697050439713147,Normal,Normal,Normal,Normal,Normal
2023-01-13 15:30:00+08:00,0.9680233798676883,2.2318218997299106e-11,4.590962675607069e-10,8.531352582902054e-08,0.03197653433737151,Normal,0,0.03197662013231173,Normal,Normal,Normal,Normal,Normal
2023-01-13 15:45:00+08:00,0.9943551409612595,7.656675071700167e-12,1.9370330769941361e-10,4.042069249891802e-08,0.005644818416687998,Normal,0,0.005644859038740457,Normal,Normal,Normal,Normal,Normal
2023-01-13 16:00:00+08:00,0.9941508822888186,7.91195169460981e-12,1.9887303806827607e-10,4.1105630329988074e-08,0.0058490763987660834,Normal,0,0.005849117711181351,Normal,Normal,Normal,Normal,Normal
2023-01-13 16:15:00+08:00,0.9920794029795544,9.720330365081616e-12,2.348392542439906e-10,4.729620762697037e-08,0.00792054947967823,Normal,0,0.007920597020445563,Normal,Normal,Normal,Normal,Normal
2023-01-13 16:30:00+08:00,0.9933405667109285,9.459047797632679e-12,2.290798334785407e-10,4.371277782033411e-08,0.006659389337754751,Normal,0,0.006659433289071481,Normal,Normal,Normal,Normal,Normal
2023-01-13 16:45:00+08:00,0.997575405385567,6.05366045029457e-12,1.6086283686899367e-10,2.6917200031516805e-08,0.0024245675303163276,Normal,0,0.0024245946144330066,Normal,Normal,Normal,Normal,Normal
2023-01-13 17:00:00+08:00,0.998810390687435,2.6391544495290073e-12,8.370410553429615e-11,1.76936327619951e-08,0.0011895915325888435,Normal,0,0.0011896093125649543,Normal,Normal,Normal,Normal,Normal
2023-01-13 17:15:00+08:00,0.9995251058861665,1.3264443647479637e-12,4.8323420485518175e-11,1.0133770247376192e-08,0.0004748839304133867,Normal,0,0.00047489411383350166,Normal,Normal,Normal,Normal,Normal
2023-01-14 07:45:00+08:00,0.968615487457454,1.3425925032099248e-11,3.2148828616703387e-10,8.458057129194315e-08,0.03138442762706047,Normal,0,0.03138451254254604,Normal,Normal,Normal,Normal,Normal
2023-01-14 08:00:00+08:00,0.8179470925465173,1.0002886397951589e-11,6.735068022500745e-10,8.126652296750167e-08,0.18205282550345017,Normal,0,0.18205290745348268,Normal,Normal,Normal,Normal,Normal
2023-01-14 08:15:00+08:00,0.00890556054530007,2.4345451958572673e-07,1.0782515105431389e-07,1.6670215902448803e-10,0.991094088008327,Shadowing,1,0.9910944394546999,Shadowing,Shadowing,Shadowing,Shadowing,Shadowing
2023-01-14 08:30:00+08:00,0.7478026806585228,1.6371117846152422e-09,5.658533015334788e-09,2.4805170313552315e-08,0.25219728724066187,Normal,0,0.25219731934147716,Normal,Normal,Normal,Normal,Normal
2023-01-14 08:45:00+08:00,0.008553678257867825,2.3543331414415518e-07,1.0497739881497184e-07,1.7357427733492771e-10,0.991445981157845,Shadowing,1,0.9914463217421322,Shadowing,Shadowing,Shadowing,Shadowing,Shadowing
2023-01-14 09:00:00+08:00,0.0001429832373567936,3.9215313545701985e-06,3.4422453633849416e-08,2.3806407153484977e-12,0.9998530608064543,Shadowing,1,0.9998570167626432,Shadowing,Shadowing,Shadowing,Shadowing,Shadowing
2023-01-14 09:15:00+08:00,4.968240784472838e-09,7.405235646393162e-07,6.914373942429717e-13,8.368207072917223e-24,0.9999992545075032,Shadowing,1,0.9999999950317592,Shadowing,Shadowing,Shadowing,Shadowing,Shadowing
2023-01-14 09:30:00+08:00,1.8471520375846771e-10,1.0009205204373914e-07,1.6045255780755404e-14,4.977609648532325e-27,0.9999998997232167,Shadowing,1,0.9999999998152848,Shadowing,Shadowing,Shadowing,Shadowing,Shadowing
2023-01-14 09:45:00+08:00,0.7524241363703269,2.1713119748182236e-11,4.0721953082064376e-09,2.2161761273148518e-08,0.2475758373740035,Normal,0,0.2475758636296731,Normal,Normal,Normal,Normal,Normal
2023-01-14 10:00:00+08:00,0.021172882770657132,2.6391454986446994e-07,2.0315273291133643e-07,2.6232266476015256e-12,0.9788266501594368,Shadowing,1,0.9788271172293429,Shadowing,Shadowing,Shadowing,Shadowing,Shadowing
2023-01-14 10:15:00+08:00,0.004649877577732458,5.4563863824995935e-15,1.7595871041280914e-10,5.035598355222705e-11,0.9953501221959474,Shadowing,1,0.9953501224222675,Shadowing,Shadowing,Shadowing,Shadowing,Shadowing
2023-01-14 10:30:00+08:00,0.0053037446314397425,2.2317104390667063e-14,2.6474125400321455e-10,8.79853037065525e-11,0.9946962550158114,Shadowing,1,0.9946962553685602,Shadowing,Shadowing,Shadowing,Shadowing,Shadowing
2023-01-14 10:45:00+08:00,0.0017149959197388393,1.7910435105251098e-15,9.400563855483922e-11,1.4476342368477337e-11,0.9982850039717773,Shadowing,1,0.9982850040802611,Shadowing,Shadowing,Shadowing,Shadowing,Shadowing
2023-01-14 11:00:00+08:00,0.31053588034435076,2.3926033943511488e-08,3.692166207032562e-08,3.476862463990056e-09,0.6894640553310908,Shadowing,1,0.6894641196556492,Normal,Shadowing,Shadowing,Shadowing,Shadowing
2023-01-14 11:15:00+08:00,3.1477692159397835e-06,1.0598357640423562e-05,1.0141610157135355e-09,1.4306820707308399e-16,0.9999862528589825,Shadowing,1,0.999996852230784,Shadowing,Shadowing,Shadowing,Shadowing,Shadowing
2023-01-14 11:30:00+08:00,1.6850395286402006e-05,2.615870173039368e-15,6.064787555759852e-16,2.3325284259288006e-26,0.9999831496047105,Shadowing,1,0.9999831496047136,Shadowing,Shadowing,Shadowing,Shadowing,Shadowing
2023-01-14 11:45:00+08:00,0.01301549516273987,9.64293221507925e-16,2.5136042231007992e-14,7.796015083994449e-23,0.9869845048372341,Shadowing,1,0.9869845048372601,Shadowing,Shadowing,Shadowing,Shadowing,Shadowing
2023-01-14 12:00:00+08:00,3.6485270538601924e-05,5.031777509557028e-13,2.241320883815631e-13,1.2379864168816684e-22,0.9999635147287341,Shadowing,1,0.9999635147294614,Shadowing,Shadowing,Shadowing,Shadowing,Shadowing
2023-01-14 12:15:00+08:00,0.16788537438951218,1.0169259995127428e-15,5.141573166201656e-14,1.8676608945999654e-22,0.8321146256104355,Shadowing,1,0.8321146256104879,Shadowing,Shadowing,Shadowing,Shadowing,Normal
2023-01-14 12:30:00+08:00,3.818702045038419e-10,2.7551252537498647e-08,6.604329223885641e-14,4.714763707365122e-24,0.9999999720668111,Shadowing,1,0.9999999996181298,Shadowing,Shadowing,Shadowing,Shadowing,Shadowing
2023-01-14 12:45:00+08:00,0.21038166070471598,1.7325024687930795e-10,1.8101265425805012e-07,8.655705041475344e-10,0.789618157243809,Shadowing,1,0.789618339295284,Shadowing,Shadowing,Shadowing,Shadowing,Shadowing
2023-01-14 13:00:00+08:00,0.00019563886260127737,1.7759628260531935e-09,1.9043491239943218e-10,2.85791107553687e-19,0.999804359171001,Shadowing,1,0.9998043611373987,Shadowing,Shadowing,Shadowing,Shadowing,Shadowing
2023-01-14 13:15:00+08:00,7.702229328332012e-06,1.291349037522263e-06,1.3935667027633591e-09,1.9654062663776785e-16,0.9999910050280671,Shadowing,1,0.9999922977706717,Shadowing,Shadowing,Shadowing,Shadowing,Shadowing
2023-01-14 13:30:00+08:00,2.7279493034584814e-07,6.219034080682619e-09,7.79738766769277e-12,1.4557497874228432e-20,0.9999997209782381,Shadowing,1,0.9999997272050697,Shadowing,Shadowing,Shadowing,Shadowing,Shadowing
2023-01-14 13:45:00+08:00,4.548598792607433e-10,4.769421215924394e-10,5.069598078921858e-15,7.073683508116698e-26,0.9999999990681928,Shadowing,1,0.9999999995451401,Shadowing,Shadowing,Shadowing,Shadowing,Shadowing
2023-01-14 14:00:00+08:00,2.745997864727288e-06,5.249468518990883e-06,7.318149613573733e-10,9.207383932206461e-18,0.9999920038018013,Shadowing,1,0.9999972540021352,Shadowing,Shadowing,Shadowing,Shadowing,Shadowing
2023-01-14 14:15:00+08:00,0.00020728340484893102,8.619803742023205e-12,1.8325379890727805e-11,4.3840552709315517e-10,0.9997927161298004,Shadowing,1,0.9997927165951511,Shadowing,Shadowing,Shadowing,Shadowing,Shadowing
2023-01-14 14:30:00+08:00,0.001957166729982725,1.1840872425683078e-11,1.690119427976859e-10,9.050514414868279e-10,0.9980428321841129,Shadowing,1,0.9980428332700173,Shadowing,Shadowing,Shadowing,Shadowing,Shadowing
2023-01-14 14:45:00+08:00,0.22278274194853553,1.0116895930189736e-10,5.592090958181458e-08,1.4432694215294455e-08,0.7772171875966917,Shadowing,1,0.7772172580514645,Shadowing,Shadowing,Shadowing,Shadowing,Shadowing
2023-01-14 15:00:00+08:00,0.0008070345968854631,3.146702524815726e-11,7.521736938727377e-11,1.2437100850766467e-09,0.99919296405272,Shadowing,1,0.9991929654031145,Shadowing,Shadowing,Shadowing,Shadowing,Shadowing
2023-01-14 15:15:00+08:00,0.0004148249406866868,5.415403995224493e-12,2.2516356251855258e-11,2.713294526240721e-10,0.999585174760052,Shadowing,1,0.9995851750593133,Shadowing,Shadowing,Shadowing,Shadowing,Shadowing
2023-01-14 15:30:00+08:00,0.008916062899144223,1.9295209679894817e-11,1.1735280821089568e-08,2.2194451003414477e-10,0.9910839251243353,Shadowing,1,0.9910839371008557,Shadowing,Shadowing,Shadowing,Shadowing,Shadowing
2023-01-14 15:45:00+08:00,0.08386255605863155,8.171840477208667e-12,2.036186020096891e-08,1.6902149348411123e-09,0.9161374218811215,Shadowing,1,0.9161374439413684,Shadowing,Shadowing,Shadowing,Shadowing,Shadowing
2023-01-14 16:00:00+08:00,5.321268718482526e-06,1.153709441223195e-05,1.584942423687027e-09,9.323566873396575e-16,0.9999831400519259,Shadowing,1,0.9999946787312816,Shadowing,Shadowing,Shadowing,Shadowing,Shadowing
2023-01-14 16:15:00+08:00,1.0478218330354414e-06,6.4099613901639106e-06,1.4773219181319722e-10,7.3272630153825e-17,0.9999925420690445,Shadowing,1,0.9999989521781669,Shadowing,Shadowing,Shadowing,Shadowing,Shadowing
2023-01-14 16:30:00+08:00,1.3958831385258205e-05,8.700105908004464e-06,3.984512051401584e-09,2.887554621129366e-13,0.999977337077906,Shadowing,1,0.9999860411686148,Shadowing,Shadowing,Shadowing,Shadowing,Shadowing
2023-01-14 16:45:00+08:00,0.1646916888699807,3.232154223768857e-08,6.954078314679603e-08,7.084554148066384e-09,0.8353082021831397,Shadowing,1,0.8353083111300192,Normal,Shadowing,Shadowing,Shadowing,Shadowing
2023-01-14 17:00:00+08:00,0.8792592322277575,3.231020033506723e-11,8.48357650385185e-10,9.721053492664856e-08,0.12074066968103973,Normal,0,0.12074076777224252,Normal,Normal,Normal,Normal,Normal
2023-01-14 17:15:00+08:00,0.9800503041566625,1.505912415084058e-11,3.379161946282409e-10,7.069666354476521e-08,0.019949624793698734,Normal,0,0.0199496958433375,Normal,Normal,Normal,Normal,Normal
2023-01-15 07:45:00+08:00,0.9976576901070413,4.6197563215645186e-12,1.287709170850275e-10,2.6618448823413564e-08,0.002342283141119307,Normal,0,0.002342309892958694,Normal,Normal,Normal,Normal,Normal
2023-01-15 08:00:00+08:00,0.99787147333924,3.777996409129717e-12,1.0966893605073007e-10,2.517838515179744e-08,0.0021285013689280015,Normal,0,0.0021285266607600217,Normal,Normal,Normal,Normal,Normal
2023-01-15 08:15:00+08:00,0.9572027617443851,1.8248842656456385e-11,4.1154601303602525e-10,9.454324469951705e-08,0.04279714328257549,Normal,0,0.04279723825561488,Normal,Normal,Normal,Normal,Normal
2023-01-15 08:30:00+08:00,0.7015512110858857,2.314238294147624e-09,5.911249071219054e-09,2.926244156856827e-08,0.29844875142618543,Normal,0,0.2984487889141143,Normal,Shadowing,Normal,Normal,Normal
2023-01-15 08:45:00+08:00,0.15474842449787377,4.426583298790313e-08,8.164797583442841e-08,2.3524726380222538e-09,0.8452514472358448,Shadowing,1,0.8452515755021263,Normal,Shadowing,Shadowing,Shadowing,Shadowing
2023-01-15 09:00:00+08:00,0.3325974696812558,1.570039674631028e-08,2.502233006826949e-08,8.210317553385523e-09,0.6674024813856999,Shadowing,1,0.6674025303187442,Normal,Shadowing,Shadowing,Shadowing,Shadowing
2023-01-15 09:15:00+08:00,0.42859676831047977,9.880299187991767e-09,1.785331778795863e-08,1.082680873864695e-08,0.5714031931290945,Shadowing,1,0.5714032316895202,Normal,Shadowing,Shadowing,Shadowing,Shadowing
2023-01-15 09:30:00+08:00,0.44008231609185755,9.856641692420543e-09,1.8932552207124068e-08,9.392365414877743e-09,0.5599176457265831,Shadowing,1,0.5599176839081424,Normal,Shadowing,Shadowing,Shadowing,Shadowing
2023-01-15 09:45:00+08:00,0.23094529927355154,4.9310048369513264e-08,6.581554312633526e-08,1.1896170655580805e-09,0.7690545844112399,Shadowing,1,0.7690547007264484,Normal,Shadowing,Shadowing,Shadowing,Shadowing
2023-01-15 10:00:00+08:00,0.004905466269279122,8.694095211856895e-07,1.6904324343421198e-07,8.601987941517345e-12,0.9950934952693544,Shadowing,1,0.9950945337307209,Shadowing,Shadowing,Shadowing,Shadowing,Shadowing
2023-01-15 10:15:00+08:00,0.0022003128512059827,1.2535397165990664e-06,1.643445279133811e-07,5.078957415181662e-13,0.9977982692640417,Shadowing,1,0.997799687148794,Shadowing,Shadowing,Shadowing,Shadowing,Shadowing
2023-01-15 10:30:00+08:00,1.5207925210212606e-08,1.9143422767955305e-06,2.3216855962394203e-12,2.71262877362141e-21,0.9999980704474762,Shadowing,1,0.9999999847920747,Shadowing,Shadowing,Shadowing,Shadowing,Shadowing
2023-01-15 10:45:00+08:00,0.00019896125408375848,4.602759477139412e-09,3.459990086906062e-10,5.830537839488312e-19,0.9998010337971579,Shadowing,1,0.9998010387459162,Shadowing,Shadowing,Shadowing,Shadowing,Shadowing
2023-01-15 11:00:00+08:00,0.16102505420503516,1.1566402574782575e-12,1.925399206928377e-09,1.0073648674956728e-18,0.838974943868409,Shadowing,1,0.8389749457949649,Shadowing,Shadowing,Shadowing,Normal,Shadowing
2023-01-15 11:15:00+08:00,0.20932214125224852,1.0523911245138474e-11,2.3058998552874575e-08,4.047409404461335e-18,0.790677835678229,Shadowing,1,0.7906778587477514,Shadowing,Shadowing,Shadowing,Normal,Shadowing
2023-01-15 11:30:00+08:00,4.816586646852328e-08,2.4889407207530554e-06,1.2594703560356802e-11,1.803738361909371e-20,0.9999974628808183,Shadowing,1,0.9999999518341335,Shadowing,Shadowing,Shadowing,Shadowing,Shadowing
2023-01-15 11:45:00+08:00,0.00032182957942780124,3.7354555886347825e-06,7.124984484435065e-08,2.4465002225690075e-13,0.9996743637148942,Shadowing,1,0.9996781704205722,Shadowing,Shadowing,Shadowing,Shadowing,Shadowing
2023-01-15 12:00:00+08:00,0.031359676168672,1.4081271091125404e-07,1.3122222283002844e-07,3.60578131245785e-10,0.968640051435816,Shadowing,1,0.968640323831328,Shadowing,Shadowing,Shadowing,Shadowing,Shadowing
2023-01-15 12:15:00+08:00,0.8672074442824588,1.0341348699597798e-11,1.0771023277712435e-09,3.755147062999975e-08,0.13279251707862683,Normal,0,0.13279255571754123,Normal,Normal,Normal,Normal,Normal
2023-01-15 12:30:00+08:00,0.5983680837561408,8.225476345826946e-10,1.3910233780223002e-08,9.589770502087127e-09,0.4016318919213072,Normal,0,0.4016319162438592,Normal,Normal,Normal,Shadowing,Shadowing
2023-01-15 12:45:00+08:00,0.023336464838233394,2.1725444743167613e-07,1.419409366784945e-07,1.9936913107041502e-10,0.9766631757670133,Shadowing,1,0.9766635351617666,Shadowing,Shadowing,Shadowing,Shadowing,Shadowing
2023-01-15 13:00:00+08:00,0.07735974253380226,1.0270592802451321e-07,1.3588403813742512e-07,5.631854873780238e-10,0.922640018313046,Shadowing,1,0.9226402574661977,Shadowing,Shadowing,Shadowing,Shadowing,Shadowing
2023-01-15 13:15:00+08:00,0.07961210445286893,1.3416356103788332e-07,1.4923794791797574e-07,3.8867916779531724e-10,0.920387611756943,Shadowing,1,0.9203878955471311,Shadowing,Shadowing,Shadowing,Shadowing,Shadowing
2023-01-15 13:30:00+08:00,0.08375024784325871,9.54325341195246e-08,1.321652414361434e-07,6.277039017242481e-10,0.9162495239312619,Shadowing,1,0.9162497521567413,Shadowing,Shadowing,Shadowing,Shadowing,Shadowing
2023-01-15 13:45:00+08:00,0.015221907910396995,2.2899728974545889e-07,1.271414575232201e-07,1.8391448341032268e-10,0.9847777357669412,Shadowing,1,0.984778092089603,Shadowing,Shadowing,Shadowing,Shadowing,Shadowing
2023-01-15 14:00:00+08:00,0.000993688967690573,1.5883180455839352e-06,9.616281461887639e-08,7.190823213428937e-12,0.9990046265442585,Shadowing,1,0.9990063110323094,Shadowing,Shadowing,Shadowing,Shadowing,Shadowing
2023-01-15 14:15:00+08:00,5.6133501035400946e-05,9.669284302815822e-06,1.7673524727766854e-08,3.5737475421094763e-13,0.9999341795407798,Shadowing,1,0.9999438664989646,Shadowing,Shadowing,Shadowing,Shadowing,Shadowing
2023-01-15 14:30:00+08:00,0.07331674491728252,1.6716424261572615e-07,1.6455234052030888e-07,2.623512625423039e-10,0.926682923103783,Shadowing,1,0.9266832550827175,Shadowing,Shadowing,Shadowing,Shadowing,Shadowing
2023-01-15 14:45:00+08:00,0.00011345721071390144,3.908304655111033e-06,2.6438136265059703e-08,2.694830067665919e-12,0.9998826080437999,Shadowing,1,0.9998865427892861,Shadowing,Shadowing,Shadowing,Shadowing,Shadowing
2023-01-15 15:00:00+08:00,0.848122225665778,4.471368418391977e-10,3.3457832477984503e-09,2.633304011570888e-08,0.15187774420826186,Normal,0,0.151877774334222,Normal,Normal,Normal,Normal,Normal
2023-01-15 15:15:00+08:00,0.6624449461366655,2.851268542169932e-09,8.077522597382873e-09,2.0194302709277622e-08,0.33755502274024063,Normal,0,0.3375550538633345,Normal,Normal,Normal,Normal,Shadowing
2023-01-15 15:30:00+08:00,0.45931957181817945,8.326673494720722e-09,1.56269239003112e-08,1.221756991232436e-08,0.5406803920106532,Shadowing,1,0.5406804281818205,Normal,Shadowing,Shadowing,Shadowing,Shadowing
2023-01-15 15:45:00+08:00,0.6370636542390014,3.417149537107602e-09,7.715596012855971e-09,2.678869364039093e-08,0.36293630783955944,Normal,0,0.36293634576099865,Normal,Shadowing,Shadowing,Normal,Normal
2023-01-15 16:00:00+08:00,0.6346224733422031,3.468979903248946e-09,7.53973918439935e-09,2.8462292421487933e-08,0.3653774871867854,Normal,0,0.3653775266577969,Normal,Shadowing,Shadowing,Normal,Normal
2023-01-15 16:15:00+08:00,0.33092035066382386,1.545434494803377e-08,2.4380356170306133e-08,9.210213850468582e-09,0.6690796002912613,Shadowing,1,0.6690796493361761,Normal,Shadowing,Shadowing,Shadowing,Shadowing
2023-01-15 16:30:00+08:00,0.3793482622407275,1.0450313100242084e-08,1.574851073643499e-08,2.3572755811701436e-08,0.6206516879876929,Shadowing,1,0.6206517377592725,Normal,Shadowing,Shadowing,Shadowing,Shadowing
2023-01-15 16:45:00+08:00,0.9201300264082178,2.9991004350003054e-11,7.171104881415117e-10,9.488149805591171e-08,0.07986987796318264,Normal,0,0.07986997359178216,Normal,Normal,Normal,Normal,Normal
2023-01-15 17:00:00+08:00,0.9904360117488483,1.2255240027630704e-11,2.8147003153735993e-10,5.154902095701859e-08,0.009563936408405492,Normal,0,0.009563988251151678,Normal,Normal,Normal,Normal,Normal
2023-01-15 17:15:00+08:00,0.9985721216014035,3.406652019273228e-12,1.0337925515486128e-10,1.970562830688922e-08,0.001427858586182317,Normal,0,0.0014278783985964827,Normal,Normal,Normal,Normal,Normal
2023-01-16 07:45:00+08:00,0.9977841857993639,5.120886705355675e-12,1.4120185931339868e-10,2.5571084724664044e-08,0.0022157884832286795,Normal,0,0.0022158142006361015,Normal,Normal,Normal,Normal,Normal
2023-01-16 08:00:00+08:00,0.9894946594384905,1.3979827910558213e-11,3.1133728082821243e-10,5.3773946242378284e-08,0.010505286462246176,Normal,0,0.010505340561509535,Normal,Normal,Normal,Normal,Normal
2023-01-16 08:15:00+08:00,0.9055090544203894,4.202453877640962e-11,8.66637973403308e-10,9.616061326811594e-08,0.09449084851033476,Normal,0,0.09449094557961057,Normal,Normal,Normal,Normal,Normal
2023-01-16 08:30:00+08:00,0.8970975474723156,5.648454684655732e-11,1.3923066473699206e-09,5.831947495975218e-08,0.10290239275941829,Normal,0,0.10290245252768437,Normal,Normal,Normal,Normal,Normal
2023-01-16 08:45:00+08:00,0.910179661474978,8.160840109784339e-11,1.8939357519092396e-09,2.83450506476475e-08,0.08982030820442724,Normal,0,0.08982033852502203,Normal,Normal,Normal,Normal,Normal
2023-01-16 09:00:00+08:00,0.8899104122779278,1.1955276083522573e-10,1.8485704795586994e-09,3.884995466826925e-08,0.11008954690399442,Normal,0,0.11008958772207222,Normal,Normal,Normal,Normal,Normal
2023-01-16 09:15:00+08:00,0.8889104701412501,1.6361268751049332e-10,2.159753037465653e-09,3.0200141256744674e-08,0.11108949733524298,Normal,0,0.11108952985874987,Normal,Normal,Normal,Normal,Normal
2023-01-16 09:30:00+08:00,0.8372520621764551,5.633231275730909e-10,3.082819205700915e-09,2.9007600248268625e-08,0.16274790516980234,Normal,0,0.1627479378235449,Normal,Normal,Normal,Normal,Normal
2023-01-16 09:45:00+08:00,0.7832058632928159,1.1509024638400336e-09,4.153052035181382e-09,2.8321050238416817e-08,0.21679410308217922,Normal,0,0.21679413670718406,Normal,Normal,Normal,Normal,Normal
2023-01-16 10:00:00+08:00,0.452136800432995,8.567374509710235e-09,1.584061446320742e-08,1.2131515896726895e-08,0.5478631630275002,Shadowing,1,0.547863199567005,Normal,Shadowing,Shadowing,Shadowing,Shadowing
2023-01-16 10:15:00+08:00,0.4034725418820925,1.2052662256170668e-08,2.1570695226232455e-08,8.583649461598145e-09,0.5965274159109005,Shadowing,1,0.5965274581179075,Normal,Shadowing,Shadowing,Shadowing,Shadowing
2023-01-16 10:30:00+08:00,0.27052332574202675,2.685735168299989e-08,4.118272552858893e-08,4.3126527701450065e-09,0.7294766019052432,Shadowing,1,0.7294766742579732,Normal,Shadowing,Shadowing,Shadowing,Shadowing
2023-01-16 10:45:00+08:00,0.1271449996985067,6.350997847898092e-08,1.041886300884017e-07,1.2601794466556252e-09,0.8728548313427054,Shadowing,1,0.8728550003014933,Normal,Shadowing,Shadowing,Shadowing,Shadowing
2023-01-16 11:00:00+08:00,0.010547770517751777,3.4236165295376536e-07,1.30478671752974e-07,1.0512966030320411e-10,0.9894517565367937,Shadowing,1,0.9894522294822482,Shadowing,Shadowing,Shadowing,Shadowing,Shadowing
2023-01-16 11:15:00+08:00,0.003473544653835696,8.640085632608812e-07,1.3261889361083012e-07,2.24228685562797e-11,0.9965254586962844,Shadowing,1,0.9965264553461644,Shadowing,Shadowing,Shadowing,Shadowing,Shadowing
2023-01-16 11:30:00+08:00,0.040469821249524945,2.685347983435816e-07,1.8543360043666708e-07,1.2184405927091247e-10,0.9595297246602321,Shadowing,1,0.9595301787504751,Shadowing,Shadowing,Shadowing,Shadowing,Shadowing
2023-01-16 11:45:00+08:00,0.0341826552695219,2.8829719434308047e-07,1.8234129247512958e-07,1.1275758556513667e-10,0.9658168739792338,Shadowing,1,0.9658173447304781,Shadowing,Shadowing,Shadowing,Shadowing,Shadowing
2023-01-16 12:00:00+08:00,0.1382599300570108,1.1099859249739646e-07,1.3139413675462108e-07,4.010145478650547e-10,0.8617398271492455,Shadowing,1,0.8617400699429892,Normal,Shadowing,Shadowing,Shadowing,Shadowing
2023-01-16 12:15:00+08:00,0.03800236356549032,2.565934834219883e-07,1.7547374443404514e-07,1.4316674862278748e-10,0.9619972042241149,Shadowing,1,0.9619976364345096,Shadowing,Shadowing,Shadowing,Shadowing,Shadowing
2023-01-16 12:30:00+08:00,0.008964844514422159,6.102525887313182e-07,1.692812118910858e-07,2.9120654136532327e-11,0.9910343759226568,Shadowing,1,0.9910351554855779,Shadowing,Shadowing,Shadowing,Shadowing,Shadowing
2023-01-16 12:45:00+08:00,0.0016670538868363005,1.3578244861925141e-06,1.2088697063794799e-07,6.465519243300622e-12,0.9983314673952414,Shadowing,1,0.9983329461131637,Shadowing,Shadowing,Shadowing,Shadowing,Shadowing
2023-01-16 13:00:00+08:00,0.000769048078852763,1.965137128790756e-06,9.062985589942339e-08,3.716613078089961e-12,0.9992288961504461,Shadowing,1,0.9992309519211472,Shadowing,Shadowing,Shadowing,Shadowing,Shadowing
2023-01-16 13:15:00+08:00,0.0008989911671855538,1.8775732158383843e-06,9.803408781083056e-08,3.521220406786876e-12,0.9990990332219895,Shadowing,1,0.9991010088328145,Shadowing,Shadowing,Shadowing,Shadowing,Shadowing
2023-01-16 13:30:00+08:00,0.002960065619182868,9.410770973433518e-07,1.3004385628101438e-07,1.8252473136544475e-11,0.9970388632416111,Shadowing,1,0.9970399343808172,Shadowing,Shadowing,Shadowing,Shadowing,Shadowing
2023-01-16 13:45:00+08:00,0.0017047342618589875,1.093255092146744e-06,1.051044969857431e-07,1.8426882667636088e-11,0.9982940673601248,Shadowing,1,0.998295265738141,Shadowing,Shadowing,Shadowing,Shadowing,Shadowing
2023-01-16 14:00:00+08:00,0.19357433218740844,5.111345203826172e-08,7.314083599478862e-08,1.7100057322611662e-09,0.8064255418482977,Shadowing,1,0.8064256678125916,Normal,Shadowing,Shadowing,Shadowing,Shadowing
2023-01-16 14:15:00+08:00,0.2335432516079552,3.774386273267059e-08,5.3608602716423616e-08,2.711899914758275e-09,0.7664566543276795,Shadowing,1,0.7664567483920448,Normal,Shadowing,Shadowing,Shadowing,Shadowing
2023-01-16 14:30:00+08:00,0.1378199536612123,7.40276590577338e-08,1.0805545302657187e-07,9.451327359926487e-10,0.8621798633105427,Shadowing,1,0.8621800463387876,Normal,Shadowing,Shadowing,Shadowing,Shadowing
2023-01-16 14:45:00+08:00,0.21434455806802116,4.4427303365643773e-08,6.209850821961049e-08,2.1110868960116894e-09,0.7856553332950804,Shadowing,1,0.7856554419319788,Normal,Shadowing,Shadowing,Shadowing,Shadowing
2023-01-16 15:00:00+08:00,0.21378762898939502,4.576996889912843e-08,6.310486481864341e-08,1.992542032388831e-09,0.7862122601432292,Shadowing,1,0.786212371010605,Normal,Shadowing,Shadowing,Shadowing,Shadowing
2023-01-16 15:15:00+08:00,0.5971979388853575,4.1687504996774e-09,1.0909247070675059e-08,1.5799369472781237e-08,0.4028020302372754,Normal,0,0.40280206111464245,Normal,Normal,Normal,Normal,Shadowing
2023-01-16 15:30:00+08:00,0.7934382376007313,1.035801513277962e-09,4.560320163313249e-09,2.597637774990617e-08,0.20656173082676918,Normal,0,0.2065617623992687,Normal,Normal,Normal,Normal,Normal
2023-01-16 15:45:00+08:00,0.7554491351902574,1.531593103682801e-09,5.417263291964024e-09,2.531457668373184e-08,0.24455083254630958,Normal,0,0.24455086480974264,Normal,Normal,Normal,Normal,Normal
2023-01-16 16:00:00+08:00,0.7653383216443882,1.4052121425487227e-09,5.031125825191904e-09,2.6310461934590978e-08,0.23466164560881184,Normal,0,0.2346616783556118,Normal,Normal,Normal,Normal,Normal
2023-01-16 16:15:00+08:00,0.8505986912387107,4.378483841428024e-10,3.1042872818771786e-09,2.7038339684283993e-08,0.14940127818081397,Normal,0,0.14940130876128932,Normal,Normal,Normal,Normal,Normal
2023-01-16 16:30:00+08:00,0.9082492597778613,8.707384698974983e-11,1.8931086592013175e-09,2.884917046105914e-08,0.09175070939278586,Normal,0,0.0917507402221387,Normal,Normal,Normal,Normal,Normal
2023-01-16 16:45:00+08:00,0.8816687640164614,3.313193077669954e-11,1.0608385047487235e-09,7.986917060895604e-08,0.11833115502039737,Normal,0,0.11833123598353856,Normal,Normal,Normal,Normal,Normal
2023-01-16 17:00:00+08:00,0.9799341835571195,1.6885044895629855e-11,3.668454262306809e-10,7.089338073789269e-08,0.020065745165769394,Normal,0,0.020065816442880524,Normal,Normal,Normal,Normal,Normal
2023-01-16 17:15:00+08:00,0.9961155896338759,6.4561243583279436e-12,1.68525808091859e-10,3.39489997939597e-08,0.003884376242142227,Normal,0,0.0038844103661240803,Normal,Normal,Normal,Normal,Normal
2023-01-17 07:45:00+08:00,0.9785349030874558,2.102621486371812e-11,4.291761669786777e-10,7.290386500805862e-08,0.021465023558476768,Normal,0,0.021465096912544168,Normal,Normal,Normal,Normal,Normal
2023-01-17 08:00:00+08:00,0.9004636714093041,4.3053932809886054e-11,1.3384461387179704e-09,5.867799214874976e-08,0.09953626853120379,Normal,0,0.09953632859069594,Normal,Normal,Normal,Normal,Normal
2023-01-17 08:15:00+08:00,0.6405221747897462,3.2397373790743127e-09,8.524984681895933e-09,2.0443645449374984e-08,0.35947779300188637,Normal,0,0.35947782521025384,Normal,Normal,Normal,Normal,Shadowing
2023-01-17 08:30:00+08:00,0.18822697758745213,5.309549336161237e-08,7.631500067880857e-08,1.6110435690786106e-09,0.8117728913910103,Shadowing,1,0.8117730224125479,Normal,Shadowing,Shadowing,Shadowing,Shadowing
2023-01-17 08:45:00+08:00,6.515879199426874e-05,9.339438607968524e-06,2.1431050038471113e-08,3.277352461198203e-13,0.99992548033802,Shadowing,1,0.9999348412080057,Shadowing,Shadowing,Shadowing,Shadowing,Shadowing
2023-01-17 09:00:00+08:00,4.340721201580569e-06,1.0037676324830718e-05,2.1737623006150485e-09,7.79334683609661e-17,0.9999856194287112,Shadowing,1,0.9999956592787984,Shadowing,Shadowing,Shadowing,Shadowing,Shadowing
2023-01-17 09:15:00+08:00,1.3430335814697153e-08,1.4290520884439383e-06,2.5416719551905756e-12,3.198643267220342e-22,0.9999985575150341,Shadowing,1,0.9999999865696642,Shadowing,Shadowing,Shadowing,Shadowing,Shadowing
2023-01-17 09:30:00+08:00,3.7565429490985207e-06,5.2721505643213846e-06,1.7376974749762975e-09,3.8380611888140495e-17,0.999990969568789,Shadowing,1,0.9999962434570508,Shadowing,Shadowing,Shadowing,Shadowing,Shadowing
2023-01-17 09:45:00+08:00,0.0008629961857985933,2.9152101936195535e-09,6.831594460828017e-10,8.126649807280931e-19,0.9991370002158317,Shadowing,1,0.9991370038142015,Shadowing,Shadowing,Shadowing,Shadowing,Shadowing
2023-01-17 10:00:00+08:00,0.0007542118871291941,4.843974243339529e-10,3.339652156763103e-10,4.1171453904159325e-19,0.9992457872945082,Shadowing,1,0.9992457881128708,Shadowing,Shadowing,Shadowing,Shadowing,Shadowing
2023-01-17 10:15:00+08:00,0.23902169416223895,6.639038760506352e-10,2.562942085979189e-07,1.4298973544485963e-09,0.7609780474497512,Shadowing,1,0.760978305837761,Shadowing,Shadowing,Shadowing,Shadowing,Shadowing
2023-01-17 10:30:00+08:00,0.0033436478820138365,4.203068083686472e-07,1.1238058883282243e-06,1.894281720454636e-10,0.9966548078158614,Shadowing,1,0.9966563521179862,Shadowing,Shadowing,Shadowing,Shadowing,Shadowing
2023-01-17 10:45:00+08:00,0.00172790520600706,2.6792177804696816e-07,3.264806953824571e-07,1.4507877210163017e-09,0.9982714989407319,Shadowing,1,0.9982720947939929,Shadowing,Shadowing,Shadowing,Shadowing,Shadowing
2023-01-17 11:00:00+08:00,0.0005011382690504977,5.27045942365706e-07,5.428934849928917e-08,1.2247070534986668e-13,0.9994982803955363,Shadowing,1,0.9994988617309495,Shadowing,Shadowing,Shadowing,Shadowing,Shadowing
2023-01-17 11:15:00+08:00,2.942475104087097e-05,3.776330734342666e-06,1.0755582546735238e-08,2.3671533793361763e-15,0.99996678816264,Shadowing,1,0.9999705752489592,Shadowing,Shadowing,Shadowing,Shadowing,Shadowing
2023-01-17 11:30:00+08:00,3.653721620849742e-06,6.442321223364553e-06,1.2930637527327868e-09,1.658242574257569e-17,0.9999899026640919,Shadowing,1,0.9999963462783792,Shadowing,Shadowing,Shadowing,Shadowing,Shadowing
2023-01-17 11:45:00+08:00,1.1246253291383608e-06,6.303839623038903e-06,4.2885953587470126e-10,7.556173215687114e-19,0.9999925711061882,Shadowing,1,0.9999988753746709,Shadowing,Shadowing,Shadowing,Shadowing,Shadowing
2023-01-17 12:00:00+08:00,5.2831330287257127e-08,2.1624782341964753e-06,1.3587830446720208e-11,3.1036342353536778e-21,0.9999977846768477,Shadowing,1,0.9999999471686697,Shadowing,Shadowing,Shadowing,Shadowing,Shadowing
2023-01-17 12:15:00+08:00,3.93164350750903e-08,2.2715970906944377e-06,1.057528072011223e-11,1.212729307399716e-20,0.9999976890758988,Shadowing,1,0.9999999606835649,Shadowing,Shadowing,Shadowing,Shadowing,Shadowing
2023-01-17 12:30:00+08:00,1.3557686111915093e-07,3.101210107741996e-06,4.1621266183861365e-11,2.385470681200276e-20,0.99999676317141,Shadowing,1,0.9999998644231389,Shadowing,Shadowing,Shadowing,Shadowing,Shadowing
2023-01-17 12:45:00+08:00,1.3788353805620926e-06,6.992542305809869e-06,5.786081234366344e-10,1.1499793321331631e-18,0.9999916280437053,Shadowing,1,0.9999986211646195,Shadowing,Shadowing,Shadowing,Shadowing,Shadowing
2023-01-17 13:00:00+08:00,7.306569779213951e-07,5.607407011737651e-06,2.9342895731859707e-10,3.0864564708884674e-19,0.9999936616425813,Shadowing,1,0.9999992693430221,Shadowing,Shadowing,Shadowing,Shadowing,Shadowing
2023-01-17 13:15:00+08:00,8.854441505443542e-07,5.840866582733293e-06,3.616193809295068e-10,4.581427944320474e-19,0.9999932733276473,Shadowing,1,0.9999991145558494,Shadowing,Shadowing,Shadowing,Shadowing,Shadowing
2023-01-17 13:30:00+08:00,3.7377521369859117e-06,6.445304182843377e-06,1.3257536049386467e-09,1.7557389925298463e-17,0.9999898156179265,Shadowing,1,0.999996262247863,Shadowing,Shadowing,Shadowing,Shadowing,Shadowing
2023-01-17 13:45:00+08:00,7.307464922086941e-06,7.234307686941141e-06,3.3839880537245807e-09,8.246903061612866e-17,0.9999854548434028,Shadowing,1,0.9999926925350779,Shadowing,Shadowing,Shadowing,Shadowing,Shadowing
2023-01-17 14:00:00+08:00,4.905112701723583e-06,7.41256929012155e-06,2.273948017206712e-09,2.968895812499388e-17,0.9999876800440599,Shadowing,1,0.9999950948872983,Shadowing,Shadowing,Shadowing,Shadowing,Shadowing
2023-01-17 14:15:00+08:00,2.8645969958748995e-05,8.370273157524055e-06,1.5910167757044225e-08,1.5753368180418692e-15,0.9999629678467145,Shadowing,1,0.9999713540300412,Shadowing,Shadowing,Shadowing,Shadowing,Shadowing
2023-01-17 14:30:00+08:00,0.004668115691864054,9.270447709492482e-07,1.7818637394161189e-07,5.280081717917012e-12,0.995330779071711,Shadowing,1,0.9953318843081359,Shadowing,Shadowing,Shadowing,Shadowing,Shadowing
2023-01-17 14:45:00+08:00,0.0005399817916313869,2.7987409490851617e-06,8.732822581728353e-08,6.064363255910632e-13,0.9994571321385873,Shadowing,1,0.9994600182083686,Shadowing,Shadowing,Shadowing,Shadowing,Shadowing
2023-01-17 15:00:00+08:00,0.00023548120979210654,4.42966054616543e-06,6.436177979111728e-08,7.77190121470114e-14,0.9997600247678042,Shadowing,1,0.9997645187902079,Shadowing,Shadowing,Shadowing,Shadowing,Shadowing
2023-01-17 15:15:00+08:00,0.0004033129008644919,3.3397644306528105e-06,7.542082900621023e-08,5.927155552994824e-13,0.9995932719132832,Shadowing,1,0.9995966870991355,Shadowing,Shadowing,Shadowing,Shadowing,Shadowing
2023-01-17 15:30:00+08:00,0.01031356358597376,4.83484688705206e-07,1.525370003475806e-07,5.74240681463665e-11,0.989685800334913,Shadowing,1,0.9896864364140262,Shadowing,Shadowing,Shadowing,Shadowing,Shadowing
2023-01-17 15:45:00+08:00,0.08235117343216575,1.1258972825905687e-07,1.403133216621381e-07,4.96630945222645e-10,0.9176485731681533,Shadowing,1,0.9176488265678342,Shadowing,Shadowing,Shadowing,Shadowing,Shadowing
2023-01-17 16:00:00+08:00,0.12092876197100573,7.074278825336692e-08,1.1060769010486609e-07,1.0431114780873439e-09,0.8790710556354044,Shadowing,1,0.8790712380289942,Shadowing,Shadowing,Shadowing,Shadowing,Shadowing
2023-01-17 16:15:00+08:00,0.010263440350099087,4.4654618187410063e-07,1.4476987199471404e-07,6.916981494196352e-11,0.9897359682646772,Shadowing,1,0.9897365596499009,Shadowing,Shadowing,Shadowing,Shadowing,Shadowing
2023-01-17 16:30:00+08:00,0.2882617592709053,2.4578641359813325e-08,3.794228332879551e-08,4.508483500478558e-09,0.7117381736996864,Shadowing,1,0.7117382407290946,Normal,Shadowing,Shadowing,Shadowing,Shadowing
2023-01-17 16:45:00+08:00,0.9084661327518522,4.750770033783273e-11,1.5140888219892397e-09,4.244975699208465e-08,0.09153382323679427,Normal,0,0.09153386724814783,Normal,Normal,Normal,Normal,Normal
2023-01-17 17:00:00+08:00,0.8890977578403284,3.2559120677102925e-11,8.096370082883884e-10,9.677771480320416e-08,0.11090214453976066,Normal,0,0.1109022421596716,Normal,Normal,Normal,Normal,Normal
2023-01-17 17:15:00+08:00,0.9819256338568362,1.6303006256207225e-11,3.5577961248299685e-10,6.788875924286107e-08,0.01807429788232196,Normal,0,0.018074366143163823,Normal,Normal,Normal,Normal,Normal
2023-01-18 07:45:00+08:00,0.8379742908023479,8.61632454295788e-11,3.9722519543810265e-09,2.1738634279573954e-08,0.1620256834006027,Normal,0,0.16202570919765213,Normal,Normal,Normal,Normal,Normal
2023-01-18 08:00:00+08:00,0.7361129520617186,1.1345338941349254e-10,7.202273386493559e-09,1.9085860387719106e-08,0.2638870215366943,Normal,0,0.26388704793828144,Normal,Normal,Normal,Normal,Shadowing
2023-01-18 08:15:00+08:00,0.45651983758080616,2.9044936859206135e-09,3.0237968372621565e-08,2.1323276149454574e-09,0.5434801271444042,Shadowing,1,0.5434801624191938,Normal,Shadowing,Normal,Shadowing,Shadowing
2023-01-18 08:30:00+08:00,0.46044744419425554,1.5087214850696917e-09,3.0794004769915473e-08,6.632566685432119e-09,0.5395525168704515,Shadowing,1,0.5395525558057445,Normal,Shadowing,Normal,Shadowing,Shadowing
2023-01-18 08:45:00+08:00,0.36924909721974997,1.2427793152185802e-08,4.0021463848770195e-08,1.1100937601745647e-09,0.6307508492208992,Shadowing,1,0.63075090278025,Normal,Shadowing,Normal,Shadowing,Shadowing
2023-01-18 09:00:00+08:00,1.3844868787066319e-08,1.465782824029205e-06,2.5528555165369148e-12,4.444134982988041e-22,0.9999985203697543,Shadowing,1,0.9999999861551312,Shadowing,Shadowing,Shadowing,Shadowing,Shadowing
2023-01-18 09:15:00+08:00,3.5110412851732492e-06,6.403787212789581e-06,1.2275562244954249e-09,1.5091563789320844e-17,0.9999900839439457,Shadowing,1,0.9999964889587148,Shadowing,Shadowing,Shadowing,Shadowing,Shadowing
2023-01-18 09:30:00+08:00,4.78119182251453e-07,5.1829525031170535e-06,1.8267696897734222e-10,1.277498630341615e-19,0.9999943387456376,Shadowing,1,0.9999995218808178,Shadowing,Shadowing,Shadowing,Shadowing,Shadowing
2023-01-18 09:45:00+08:00,2.278396264471684e-05,1.0040304113810421e-06,4.53521479183402e-09,2.1106497071293598e-15,0.9999762074717269,Shadowing,1,0.9999772160373552,Shadowing,Shadowing,Shadowing,Shadowing,Shadowing
2023-01-18 10:00:00+08:00,7.376707668256743e-06,6.287271136656229e-06,2.657244850924781e-09,1.0000901969507171e-16,0.9999863333639502,Shadowing,1,0.9999926232923317,Shadowing,Shadowing,Shadowing,Shadowing,Shadowing
2023-01-18 10:15:00+08:00,0.006492812851691997,8.238633183160533e-14,6.617492069781981e-12,8.039860055276769e-21,0.9935071871416081,Shadowing,1,0.993507187148308,Shadowing,Shadowing,Shadowing,Shadowing,Shadowing
2023-01-18 10:30:00+08:00,0.2718568048249833,1.918570224734938e-12,1.7004362740751932e-08,2.2877827881719933e-18,0.7281431781687353,Shadowing,1,0.7281431951750167,Shadowing,Shadowing,Shadowing,Normal,Shadowing
2023-01-18 10:45:00+08:00,0.3667713272082989,4.493143018329882e-14,1.3415541429443093e-09,1.7103117540305119e-19,0.633228671450102,Shadowing,1,0.6332286727917011,Shadowing,Shadowing,Shadowing,Normal,Normal
2023-01-18 11:00:00+08:00,0.3289396243333832,3.9401872974679997e-13,8.845423616388556e-09,8.422417603529836e-19,0.6710603668207992,Shadowing,1,0.6710603756666168,Shadowing,Shadowing,Shadowing,Normal,Normal
2023-01-18 11:15:00+08:00,0.4288566228902294,2.2735327095071819e-10,6.165937868377188e-07,3.51267409391557e-17,0.5711427602886305,Shadowing,1,0.5711433771097706,Shadowing,Shadowing,Shadowing,Normal,Normal
2023-01-18 11:30:00+08:00,0.21425004008908105,0.00016621856320676488,7.997220551854095e-06,3.2468525143067525e-13,0.7855757441268357,Shadowing,1,0.785749959910919,Shadowing,Shadowing,Shadowing,Shadowing,Shadowing
2023-01-18 11:45:00+08:00,0.2351034041077315,0.0001329969006509678,1.1271205557594896e-05,4.565458636214961e-13,0.7647523277856034,Shadowing,1,0.7648965958922684,Shadowing,Shadowing,Shadowing,Shadowing,Shadowing
2023-01-18 12:00:00+08:00,0.23616858245206576,5.8427746005620594e-05,2.858040302760094e-05,1.540397271173113e-12,0.7637444093973607,Shadowing,1,0.7638314175479343,Shadowing,Shadowing,Shadowing,Shadowing,Shadowing
2023-01-18 12:15:00+08:00,0.23233523583758706,2.6540472662854464e-06,8.344372734975409e-06,4.408751939228843e-12,0.7676537657380029,Shadowing,1,0.7676647641624129,Shadowing,Shadowing,Shadowing,Shadowing,Shadowing
2023-01-18 12:30:00+08:00,0.2609161309615184,1.1649064184008e-06,5.863047992800343e-06,1.0558535144519637e-11,0.7390768410735118,Shadowing,1,0.7390838690384816,Shadowing,Shadowing,Shadowing,Shadowing,Shadowing
2023-01-18 12:45:00+08:00,0.26984866203347424,1.0800427458116085e-06,5.289496167119338e-06,1.0899894569759435e-11,0.730144968416713,Shadowing,1,0.7301513379665258,Shadowing,Shadowing,Shadowing,Shadowing,Shadowing
2023-01-18 13:00:00+08:00,0.2956261998069077,5.104535557580509e-07,3.587993178912146e-06,2.2800430223645337e-11,0.7043697017235573,Shadowing,1,0.7043738001930924,Shadowing,Shadowing,Shadowing,Shadowing,Shadowing
2023-01-18 13:15:00+08:00,0.34802978825198616,3.086636060476671e-07,2.685098173567249e-06,3.394262855573442e-11,0.6519672179522915,Shadowing,1,0.6519702117480138,Shadowing,Shadowing,Shadowing,Shadowing,Shadowing
2023-01-18 13:30:00+08:00,0.3950663541005541,1.5857528901180528e-07,1.8281670337573187e-06,5.302714348196159e-11,0.6049316591040961,Shadowing,1,0.6049336458994459,Shadowing,Shadowing,Normal,Shadowing,Shadowing
2023-01-18 13:45:00+08:00,0.4079109933683083,1.404945972076741e-07,1.4700959981425734e-06,5.616413218258839e-11,0.5920873959849322,Shadowing,1,0.5920890066316917,Shadowing,Shadowing,Shadowing,Normal,Shadowing
2023-01-18 14:00:00+08:00,0.4540795203336943,1.073503005017115e-07,1.164948799095871e-06,4.471473137927447e-11,0.5459192073224914,Shadowing,1,0.5459204796663057,Shadowing,Shadowing,Shadowing,Normal,Shadowing
2023-01-18 14:15:00+08:00,0.34750760657305335,4.710396199146381e-08,8.223901844896474e-07,2.9113704430925e-11,0.6524915239036864,Shadowing,1,0.6524923934269466,Shadowing,Shadowing,Shadowing,Shadowing,Shadowing
2023-01-18 14:30:00+08:00,0.34012465078125886,4.934963599657929e-09,3.700503161528968e-07,5.886536092933352e-11,0.6598749741745961,Shadowing,1,0.6598753492187411,Shadowing,Shadowing,Shadowing,Shadowing,Shadowing
2023-01-18 14:45:00+08:00,0.3334474082369909,2.0218572065861166e-10,1.7428590011925272e-07,5.441727314387038e-10,0.6665524167307504,Shadowing,1,0.6665525917630091,Normal,Shadowing,Shadowing,Shadowing,Shadowing
2023-01-18 15:00:00+08:00,0.2775175496212797,2.2822824473594783e-11,9.766505120910143e-08,1.3217980550343436e-09,0.7224823513690483,Shadowing,1,0.7224824503787203,Shadowing,Shadowing,Normal,Shadowing,Shadowing
2023-01-18 15:15:00+08:00,0.07857149745890066,1.2877978014572775e-11,4.781060262262755e-08,5.160936673489575e-10,0.921428454201525,Shadowing,1,0.9214285025410993,Shadowing,Shadowing,Shadowing,Shadowing,Shadowing
2023-01-18 15:30:00+08:00,0.007233348541525979,2.9887313195043165e-11,1.2027514443685555e-08,1.4820776186096263e-10,0.9927666392528645,Shadowing,1,0.992766651458474,Shadowing,Shadowing,Shadowing,Shadowing,Shadowing
2023-01-18 15:45:00+08:00,0.21913291813555363,1.865090956132421e-10,4.698846041057049e-08,1.0964082706544767e-08,0.7808670237253941,Shadowing,1,0.7808670818644463,Shadowing,Shadowing,Shadowing,Shadowing,Shadowing
2023-01-18 16:00:00+08:00,0.00010732095328649504,7.4930103833313535e-06,3.638527235266641e-08,2.1228887204970111e-13,0.9998851496508456,Shadowing,1,0.9998926790467135,Shadowing,Shadowing,Shadowing,Shadowing,Shadowing
2023-01-18 16:15:00+08:00,6.196528602473629e-08,2.9043101341913325e-06,5.2641028315289606e-12,1.2306800087251988e-19,0.9999970337193158,Shadowing,1,0.999999938034714,Shadowing,Shadowing,Shadowing,Shadowing,Shadowing
2023-01-18 16:30:00+08:00,1.2522312748372427e-06,5.015815760048967e-06,2.8823046613777675e-10,1.1060218265690763e-15,0.9999937316647335,Shadowing,1,0.9999987477687252,Shadowing,Shadowing,Shadowing,Shadowing,Shadowing
2023-01-18 16:45:00+08:00,4.7242489751893824e-05,1.8441276881293876e-06,1.770383655160949e-08,9.308396738840426e-12,0.999950895669415,Shadowing,1,0.9999527575102481,Shadowing,Shadowing,Shadowing,Shadowing,Shadowing
2023-01-18 17:00:00+08:00,0.8824805096432693,1.329288572736155e-10,1.2580449647524852e-09,9.607975843706565e-08,0.11751939288599852,Normal,0,0.1175194903567307,Normal,Normal,Normal,Normal,Normal
2023-01-18 17:15:00+08:00,0.9628856464180441,4.587124028328984e-11,7.119242984574207e-10,8.796949449706815e-08,0.03711426485466597,Normal,0,0.03711435358195592,Normal,Normal,Normal,Normal,Normal
2023-01-19 07:45:00+08:00,0.9004893413057772,2.7712463047292905e-11,1.6999621212795e-09,2.6595496959133086e-08,0.09951063037105125,Normal,0,0.09951065869422282,Normal,Normal,Normal,Normal,Normal
2023-01-19 08:00:00+08:00,0.8346099658508361,4.099268867845727e-11,3.2164195474765716e-09,2.248127494378981e-08,0.16539000841047663,Normal,0,0.16539003414916387,Normal,Normal,Normal,Normal,Normal
2023-01-19 08:15:00+08:00,0.7556020916275978,1.0583310170417155e-10,6.552987611679403e-09,1.9612795432808547e-08,0.24439788210078603,Normal,0,0.24439790837240216,Normal,Normal,Normal,Normal,Shadowing
2023-01-19 08:30:00+08:00,0.6084691656270176,5.157215513399988e-10,1.4377313611022232e-08,1.3979794620035453e-08,0.39153080550015273,Normal,0,0.3915308343729824,Normal,Normal,Normal,Normal,Shadowing
2023-01-19 08:45:00+08:00,0.40077789733301944,2.5117184236044913e-09,4.8167416287058074e-08,3.904399736301985e-09,0.599222048083446,Shadowing,1,0.5992221026669806,Normal,Shadowing,Normal,Shadowing,Shadowing
2023-01-19 09:00:00+08:00,0.004734508702873149,7.064656740167893e-08,4.572598253423311e-08,1.4403346003209204e-12,0.9952653749231366,Shadowing,1,0.9952654912971268,Shadowing,Shadowing,Shadowing,Shadowing,Shadowing
2023-01-19 09:15:00+08:00,2.8597637677138456e-06,3.6352073283381972e-06,6.57222393789154e-10,2.853549704409304e-17,0.9999935043716816,Shadowing,1,0.9999971402362323,Shadowing,Shadowing,Shadowing,Shadowing,Shadowing
2023-01-19 09:30:00+08:00,5.105062642823238e-07,3.8116104966820805e-06,2.4528717700140435e-10,1.330094203238988e-18,0.9999956776379518,Shadowing,1,0.9999994894937357,Shadowing,Shadowing,Shadowing,Shadowing,Shadowing
2023-01-19 09:45:00+08:00,1.3183885759919934e-07,3.7204303024014314e-06,3.150279538426798e-11,1.8161619217507857e-19,0.9999961476993372,Shadowing,1,0.9999998681611424,Shadowing,Shadowing,Shadowing,Shadowing,Shadowing
2023-01-19 10:00:00+08:00,1.162670402058489e-06,2.4205005182893947e-08,8.278580590253666e-11,2.124395833495002e-19,0.9999988130418069,Shadowing,1,0.9999988373295979,Shadowing,Shadowing,Shadowing,Shadowing,Shadowing
2023-01-19 10:15:00+08:00,0.00047809615106204846,1.7541309131080825e-09,3.7286667116281776e-10,5.524841166734772e-19,0.9995219017219403,Shadowing,1,0.9995219038489379,Shadowing,Shadowing,Shadowing,Shadowing,Shadowing
2023-01-19 10:30:00+08:00,0.009810409250038352,1.1033971668328473e-10,1.0365919802319054e-09,8.352968986992049e-19,0.9901895896030298,Shadowing,1,0.9901895907499616,Shadowing,Shadowing,Shadowing,Shadowing,Shadowing
2023-01-19 10:45:00+08:00,0.08787528541408804,4.150121158254655e-11,2.91944450809256e-09,1.3465947640146986e-18,0.9121247116249661,Shadowing,1,0.9121247145859119,Shadowing,Shadowing,Shadowing,Shadowing,Shadowing
2023-01-19 11:00:00+08:00,0.16863822911218523,4.65757089868694e-12,5.322869993216388e-09,1.8263768751351595e-18,0.8313617655602872,Shadowing,1,0.8313617708878147,Shadowing,Shadowing,Shadowing,Normal,Shadowing
2023-01-19 11:15:00+08:00,0.224545131940059,2.452926420133623e-10,1.5978957620813333e-07,2.340495432828184e-17,0.7754547080250721,Shadowing,1,0.775454868059941,Shadowing,Shadowing,Shadowing,Normal,Shadowing
2023-01-19 11:30:00+08:00,0.16231876100750758,0.00014448098110597584,3.9372649078529624e-06,7.247515231418192e-14,0.8375328207464061,Shadowing,1,0.8376812389924924,Shadowing,Shadowing,Shadowing,Shadowing,Shadowing
2023-01-19 11:45:00+08:00,0.19307271323404523,0.00017342807366086942,5.935074183530724e-06,1.4744919050207076e-13,0.8067479236179629,Shadowing,1,0.8069272867659547,Shadowing,Shadowing,Shadowing,Shadowing,Shadowing
2023-01-19 12:00:00+08:00,0.20885356129150628,0.0001583168696690153,1.1735086840068079e-05,6.568708017357748e-13,0.7909763867513278,Shadowing,1,0.7911464387084937,Shadowing,Shadowing,Shadowing,Shadowing,Shadowing
2023-01-19 12:15:00+08:00,0.2496386547116757,3.241501599921341e-05,1.5369466017378026e-05,1.6707684374688826e-12,0.750313560804637,Shadowing,1,0.7503613452883243,Shadowing,Shadowing,Shadowing,Shadowing,Shadowing
2023-01-19 12:30:00+08:00,0.19496011651690792,0.00012507376913452106,1.01578655359889e-05,6.03157150658015e-13,0.8049046518478183,Shadowing,1,0.8050398834830921,Shadowing,Shadowing,Shadowing,Shadowing,Shadowing
2023-01-19 12:45:00+08:00,0.1538937396793843,0.0001596264748715311,6.413482149253641e-06,3.644041061296244e-13,0.8459402203632305,Shadowing,1,0.8461062603206158,Shadowing,Shadowing,Shadowing,Shadowing,Shadowing
2023-01-19 13:00:00+08:00,0.10457367093458758,0.0001965042589513538,3.869479742404838e-06,1.68025257622446e-13,0.8952259553265506,Shadowing,1,0.8954263290654124,Shadowing,Shadowing,Shadowing,Shadowing,Shadowing
2023-01-19 13:15:00+08:00,0.1140348337450805,6.892379454702047e-05,5.134242432359244e-06,2.772783869791237e-13,0.8858911082176627,Shadowing,1,0.8859651662549195,Shadowing,Shadowing,Shadowing,Shadowing,Shadowing
2023-01-19 13:30:00+08:00,0.0883543400690902,2.820138953936096e-05,4.7798154014043064e-06,2.5872340021014505e-13,0.9116126787257102,Shadowing,1,0.9116456599309098,Shadowing,Shadowing,Shadowing,Shadowing,Shadowing
2023-01-19 13:45:00+08:00,0.009016937905408452,1.5806612976687245e-05,5.394406389952937e-07,2.4649866176318938e-14,0.9909667160409512,Shadowing,1,0.9909830620945915,Shadowing,Shadowing,Shadowing,Shadowing,Shadowing
2023-01-19 14:00:00+08:00,0.00345880348314379,2.2800202777777177e-06,2.7693138114216274e-07,1.4685609767356276e-14,0.9965386395651826,Shadowing,1,0.9965411965168562,Shadowing,Shadowing,Shadowing,Shadowing,Shadowing
2023-01-19 14:15:00+08:00,0.001551193510894359,4.886784926435628e-07,1.712175932945129e-07,2.656420908286893e-14,0.9984481465929932,Shadowing,1,0.9984488064891056,Shadowing,Shadowing,Shadowing,Shadowing,Shadowing
2023-01-19 14:30:00+08:00,0.0010192512344771114,1.0582840709282746e-07,8.943107055621918e-08,8.69596433437758e-14,0.9989805535059583,Shadowing,1,0.9989807487655229,Shadowing,Shadowing,Shadowing,Shadowing,Shadowing
2023-01-19 14:45:00+08:00,0.0024329815612307627,9.157565628209412e-09,4.298869613490684e-08,4.95192897313075e-13,0.9975669662920122,Shadowing,1,0.9975670184387693,Shadowing,Shadowing,Shadowing,Shadowing,Shadowing
2023-01-19 15:00:00+08:00,0.006358117471352012,3.65844071615355e-10,2.1687988738968714e-08,3.3459906146325507e-12,0.9936418604714692,Shadowing,1,0.9936418825286479,Shadowing,Shadowing,Shadowing,Shadowing,Shadowing
2023-01-19 15:15:00+08:00,0.0033124165338870673,2.65644582751164e-10,1.3008328946818415e-08,1.7538708383599166e-11,0.9966875701746007,Shadowing,1,0.996687583466113,Shadowing,Shadowing,Shadowing,Shadowing,Shadowing
2023-01-19 15:30:00+08:00,0.05573436648969515,5.728020612847523e-10,4.388317812465591e-08,1.3946755581988943e-09,0.944265587659649,Shadowing,1,0.9442656335103048,Shadowing,Shadowing,Shadowing,Shadowing,Shadowing
2023-01-19 15:45:00+08:00,0.43878692967635075,4.714594907727647e-10,3.855171444451592e-08,1.8933943854124722e-08,0.5612130123665315,Shadowing,1,0.5612130703236493,Normal,Shadowing,Shadowing,Shadowing,Shadowing
2023-01-19 16:00:00+08:00,0.002597004586976655,1.1268206474632218e-06,1.4071695257625754e-07,7.669865864746775e-12,0.9974017278677534,Shadowing,1,0.9974029954130234,Shadowing,Shadowing,Shadowing,Shadowing,Shadowing
2023-01-19 16:15:00+08:00,2.6429463571383355e-07,4.847797579420007e-06,3.143600984784795e-11,3.1705726765357e-18,0.9999948878763488,Shadowing,1,0.9999997357053643,Shadowing,Shadowing,Shadowing,Shadowing,Shadowing
2023-01-19 16:30:00+08:00,2.4861080454988097e-06,5.148948943395853e-06,6.513350138895146e-10,8.078181492037384e-15,0.999992364291668,Shadowing,1,0.9999975138919545,Shadowing,Shadowing,Shadowing,Shadowing,Shadowing
2023-01-19 16:45:00+08:00,9.704595532944736e-05,1.0943095754726899e-06,2.687015371290984e-08,2.1683273399517494e-11,0.9999018328432581,Shadowing,1,0.9999029540446706,Shadowing,Shadowing,Shadowing,Shadowing,Shadowing
2023-01-19 17:00:00+08:00,0.8710812719555314,1.634085579412714e-10,1.3646925065948076e-09,9.634179833047901e-08,0.12891863017456917,Normal,0,0.12891872804446858,Normal,Normal,Normal,Normal,Normal
2023-01-19 17:15:00+08:00,0.9615367744588307,4.9703416835372636e-11,7.306082165245605e-10,8.775645426901133e-08,0.03846313700440347,Normal,0,0.03846322554116932,Normal,Normal,Normal,Normal,Normal
2023-01-20 07:45:00+08:00,0.9861162960678888,1.7961367205745257e-11,3.758658179868471e-10,6.083705324715043e-08,0.013883642701230664,Normal,0,0.013883703932111247,Normal,Normal,Normal,Normal,Normal
2023-01-20 08:00:00+08:00,0.9411482558176714,5.207733956382606e-11,8.280050359759937e-10,9.225152289076777e-08,0.058851651050723396,Normal,0,0.058851744182328636,Normal,Normal,Normal,Normal,Normal
2023-01-20 08:15:00+08:00,0.9952337110316598,9.257841207764872e-12,2.243070435240426e-10,3.746484802870231e-08,0.00476625126992735,Normal,0,0.004766288968340193,Normal,Normal,Normal,Normal,Normal
2023-01-20 08:30:00+08:00,0.8838513261393688,7.841249710700692e-11,1.1547157625234098e-09,9.728953771699209e-08,0.11614857533796541,Normal,0,0.11614867386063121,Normal,Normal,Normal,Normal,Normal
2023-01-20 08:45:00+08:00,0.9134132830133416,3.8394823950720045e-11,1.5879701459263389e-09,3.375082853878281e-08,0.08658668160946494,Normal,0,0.08658671698665843,Normal,Normal,Normal,Normal,Normal
2023-01-20 09:00:00+08:00,0.2774024473392339,2.435356710515405e-08,3.809813110749066e-08,4.995210736283302e-09,0.7225974852138572,Shadowing,1,0.7225975526607661,Normal,Shadowing,Shadowing,Shadowing,Shadowing
2023-01-20 09:15:00+08:00,0.09135607833930434,5.9541195739143796e-08,1.0851367424784123e-07,1.4434774176969978e-09,0.9086437521623483,Shadowing,1,0.9086439216606956,Shadowing,Shadowing,Shadowing,Shadowing,Shadowing
2023-01-20 09:30:00+08:00,0.4646201293933855,8.577120675867343e-09,1.74014204111809e-08,9.971485010175962e-09,0.5353798346565884,Shadowing,1,0.5353798706066145,Normal,Shadowing,Shadowing,Shadowing,Shadowing
2023-01-20 09:45:00+08:00,0.15855791614238895,5.6432745587285656e-08,8.962838996176833e-08,1.5115715850393683e-09,0.8414419362849038,Shadowing,1,0.8414420838576111,Normal,Shadowing,Shadowing,Shadowing,Shadowing
2023-01-20 10:00:00+08:00,0.03903551595570599,2.2315573851684827e-07,1.6453994459217958e-07,1.8713033860583334e-10,0.9609640961614805,Shadowing,1,0.960964484044294,Shadowing,Shadowing,Shadowing,Shadowing,Shadowing
2023-01-20 10:15:00+08:00,1.7722360965400504e-06,7.921601256519102e-06,9.52269247799278e-10,1.67995855402936e-18,0.9999903052103777,Shadowing,1,0.9999982277639035,Shadowing,Shadowing,Shadowing,Shadowing,Shadowing
2023-01-20 10:30:00+08:00,3.951556890845642e-06,6.7009747902575955e-06,1.5017553233912178e-09,1.9336006442304088e-17,0.9999893459665635,Shadowing,1,0.9999960484431092,Shadowing,Shadowing,Shadowing,Shadowing,Shadowing
2023-01-20 10:45:00+08:00,2.6554577288987904e-08,1.7665296334551449e-06,5.731624902350481e-12,1.0955767018775579e-21,0.9999982069100577,Shadowing,1,0.9999999734454227,Shadowing,Shadowing,Shadowing,Shadowing,Shadowing
2023-01-20 11:00:00+08:00,6.432948902718295e-06,5.455877695381396e-06,1.7755766838173584e-09,8.679586062625842e-17,0.9999881093978251,Shadowing,1,0.9999935670510973,Shadowing,Shadowing,Shadowing,Shadowing,Shadowing
2023-01-20 11:15:00+08:00,8.331627243690143e-06,6.698933571749039e-06,3.403510672310045e-09,1.254997429724721e-16,0.9999849660356738,Shadowing,1,0.9999916683727563,Shadowing,Shadowing,Shadowing,Shadowing,Shadowing
2023-01-20 11:30:00+08:00,1.8485530912907866e-06,7.38220703047625e-06,8.450338720781396e-10,2.3185339858793074e-18,0.9999907683948444,Shadowing,1,0.9999981514469087,Shadowing,Shadowing,Shadowing,Shadowing,Shadowing
2023-01-20 11:45:00+08:00,1.1860550672465028e-09,5.742108737370991e-07,1.4410058083543882e-13,1.185550588462112e-23,0.9999994246029271,Shadowing,1,0.999999998813945,Shadowing,Shadowing,Shadowing,Shadowing,Shadowing
2023-01-20 12:00:00+08:00,1.1778517678277918e-05,3.60869325613109e-07,2.826729494587227e-09,5.975053744617049e-16,0.999987857786266,Shadowing,1,0.9999882214823217,Shadowing,Shadowing,Shadowing,Shadowing,Shadowing
2023-01-20 12:15:00+08:00,5.072321880685215e-07,4.818178333398381e-06,1.4124524596502798e-10,1.7170157249935141e-18,0.9999946744482333,Shadowing,1,0.999999492767812,Shadowing,Shadowing,Shadowing,Shadowing,Shadowing
2023-01-20 12:30:00+08:00,0.2912905560763116,3.803504927121704e-06,1.3752467315346557e-05,1.0173817854542258e-11,0.7086918879412721,Shadowing,1,0.7087094439236884,Shadowing,Shadowing,Shadowing,Shadowing,Shadowing
2023-01-20 12:45:00+08:00,2.8277425635025946e-06,4.634963249175618e-06,1.5439345531143568e-09,2.7456364128422276e-17,0.9999925357502526,Shadowing,1,0.9999971722574365,Shadowing,Shadowing,Shadowing,Shadowing,Shadowing
2023-01-20 13:00:00+08:00,3.278059577041128e-07,3.6176704433332682e-06,1.7493423828860493e-10,3.8760032888318905e-19,0.9999960543486648,Shadowing,1,0.9999996721940423,Shadowing,Shadowing,Shadowing,Shadowing,Shadowing
2023-01-20 13:15:00+08:00,1.231453608157878e-06,1.0143965215267528e-07,2.5938808575366134e-10,4.458282154317352e-19,0.9999986668473516,Shadowing,1,0.9999987685463918,Shadowing,Shadowing,Shadowing,Shadowing,Shadowing
2023-01-20 13:30:00+08:00,0.8513074275062913,2.1404024836396917e-06,1.0565206487492601e-05,2.4532718222325348e-14,0.14867986688471296,Normal,0,0.1486925724937087,Normal,Normal,Normal,Normal,Normal
2023-01-20 13:45:00+08:00,0.12397910734105455,0.00011692727733678587,5.439232877211874e-06,2.7867809912537095e-13,0.8758985261484528,Shadowing,1,0.8760208926589454,Shadowing,Shadowing,Shadowing,Shadowing,Shadowing
2023-01-20 14:00:00+08:00,0.4557591412774533,1.0317729173528927e-07,1.1508905639921403e-06,4.6488487688621784e-11,0.5442396046082024,Shadowing,1,0.5442408587225467,Shadowing,Shadowing,Shadowing,Normal,Shadowing
2023-01-20 14:15:00+08:00,0.4405597302533809,1.719332785967593e-08,7.028850084948593e-07,2.649093017465987e-10,0.5594395494033735,Shadowing,1,0.5594402697466191,Shadowing,Shadowing,Normal,Normal,Shadowing
2023-01-20 14:30:00+08:00,0.18306931663487952,4.149870715152354e-10,1.0908038985204253e-07,6.22845128398428e-09,0.8169305676412923,Shadowing,1,0.8169306833651204,Shadowing,Shadowing,Shadowing,Shadowing,Shadowing
2023-01-20 14:45:00+08:00,0.20219349000970163,2.03282455048436e-10,1.8863739948944998e-07,8.234575122862185e-10,0.7978063203261588,Shadowing,1,0.7978065099902983,Shadowing,Shadowing,Shadowing,Shadowing,Shadowing
2023-01-20 15:00:00+08:00,0.007709801694566953,2.611829978953589e-10,2.280324120825167e-08,6.47909349140018e-12,0.9922901752345299,Shadowing,1,0.9922901983054331,Shadowing,Shadowing,Shadowing,Shadowing,Shadowing
2023-01-20 15:15:00+08:00,0.0012105171703397242,2.063286577085525e-09,1.4085464811452808e-08,8.554784746876501e-13,0.9987894666800534,Shadowing,1,0.9987894828296603,Shadowing,Shadowing,Shadowing,Shadowing,Shadowing
2023-01-20 15:30:00+08:00,4.919297978066011e-06,9.701671631894127e-06,2.701540250446474e-09,2.777377823862389e-17,0.9999853763288498,Shadowing,1,0.9999950807020219,Shadowing,Shadowing,Shadowing,Shadowing,Shadowing
2023-01-20 15:45:00+08:00,4.221529730785856e-06,6.491359454816123e-06,1.5282234564315214e-09,2.3692402802895078e-17,0.9999892855825909,Shadowing,1,0.9999957784702692,Shadowing,Shadowing,Shadowing,Shadowing,Shadowing
2023-01-20 16:00:00+08:00,0.17360759379640736,9.117553027655393e-08,1.1347280651413022e-07,3.6314846180874094e-10,0.8263922011921074,Shadowing,1,0.8263924062035927,Normal,Shadowing,Shadowing,Shadowing,Shadowing
2023-01-20 16:15:00+08:00,7.907991576377599e-08,2.425187237123657e-06,5.293453321191924e-12,7.207053114500204e-20,0.9999974957275537,Shadowing,1,0.9999999209200843,Shadowing,Shadowing,Shadowing,Shadowing,Shadowing
2023-01-20 16:30:00+08:00,1.2546407430463294e-06,5.551957224551153e-06,2.364598216634767e-10,4.858761052349686e-16,0.9999931931655721,Shadowing,1,0.9999987453592569,Shadowing,Shadowing,Shadowing,Shadowing,Shadowing
2023-01-20 16:45:00+08:00,2.154462220173137e-05,3.913144683713022e-06,9.870248923151536e-09,2.624660330186405e-12,0.9999745323602409,Shadowing,1,0.9999784553777983,Shadowing,Shadowing,Shadowing,Shadowing,Shadowing
2023-01-20 17:00:00+08:00,0.8959341406937733,9.252938286818889e-11,1.0983766298551034e-09,9.61461677737706e-08,0.10406576196915276,Normal,0,0.1040658593062267,Normal,Normal,Normal,Normal,Normal
2023-01-20 17:15:00+08:00,0.9752840923918441,3.378730095933765e-11,5.719133123765418e-10,7.918704307314372e-08,0.02471582781541206,Normal,0,0.024715907608155896,Normal,Normal,Normal,Normal,Normal
2023-01-21 07:45:00+08:00,0.9975049369455796,5.3432267353555445e-12,1.446677878869639e-10,2.752857083435477e-08,0.0024950353758386294,Normal,0,0.0024950630544203767,Normal,Normal,Normal,Normal,Normal
2023-01-21 08:00:00+08:00,0.9524800486845804,3.1064688344121855e-11,6.246782038936074e-10,9.097832631614846e-08,0.04751985968135053,Normal,0,0.04751995131541964,Normal,Normal,Normal,Normal,Normal
2023-01-21 08:15:00+08:00,0.8763065462507875,3.607498601121333e-11,9.442755928289814e-10,9.688351786405569e-08,0.12369335588534396,Normal,0,0.12369345374921248,Normal,Normal,Normal,Normal,Normal
2023-01-21 08:30:00+08:00,0.9400497207088891,3.216926998583748e-11,6.896183403884184e-10,9.279690682704139e-08,0.05995018577241633,Normal,0,0.05995027929111085,Normal,Normal,Normal,Normal,Normal
2023-01-21 08:45:00+08:00,0.9041407023141556,4.5170614100595105e-11,9.083847999798565e-10,9.648409383503834e-08,0.09585920024819522,Normal,0,0.09585929768584445,Normal,Normal,Normal,Normal,Normal
2023-01-21 09:00:00+08:00,0.8825207004605911,6.729377156021534e-11,1.1808858540950014e-09,9.404756570679998e-08,0.1174792042436636,Normal,0,0.11747929953940894,Normal,Normal,Normal,Normal,Normal
2023-01-21 09:15:00+08:00,0.8627253526598693,1.717666984647427e-10,1.85348639695963e-09,5.702226019796797e-08,0.13727458829261732,Normal,0,0.13727464734013073,Normal,Normal,Normal,Normal,Normal
2023-01-21 09:30:00+08:00,0.9016846009331771,1.0782079798337725e-10,1.9190432118631036e-09,3.002820692318037e-08,0.09831536701175195,Normal,0,0.09831539906682285,Normal,Normal,Normal,Normal,Normal
2023-01-21 09:45:00+08:00,0.9150740701948458,3.959109183467413e-11,1.7473158245667042e-09,2.7258172573726636e-08,0.08492590076007471,Normal,0,0.08492592980515423,Normal,Normal,Normal,Normal,Normal
2023-01-21 10:00:00+08:00,0.6243403444108377,3.5681846244182586e-09,9.951342723096268e-09,1.685803681312868e-08,0.37565962521159807,Normal,0,0.37565965558916226,Normal,Normal,Normal,Normal,Shadowing
2023-01-21 10:15:00+08:00,0.0001605930430326086,3.833815647678148e-06,3.829959208963023e-08,2.2081203542058183e-12,0.9998355348395194,Shadowing,1,0.9998394069569674,Shadowing,Shadowing,Shadowing,Shadowing,Shadowing
2023-01-21 10:30:00+08:00,0.7179786828873957,2.0969096080613335e-10,8.513729504915644e-09,1.7876182104467196e-08,0.2820212905130016,Normal,0,0.28202131711260425,Normal,Normal,Normal,Normal,Shadowing
2023-01-21 10:45:00+08:00,1.5903428876332005e-07,3.3354139824399493e-06,5.1832621127810796e-11,9.88455569621485e-21,0.9999965054998963,Shadowing,1,0.9999998409657113,Shadowing,Shadowing,Shadowing,Shadowing,Shadowing
2023-01-21 11:00:00+08:00,1.6145735741615637e-08,1.2871686612724304e-06,3.5696169665710964e-12,9.30630827312859e-23,0.9999986966820333,Shadowing,1,0.9999999838542643,Shadowing,Shadowing,Shadowing,Shadowing,Shadowing
2023-01-21 11:15:00+08:00,1.0339495671966453e-07,2.9743122835445e-06,3.424958948458603e-11,4.258904718361147e-21,0.9999969222585102,Shadowing,1,0.9999998966050433,Shadowing,Shadowing,Shadowing,Shadowing,Shadowing
2023-01-21 11:30:00+08:00,1.3298440144916505e-08,1.2830648364740869e-06,2.9240659914941553e-12,7.763633068454568e-23,0.9999987036337993,Shadowing,1,0.9999999867015599,Shadowing,Shadowing,Shadowing,Shadowing,Shadowing
2023-01-21 11:45:00+08:00,1.6261776517851894e-10,2.9655442790569645e-07,7.167371996267302e-14,1.150132750026594e-24,0.9999997032828827,Shadowing,1,0.9999999998373822,Shadowing,Shadowing,Shadowing,Shadowing,Shadowing
2023-01-21 12:00:00+08:00,2.173154406393989e-10,3.356745402104619e-07,8.378091934794377e-14,1.719929673452421e-24,0.9999996641080606,Shadowing,1,0.9999999997826846,Shadowing,Shadowing,Shadowing,Shadowing,Shadowing
2023-01-21 12:15:00+08:00,3.676139865155625e-10,4.135369612355801e-07,1.1088628801483941e-13,3.9605359099169016e-24,0.9999995860953138,Shadowing,1,0.9999999996323861,Shadowing,Shadowing,Shadowing,Shadowing,Shadowing
2023-01-21 12:30:00+08:00,1.658649515550696e-09,3.932220076510301e-09,1.1860859193545645e-13,4.79827887570021e-23,0.9999999944090117,Shadowing,1,0.9999999983413504,Shadowing,Shadowing,Shadowing,Shadowing,Shadowing
2023-01-21 12:45:00+08:00,2.9048215594143173e-10,3.772447931938572e-07,9.788538438610982e-14,2.752932386805739e-24,0.9999996224646267,Shadowing,1,0.9999999997095178,Shadowing,Shadowing,Shadowing,Shadowing,Shadowing
2023-01-21 13:00:00+08:00,1.912856601322548e-09,1.2666956526050208e-08,2.3608025901279575e-13,1.2593993534278366e-22,0.9999999854199508,Shadowing,1,0.9999999980871433,Shadowing,Shadowing,Shadowing,Shadowing,Shadowing
2023-01-21 13:15:00+08:00,4.267259883496388e-09,1.959039054761065e-09,1.700076481591976e-13,9.09063908979033e-23,0.9999999937735311,Shadowing,1,0.9999999957327401,Shadowing,Shadowing,Shadowing,Shadowing,Shadowing
2023-01-21 13:30:00+08:00,3.3809566102728936e-10,8.293419822589123e-08,8.645023283487049e-14,5.073923934056582e-24,0.9999999167276197,Shadowing,1,0.9999999996619043,Shadowing,Shadowing,Shadowing,Shadowing,Shadowing
2023-01-21 13:45:00+08:00,1.4361939839513154e-08,1.4837460617864106e-06,2.6708568756040208e-12,4.812333599965266e-22,0.9999985018893275,Shadowing,1,0.9999999856380601,Shadowing,Shadowing,Shadowing,Shadowing,Shadowing
2023-01-21 14:00:00+08:00,5.7256331007087346e-06,7.6290533294167105e-06,2.843071492649659e-09,4.227396545923876e-17,0.9999866424704983,Shadowing,1,0.9999942743668992,Shadowing,Shadowing,Shadowing,Shadowing,Shadowing
2023-01-21 14:15:00+08:00,2.3726675319586184e-05,1.1195120597853461e-05,1.3129425988066422e-08,2.532506750842335e-15,0.999965065074654,Shadowing,1,0.9999762733246804,Shadowing,Shadowing,Shadowing,Shadowing,Shadowing
2023-01-21 14:30:00+08:00,2.408768280469369e-05,1.201625640022095e-05,1.2501512047286225e-08,6.460159215770786e-15,0.9999638835592766,Shadowing,1,0.9999759123171953,Shadowing,Shadowing,Shadowing,Shadowing,Shadowing
2023-01-21 14:45:00+08:00,1.69658830935574e-05,1.2946605019676229e-05,7.950141169927995e-09,6.250450977249806e-15,0.9999700795617393,Shadowing,1,0.9999830341169065,Shadowing,Shadowing,Shadowing,Shadowing,Shadowing
2023-01-21 15:00:00+08:00,0.0006010169625341524,1.8345723393852894e-06,7.446141524169028e-08,7.853645769265061e-12,0.9993970739958575,Shadowing,1,0.9993989830374659,Shadowing,Shadowing,Shadowing,Shadowing,Shadowing
2023-01-21 15:15:00+08:00,0.002536389298659237,5.375421643933763e-07,8.729136344027226e-08,5.45996079525352e-11,0.9974629858132132,Shadowing,1,0.9974636107013407,Shadowing,Shadowing,Shadowing,Shadowing,Shadowing
2023-01-21 15:30:00+08:00,0.04577905307372702,1.0845237918457255e-07,1.303010706864674e-07,5.136576118698424e-10,0.9542207076591656,Shadowing,1,0.954220946926273,Shadowing,Shadowing,Shadowing,Shadowing,Shadowing
2023-01-21 15:45:00+08:00,0.4359518903082177,9.746252986485974e-09,1.798807420784826e-08,1.0623914203685487e-08,0.564048071333541,Shadowing,1,0.5640481096917823,Normal,Shadowing,Shadowing,Shadowing,Shadowing
2023-01-21 16:00:00+08:00,0.7642635549353294,1.2850715050155628e-09,5.957672435817999e-09,2.1879347445646723e-08,0.2357364159425792,Normal,0,0.23573644506467062,Normal,Normal,Normal,Normal,Normal
2023-01-21 16:15:00+08:00,0.8909887000473071,3.445707749149991e-11,1.9495839708339667e-09,2.6243879844140513e-08,0.10901127172477205,Normal,0,0.10901129995269287,Normal,Normal,Normal,Normal,Normal
2023-01-21 16:30:00+08:00,0.9090273063782398,3.743023736314101e-11,1.7980131749152796e-09,2.6958616007516673e-08,0.0909726648277008,Normal,0,0.09097269362176019,Normal,Normal,Normal,Normal,Normal
2023-01-21 16:45:00+08:00,0.9678819315956131,2.2609428028991542e-11,4.6342559522834873e-10,8.548195577542758e-08,0.032117982436396124,Normal,0,0.03211806840438691,Normal,Normal,Normal,Normal,Normal
2023-01-21 17:00:00+08:00,0.9849362460485954,1.6555637353848402e-11,3.5668858313891873e-10,6.288576635211497e-08,0.015063690692393944,Normal,0,0.01506375395140458,Normal,Normal,Normal,Normal,Normal
2023-01-21 17:15:00+08:00,0.8945792058704937,9.09025947523765e-11,1.100111105185882e-09,9.635398697166674e-08,0.10542069658450551,Normal,0,0.10542079412950633,Normal,Normal,Normal,Normal,Normal
2023-01-22 07:45:00+08:00,0.9995236395520436,1.4791544953507294e-12,5.3579697686961657e-11,1.0129921730093245e-08,0.0004763502629757788,Normal,0,0.0004763604479564032,Normal,Normal,Normal,Normal,Normal
2023-01-22 08:00:00+08:00,0.998207719021978,3.6766146257921194e-12,1.0887827629125792e-10,2.256517877379187e-08,0.0017922583002884785,Normal,0,0.0017922809780219762,Normal,Normal,Normal,Normal,Normal
2023-01-22 08:15:00+08:00,0.9443576921470328,3.035749631224667e-11,6.504225670535746e-10,9.229690214806624e-08,0.05564221487528498,Normal,0,0.0556423078529672,Normal,Normal,Normal,Normal,Normal
2023-01-22 08:30:00+08:00,0.880105632493849,1.1486198955251089e-10,1.6907594439066922e-09,5.2441330986377244e-08,0.11989431325919875,Normal,0,0.11989436750615101,Normal,Normal,Normal,Normal,Normal
2023-01-22 08:45:00+08:00,0.4289172809835704,1.0436351502076221e-08,2.027738285526395e-08,8.101327490884519e-09,0.5710826802013678,Shadowing,1,0.5710827190164296,Normal,Shadowing,Shadowing,Shadowing,Shadowing
2023-01-22 09:00:00+08:00,0.08515852479479379,1.6887852360882225e-07,1.6921178831071063e-07,2.338506027155972e-10,0.9148411368810437,Shadowing,1,0.9148414752052062,Shadowing,Shadowing,Shadowing,Shadowing,Shadowing
2023-01-22 09:15:00+08:00,0.5107742448479653,1.4381290721348401e-09,2.109930356773682e-08,4.4126320632207216e-09,0.48922572820196997,Normal,0,0.4892257551520347,Normal,Normal,Normal,Shadowing,Shadowing
2023-01-22 09:30:00+08:00,0.0001952472327469815,5.061459320297461e-06,5.724031901400194e-08,1.045891202825103e-13,0.999799634067509,Shadowing,1,0.999804752767253,Shadowing,Shadowing,Shadowing,Shadowing,Shadowing
2023-01-22 09:45:00+08:00,0.0019938591937666873,1.2232577074941855e-06,1.553472857295486e-07,3.7134242665466167e-13,0.9980047622008688,Shadowing,1,0.9980061408062333,Shadowing,Shadowing,Shadowing,Shadowing,Shadowing
2023-01-22 10:00:00+08:00,9.16742125538903e-06,4.726590686638648e-06,1.96732031785488e-09,2.412598390598543e-16,0.9999861040207374,Shadowing,1,0.9999908325787447,Shadowing,Shadowing,Shadowing,Shadowing,Shadowing
2023-01-22 10:15:00+08:00,5.3596274970903475e-05,9.778029553930883e-06,2.7772462589129177e-08,6.063580971974509e-15,0.9999365979230065,Shadowing,1,0.9999464037250291,Shadowing,Shadowing,Shadowing,Shadowing,Shadowing
2023-01-22 10:30:00+08:00,0.006220611284430645,7.63893041627599e-07,1.7273788309640605e-07,1.2021725529740169e-11,0.9937784520726229,Shadowing,1,0.9937793887155694,Shadowing,Shadowing,Shadowing,Shadowing,Shadowing
2023-01-22 10:45:00+08:00,6.001099420641212e-08,2.2080286991067354e-06,1.72954262151538e-11,1.9986174124992364e-21,0.9999977319430112,Shadowing,1,0.9999999399890058,Shadowing,Shadowing,Shadowing,Shadowing,Shadowing
2023-01-22 11:00:00+08:00,1.0605069401163897e-05,5.640070964522846e-07,2.026003192697234e-09,4.170144093407903e-16,0.9999888288974988,Shadowing,1,0.9999893949305988,Shadowing,Shadowing,Shadowing,Shadowing,Shadowing
2023-01-22 11:15:00+08:00,0.14618159526009536,8.665155225776312e-16,1.407387554254848e-13,5.628544421294973e-22,0.853818404739763,Shadowing,1,0.8538184047399047,Shadowing,Shadowing,Shadowing,Shadowing,Normal
2023-01-22 11:30:00+08:00,2.2502370349477877e-05,9.029669066112857e-06,5.21822831788077e-09,2.1843573330849646e-17,0.9999684627423561,Shadowing,1,0.9999774976296505,Shadowing,Shadowing,Shadowing,Shadowing,Shadowing
2023-01-22 11:45:00+08:00,0.1907038571602962,0.0002027228671388289,8.169968064293964e-06,4.466679378450399e-13,0.8090852500040541,Shadowing,1,0.8092961428397039,Shadowing,Shadowing,Shadowing,Shadowing,Shadowing
2023-01-22 12:00:00+08:00,0.23165517067139554,8.145441220477174e-05,2.7132239100525996e-05,1.1267274068621667e-12,0.7682362426761725,Shadowing,1,0.7683448293286045,Shadowing,Shadowing,Shadowing,Shadowing,Shadowing
2023-01-22 12:15:00+08:00,0.5287241496468701,4.885976702096484e-07,2.3989659981144197e-06,1.5424743549168064e-10,0.4712729626352141,Normal,0,0.4712758503531299,Normal,Shadowing,Normal,Shadowing,Normal
2023-01-22 12:30:00+08:00,0.0024838137300905805,5.897405660060837e-11,2.8864556255949296e-10,3.227805500627206e-19,0.9975161859222897,Shadowing,1,0.9975161862699095,Shadowing,Shadowing,Shadowing,Shadowing,Shadowing
2023-01-22 12:45:00+08:00,0.26725184507067323,2.7120894103785697e-10,2.4903394898710814e-07,3.213558217930103e-17,0.7327479056241688,Shadowing,1,0.7327481549293268,Shadowing,Shadowing,Shadowing,Normal,Shadowing
2023-01-22 13:00:00+08:00,0.15850491908829517,1.4661127693338065e-15,2.4054002561231758e-12,7.353653405446623e-21,0.841495080909298,Shadowing,1,0.8414950809117048,Shadowing,Shadowing,Shadowing,Shadowing,Normal
2023-01-22 13:15:00+08:00,0.04524973819209753,1.0926962301224201e-05,3.2951395857454317e-06,2.0327360517941482e-13,0.9547360397058122,Shadowing,1,0.9547502618079025,Shadowing,Shadowing,Shadowing,Shadowing,Shadowing
2023-01-22 13:30:00+08:00,0.13960287328689275,0.0002364605969682887,4.2724142813024056e-06,1.6708099184522504e-13,0.8601563937016905,Shadowing,1,0.8603971267131072,Shadowing,Shadowing,Shadowing,Shadowing,Shadowing
2023-01-22 13:45:00+08:00,0.3523804728137661,4.23230404212932e-09,4.036533150268729e-07,1.1106705060015252e-09,0.6476191181899444,Shadowing,1,0.647619527186234,Shadowing,Shadowing,Shadowing,Shadowing,Shadowing
2023-01-22 14:00:00+08:00,0.325085604415732,2.0059605429935736e-09,3.284168555450305e-07,1.6015280681519987e-09,0.6749140635599238,Shadowing,1,0.674914395584268,Shadowing,Shadowing,Shadowing,Shadowing,Shadowing
2023-01-22 14:15:00+08:00,0.2992168991407204,2.570155870071311e-08,6.27677392134985e-07,2.073427001179072e-11,0.7007824474595944,Shadowing,1,0.7007831008592795,Shadowing,Shadowing,Shadowing,Shadowing,Shadowing
2023-01-22 14:30:00+08:00,0.029051973484873733,4.0371750753513196e-08,3.0802033148934947e-07,1.4598154878898807e-12,0.9709476781215842,Shadowing,1,0.9709480265151262,Shadowing,Shadowing,Shadowing,Shadowing,Shadowing
2023-01-22 14:45:00+08:00,0.0008758463198161712,1.2332726678181122e-08,2.732444740655835e-08,1.2698844096033152e-13,0.9991241140228828,Shadowing,1,0.9991241536801838,Shadowing,Shadowing,Shadowing,Shadowing,Shadowing
2023-01-22 15:00:00+08:00,9.680222994627453e-06,2.057624570051372e-06,3.70586666387759e-09,3.2139208407901397e-16,0.9999882584465685,Shadowing,1,0.9999903197770054,Shadowing,Shadowing,Shadowing,Shadowing,Shadowing
2023-01-22 15:15:00+08:00,0.00233068876012654,6.091691046250966e-10,1.4425467487917065e-08,2.662156398636888e-12,0.9976692962025746,Shadowing,1,0.9976693112398735,Shadowing,Shadowing,Shadowing,Shadowing,Shadowing
2023-01-22 15:30:00+08:00,0.007105137672337979,3.4526843244099024e-11,1.1977988031650256e-08,1.6238964844229975e-10,0.9928948501527575,Shadowing,1,0.992894862327662,Shadowing,Shadowing,Shadowing,Shadowing,Shadowing
2023-01-22 15:45:00+08:00,0.1962456324219275,1.3458091767691674e-09,6.8742706280717e-08,3.512229590857647e-09,0.8037542939773277,Shadowing,1,0.8037543675780725,Normal,Shadowing,Shadowing,Shadowing,Shadowing
2023-01-22 16:00:00+08:00,0.00167837733037873,1.4847603109567055e-06,1.502269668154485e-07,4.3382664785930107e-13,0.9983199876819097,Shadowing,1,0.9983216226696213,Shadowing,Shadowing,Shadowing,Shadowing,Shadowing
2023-01-22 16:15:00+08:00,7.439909909158482e-08,1.5783503313489318e-06,7.73874752126147e-12,2.3818854499745533e-20,0.9999983472428309,Shadowing,1,0.9999999256009009,Shadowing,Shadowing,Shadowing,Shadowing,Shadowing
2023-01-22 16:30:00+08:00,2.25594268004043e-06,6.151809642312382e-06,3.991762333337636e-10,1.175821156150946e-15,0.9999915918485002,Shadowing,1,0.99999774405732,Shadowing,Shadowing,Shadowing,Shadowing,Shadowing
2023-01-22 16:45:00+08:00,0.00016138544306573373,1.0333309746392645e-06,3.232762595101848e-08,2.2206773010086817e-11,0.9998375488761269,Shadowing,1,0.9998386145569342,Shadowing,Shadowing,Shadowing,Shadowing,Shadowing
2023-01-22 17:00:00+08:00,0.8825430955852557,9.824805343432377e-11,1.578756106566867e-09,5.657934317909839e-08,0.117456846158397,Normal,0,0.11745690441474432,Normal,Normal,Normal,Normal,Normal
2023-01-22 17:15:00+08:00,0.9348980508803615,3.828578575490649e-11,7.609215605415387e-10,9.335180878771817e-08,0.06510185496862243,Normal,0,0.06510194911963851,Normal,Normal,Normal,Normal,Normal
2023-01-22 17:30:00+08:00,0.9931237150404069,1.1657930572162567e-11,2.6910495829421844e-10,4.4442211573834196e-08,0.0068762402366187025,Normal,0,0.0068762849595931375,Normal,Normal,Normal,Normal,Normal
2023-01-23 07:45:00+08:00,0.7808599251800685,4.273491155115166e-12,1.0326485434836704e-09,3.7742054841983233e-08,0.2191400360409546,Normal,0,0.21914007481993147,Normal,Normal,Normal,Normal,Normal
2023-01-23 08:00:00+08:00,0.5178928740147286,2.9529960975454354e-12,2.4704708965460196e-09,2.4620979105567443e-08,0.4821070988908683,Normal,0,0.4821071259852714,Normal,Normal,Shadowing,Shadowing,Normal
2023-01-23 08:15:00+08:00,0.2933890792124812,2.9933665252189757e-12,5.0130683060307474e-09,7.708723101448806e-09,0.7066109080627341,Shadowing,1,0.7066109207875189,Normal,Shadowing,Shadowing,Shadowing,Shadowing
2023-01-23 08:30:00+08:00,0.2560042501711307,6.215146613943452e-12,1.2773408555892231e-08,3.028288605216096e-09,0.743995734020957,Shadowing,1,0.7439957498288693,Normal,Shadowing,Shadowing,Shadowing,Shadowing
2023-01-23 08:45:00+08:00,0.2742537752911408,1.692046924993159e-10,4.3704303712541274e-08,1.2088665034293698e-08,0.7257461687466857,Shadowing,1,0.7257462247088592,Normal,Shadowing,Shadowing,Shadowing,Shadowing
2023-01-23 09:00:00+08:00,0.001417703050487284,2.486572997057569e-08,1.2113287707467604e-08,4.758536316294529e-13,0.9985822599700193,Shadowing,1,0.9985822969495127,Shadowing,Shadowing,Shadowing,Shadowing,Shadowing
2023-01-23 09:15:00+08:00,2.4849349442233205e-06,3.438521483064507e-06,1.0305007406874532e-09,3.5525148039080715e-17,0.999994075513072,Shadowing,1,0.9999975150650557,Shadowing,Shadowing,Shadowing,Shadowing,Shadowing
2023-01-23 09:30:00+08:00,1.3545365003388906e-06,5.096324369418632e-06,4.950678232751793e-10,6.727681345992581e-18,0.9999935486440623,Shadowing,1,0.9999986454634997,Shadowing,Shadowing,Shadowing,Shadowing,Shadowing
2023-01-23 09:45:00+08:00,2.9813225459528227e-07,1.5300703513792898e-06,1.5749263958859445e-10,2.932014993060065e-19,0.9999981716399013,Shadowing,1,0.9999997018677454,Shadowing,Shadowing,Shadowing,Shadowing,Shadowing
2023-01-23 10:00:00+08:00,0.0006173747844674907,3.507023327542862e-10,2.5722874764700137e-10,2.8777150446109477e-19,0.9993826246076015,Shadowing,1,0.9993826252155326,Shadowing,Shadowing,Shadowing,Shadowing,Shadowing
2023-01-23 10:15:00+08:00,0.0002801492242467783,2.146976109365009e-12,7.1384064318345895e-12,5.101230886200173e-21,0.9997198507664677,Shadowing,1,0.9997198507757532,Shadowing,Shadowing,Shadowing,Shadowing,Shadowing
2023-01-23 10:30:00+08:00,0.3480631219384367,3.329246028642217e-09,3.364542085868217e-07,9.731245356101678e-11,0.6519365381807962,Shadowing,1,0.6519368780615633,Shadowing,Shadowing,Shadowing,Shadowing,Shadowing
2023-01-23 10:45:00+08:00,0.17504560504616012,1.3586220163681067e-13,5.47516106568331e-10,4.108656860688577e-19,0.824954394406188,Shadowing,1,0.8249543949538398,Shadowing,Shadowing,Shadowing,Normal,Shadowing
2023-01-23 11:00:00+08:00,2.5950946670990614e-07,5.302716103694086e-07,1.5717169479820318e-10,2.5157157402244254e-19,0.9999992100617513,Shadowing,1,0.9999997404905333,Shadowing,Shadowing,Shadowing,Shadowing,Shadowing
2023-01-23 11:15:00+08:00,5.035767111764872e-09,9.967217171416468e-08,1.5408866227797388e-12,1.1998815156405993e-21,0.9999998952905204,Shadowing,1,0.9999999949642329,Shadowing,Shadowing,Shadowing,Shadowing,Shadowing
2023-01-23 11:30:00+08:00,0.27943879291058343,1.061782107643125e-15,4.6561373484698826e-14,4.3545028049627816e-23,0.7205612070893688,Shadowing,1,0.7205612070894165,Shadowing,Shadowing,Shadowing,Shadowing,Normal
2023-01-23 11:45:00+08:00,1.603954210275536e-06,1.1565004658992148e-06,8.010540099043125e-10,7.216751690583202e-19,0.9999972387442698,Shadowing,1,0.9999983960457898,Shadowing,Shadowing,Shadowing,Shadowing,Shadowing
2023-01-23 12:00:00+08:00,1.3320603693560444e-07,2.2789715755932422e-08,1.3080733793403547e-11,3.173587047083081e-20,0.9999998439911666,Shadowing,1,0.999999866793963,Shadowing,Shadowing,Shadowing,Shadowing,Shadowing
2023-01-23 12:15:00+08:00,1.1006652952402132e-09,6.41219808334316e-08,2.550550035286092e-13,6.764563490135813e-23,0.9999999347770988,Shadowing,1,0.9999999988993347,Shadowing,Shadowing,Shadowing,Shadowing,Shadowing
2023-01-23 12:30:00+08:00,2.6368415847765652e-08,1.7507287059069316e-06,6.806873470430548e-12,3.5498209585215795e-22,0.9999982228960714,Shadowing,1,0.9999999736315841,Shadowing,Shadowing,Shadowing,Shadowing,Shadowing
2023-01-23 12:45:00+08:00,2.8352660434044147e-08,9.357442148763698e-07,3.4048493142042877e-12,3.215448123400749e-22,0.9999990358997198,Shadowing,1,0.9999999716473396,Shadowing,Shadowing,Shadowing,Shadowing,Shadowing
2023-01-23 13:00:00+08:00,0.08155406289783487,1.3294356335141346e-07,1.489392586706009e-07,3.915779974062422e-10,0.918445654827765,Shadowing,1,0.9184459371021652,Shadowing,Shadowing,Shadowing,Shadowing,Shadowing
2023-01-23 13:15:00+08:00,0.013969191092593713,1.7661025588603428e-07,1.1287064588147907e-07,2.5827963823762135e-10,0.9860305191682249,Shadowing,1,0.9860308089074062,Shadowing,Shadowing,Shadowing,Shadowing,Shadowing
2023-01-23 13:30:00+08:00,0.19262975048622175,4.1306036497197756e-08,6.788704055640148e-08,2.5601477237286993e-09,0.8073701377605534,Shadowing,1,0.8073702495137782,Normal,Shadowing,Shadowing,Shadowing,Shadowing
2023-01-23 13:45:00+08:00,0.1856344814306742,4.20017135873967e-08,7.051233648452399e-08,2.5076081655735077e-09,0.8143654035476675,Shadowing,1,0.8143655185693258,Normal,Shadowing,Shadowing,Shadowing,Shadowing
2023-01-23 14:00:00+08:00,0.23637843716818482,3.134115672196612e-08,4.826163729801306e-08,3.8494269129027775e-09,0.7636214793795942,Shadowing,1,0.7636215628318151,Normal,Shadowing,Shadowing,Shadowing,Shadowing
2023-01-23 14:15:00+08:00,0.890818676155312,1.2384619755726937e-10,2.269205069191695e-09,2.653588235977503e-08,0.10918129491575432,Normal,0,0.10918132384468804,Normal,Normal,Normal,Normal,Normal
2023-01-23 14:30:00+08:00,0.21946756130824668,2.999645012422737e-08,4.942976947172581e-08,4.810263795117561e-09,0.7805323544552699,Shadowing,1,0.7805324386917534,Normal,Shadowing,Shadowing,Shadowing,Shadowing
2023-01-23 14:45:00+08:00,0.18200850695808873,3.357985742928973e-08,6.394339858877209e-08,5.154164051254256e-09,0.8179913903644913,Shadowing,1,0.8179914930419112,Normal,Shadowing,Shadowing,Shadowing,Shadowing
2023-01-23 15:00:00+08:00,0.015351955912750046,1.3930510135951851e-07,1.0779743940278521e-07,3.5220661018591237e-10,0.9846477966325026,Shadowing,1,0.9846480440872499,Shadowing,Shadowing,Shadowing,Shadowing,Shadowing
2023-01-23 15:15:00+08:00,0.3193235320531068,1.9317970499162093e-08,3.0973824702629957e-08,6.105169130715527e-09,0.6806764115499288,Shadowing,1,0.6806764679468932,Normal,Shadowing,Shadowing,Shadowing,Shadowing
2023-01-23 15:30:00+08:00,0.46251852925002446,8.658551109076609e-09,1.75889931134043e-08,9.771646713360732e-09,0.5374814347307847,Shadowing,1,0.5374814707499755,Normal,Shadowing,Shadowing,Shadowing,Shadowing
2023-01-23 15:45:00+08:00,0.32167224736226313,1.8675097916829777e-08,3.003416312278569e-08,6.4298550455768945e-09,0.6783276974986208,Shadowing,1,0.6783277526377369,Normal,Shadowing,Shadowing,Shadowing,Shadowing
2023-01-23 16:00:00+08:00,0.86155149180703,3.0600405981556087e-10,3.0499108506954576e-09,2.5939385008733454e-08,0.13844847889767015,Normal,0,0.13844850819297005,Normal,Normal,Normal,Normal,Normal
2023-01-23 16:15:00+08:00,0.5296975519655828,5.6993380179676215e-09,1.0085879813155408e-08,2.688698801732091e-08,0.4703024053622113,Normal,0,0.47030244803441723,Normal,Shadowing,Shadowing,Normal,Normal
2023-01-23 16:30:00+08:00,0.893973824855065,6.287574088499368e-11,1.410002089348461e-09,5.934111250891068e-08,0.10602611433094469,Normal,0,0.10602617514493495,Normal,Normal,Normal,Normal,Normal
2023-01-23 16:45:00+08:00,0.6656070829301305,1.8534458795651515e-09,4.013901633712456e-09,7.316083596794083e-08,0.33439283804168607,Normal,0,0.3343929170698695,Normal,Shadowing,Shadowing,Normal,Normal
2023-01-23 17:00:00+08:00,0.8585990210393064,2.0722713019993607e-10,1.4832154255606016e-09,9.647645959372876e-08,0.14140088079379146,Normal,0,0.1414009789606936,Normal,Normal,Normal,Normal,Normal
2023-01-23 17:15:00+08:00,0.9643555207406225,3.993742926554493e-11,6.601998980462445e-10,8.792361238058302e-08,0.03564439063562784,Normal,0,0.035644479259377526,Normal,Normal,Normal,Normal,Normal
2023-01-23 17:30:00+08:00,0.9949215654319381,1.1917861798939189e-11,2.694313656215087e-10,3.8865117208545565e-08,0.005078395421595429,Normal,0,0.005078434568061896,Normal,Normal,Normal,Normal,Normal
2023-01-24 07:45:00+08:00,0.9677863249962648,3.089903011104707e-11,5.569311042086808e-10,8.614503280186807e-08,0.03221358827087217,Normal,0,0.032213675003735176,Normal,Normal,Normal,Normal,Normal
2023-01-24 08:00:00+08:00,0.8951457804254348,4.421812403992439e-11,9.458944502267597e-10,9.71401153565769e-08,0.1048541214443373,Normal,0,0.1048542195745652,Normal,Normal,Normal,Normal,Normal
2023-01-24 08:15:00+08:00,0.8716698100459679,2.0068814187858259e-10,2.1284703089417226e-09,3.876855254023307e-08,0.12833014885632124,Normal,0,0.12833018995403211,Normal,Normal,Normal,Normal,Normal
2023-01-24 08:30:00+08:00,0.5724613710878004,4.66553262164884e-09,9.467678081245252e-09,2.413730242948247e-08,0.42753859064168653,Normal,0,0.4275386289121996,Normal,Shadowing,Shadowing,Normal,Shadowing
2023-01-24 08:45:00+08:00,0.11293320498247875,6.691540746057101e-08,1.0981308032286136e-07,1.1604064991180468e-09,0.887066617128627,Shadowing,1,0.8870667950175213,Shadowing,Shadowing,Shadowing,Shadowing,Shadowing
2023-01-24 09:00:00+08:00,0.0013392220494347334,1.0770596749440162e-06,9.11667667181296e-08,1.9028545688198018e-11,0.998659609705095,Shadowing,1,0.9986607779505653,Shadowing,Shadowing,Shadowing,Shadowing,Shadowing
2023-01-24 09:15:00+08:00,1.0027600642007431e-06,6.383591207374715e-06,4.30228063883236e-10,1.3482133175406128e-18,0.9999926132185003,Shadowing,1,0.9999989972399358,Shadowing,Shadowing,Shadowing,Shadowing,Shadowing
2023-01-24 09:30:00+08:00,5.812817238246346e-05,1.2677952141116014e-05,2.386771483650369e-08,8.377105378580956e-14,0.9999291700076777,Shadowing,1,0.9999418718276175,Shadowing,Shadowing,Shadowing,Shadowing,Shadowing
2023-01-24 09:45:00+08:00,0.00015680781396382719,6.037465675858143e-06,4.757330197132211e-08,1.8928239115876297e-13,0.9998371071468689,Shadowing,1,0.9998431921860361,Shadowing,Shadowing,Shadowing,Shadowing,Shadowing
2023-01-24 10:00:00+08:00,1.9252475502334837e-08,1.4880634613444859e-06,4.603728476670371e-12,1.5823139318296685e-22,0.9999984926794594,Shadowing,1,0.9999999807475245,Shadowing,Shadowing,Shadowing,Shadowing,Shadowing
2023-01-24 10:15:00+08:00,1.000776229595377e-05,7.220660488039961e-13,8.480111598948394e-14,4.369526956688466e-23,0.9999899922368973,Shadowing,1,0.999989992237704,Shadowing,Shadowing,Shadowing,Shadowing,Shadowing
2023-01-24 10:30:00+08:00,0.07103525526968991,2.958042036209654e-14,3.4747519499849837e-11,7.578894240682479e-20,0.928964744695533,Shadowing,1,0.9289647447303101,Shadowing,Shadowing,Shadowing,Shadowing,Shadowing
2023-01-24 10:45:00+08:00,0.1756597308597881,3.7804061595209495e-14,1.5372551336760773e-10,2.1683059647403184e-19,0.8243402689864485,Shadowing,1,0.824340269140212,Shadowing,Shadowing,Shadowing,Normal,Shadowing
2023-01-24 11:00:00+08:00,0.3460118980191308,1.9563455608518754e-15,3.070394108510206e-11,2.4441090024228456e-20,0.6539881019501632,Shadowing,1,0.6539881019808692,Shadowing,Shadowing,Shadowing,Normal,Normal
2023-01-24 11:15:00+08:00,0.3797450015962813,7.151744846284354e-15,2.4116389572117137e-10,3.9909925224574815e-20,0.6202549981625476,Shadowing,1,0.6202549984037187,Shadowing,Shadowing,Shadowing,Normal,Normal
2023-01-24 11:30:00+08:00,0.7407449532062512,2.051353974741718e-08,4.831179208953609e-06,9.226962270772118e-16,0.2592501951009991,Normal,0,0.2592550467937488,Shadowing,Shadowing,Normal,Normal,Normal
2023-01-24 11:45:00+08:00,0.930162241587699,1.167021927748697e-08,2.8772323383154e-06,9.808965370341138e-16,0.06983486950974248,Normal,0,0.069837758412301,Normal,Normal,Normal,Normal,Normal
2023-01-24 12:00:00+08:00,0.9800346108181724,8.828323618648809e-09,1.479790680745456e-06,1.3814196770590855e-15,0.01996390056282183,Normal,0,0.019965389181827553,Normal,Normal,Normal,Normal,Normal
2023-01-24 12:15:00+08:00,0.9504042419990484,1.849399801348809e-07,4.225004262648773e-06,8.345930147280343e-15,0.04959134805670068,Normal,0,0.04959575800095162,Normal,Normal,Normal,Normal,Normal
2023-01-24 12:30:00+08:00,0.791191775659226,3.994993734402389e-06,1.0379635309561723e-05,3.2550468320723835e-14,0.20879384971169737,Normal,0,0.20880822434077395,Normal,Normal,Normal,Normal,Normal
2023-01-24 12:45:00+08:00,0.5580553538793958,2.8365572475953165e-05,1.352994133268248e-05,8.031572939041485e-14,0.4419027506067154,Normal,0,0.44194464612060425,Normal,Shadowing,Normal,Shadowing,Normal
2023-01-24 13:00:00+08:00,0.42226143420071993,6.603293916616272e-05,1.122568755914069e-05,1.1115109888819468e-13,0.5776613071724437,Shadowing,1,0.5777385657992801,Shadowing,Shadowing,Shadowing,Shadowing,Normal
2023-01-24 13:15:00+08:00,0.23417065933689357,0.00014262817170746878,7.469798552449104e-06,1.3888689661317295e-13,0.7656792426927076,Shadowing,1,0.7658293406631065,Shadowing,Shadowing,Shadowing,Shadowing,Shadowing
2023-01-24 13:30:00+08:00,0.14731463556616206,0.0002327074511507157,4.688627896413047e-06,1.9849498483810224e-13,0.8524479683545924,Shadowing,1,0.8526853644338379,Shadowing,Shadowing,Shadowing,Shadowing,Shadowing
2023-01-24 13:45:00+08:00,0.08973077520412456,0.0002824573721660256,2.5522068061054435e-06,7.506702386290632e-14,0.9099842152168283,Shadowing,1,0.9102692247958755,Shadowing,Shadowing,Shadowing,Shadowing,Shadowing
2023-01-24 14:00:00+08:00,0.012359513949678349,0.00015496439608809212,4.2909996797186865e-07,9.047966962695228e-15,0.9874850925542565,Shadowing,1,0.9876404860503216,Shadowing,Shadowing,Shadowing,Shadowing,Shadowing
2023-01-24 14:15:00+08:00,0.003525963815739696,1.002920913836324e-05,1.9133093169003155e-07,6.8794230842478175e-15,0.9964638156441833,Shadowing,1,0.9964740361842603,Shadowing,Shadowing,Shadowing,Shadowing,Shadowing
2023-01-24 14:30:00+08:00,0.0009185222165645594,1.5250344987556595e-06,1.4811215638408945e-07,9.084027156624529e-15,0.9990798046367712,Shadowing,1,0.9990814777834355,Shadowing,Shadowing,Shadowing,Shadowing,Shadowing
2023-01-24 14:45:00+08:00,0.00039634349233798083,2.111007239668141e-07,6.792693023554423e-08,2.3768570745480887e-14,0.9996033774799841,Shadowing,1,0.999603656507662,Shadowing,Shadowing,Shadowing,Shadowing,Shadowing
2023-01-24 15:00:00+08:00,0.004854662172439092,5.087263545722493e-09,4.921791019907876e-08,1.0907450450469573e-12,0.9951452835212964,Shadowing,1,0.9951453378275609,Shadowing,Shadowing,Shadowing,Shadowing,Shadowing
2023-01-24 15:15:00+08:00,0.0059994179428474815,4.2345904193938323e-10,2.1554895560373777e-08,2.581644626421655e-12,0.9940005600762165,Shadowing,1,0.9940005820571525,Shadowing,Shadowing,Shadowing,Shadowing,Shadowing
2023-01-24 15:30:00+08:00,0.003100521065345108,3.548113877648599e-10,1.2977780820593444e-08,1.2847622131260593e-11,0.9968994655892149,Shadowing,1,0.9968994789346549,Shadowing,Shadowing,Shadowing,Shadowing,Shadowing
2023-01-24 15:45:00+08:00,0.045712941396668316,8.42832970069724e-10,4.2968285399145e-08,8.09589824273479e-10,0.9542870139826235,Shadowing,1,0.9542870586033316,Shadowing,Shadowing,Shadowing,Shadowing,Shadowing
2023-01-24 16:00:00+08:00,0.3963187976958918,1.3524265472791062e-09,4.911183216603546e-08,8.335334637784316e-09,0.6036811435045148,Shadowing,1,0.6036812023041083,Normal,Shadowing,Shadowing,Shadowing,Shadowing
2023-01-24 16:15:00+08:00,1.762109720863662e-07,3.1968595007777405e-06,1.756719377514367e-11,2.5822233801861085e-19,0.99999662691196,Shadowing,1,0.999999823789028,Shadowing,Shadowing,Shadowing,Shadowing,Shadowing
2023-01-24 16:30:00+08:00,5.089242402381922e-07,5.728720002683187e-06,6.989351790183793e-11,1.5579286081700813e-17,0.9999937622858635,Shadowing,1,0.9999994910757598,Shadowing,Shadowing,Shadowing,Shadowing,Shadowing
2023-01-24 16:45:00+08:00,2.0492853804879146e-05,5.336629066818256e-06,8.327050189173778e-09,1.4816474414684697e-12,0.9999741621885965,Shadowing,1,0.9999795071461951,Shadowing,Shadowing,Shadowing,Shadowing,Shadowing
2023-01-24 17:00:00+08:00,0.7175770056613158,1.259098679557352e-09,3.4022586982588553e-09,7.015192752058569e-08,0.28242291952539933,Normal,0,0.28242299433868423,Normal,Shadowing,Normal,Normal,Normal
2023-01-24 17:15:00+08:00,0.903321734509014,7.22560252502447e-11,1.0180611040365974e-09,9.622055091664331e-08,0.09667816818011803,Normal,0,0.09667826549098602,Normal,Normal,Normal,Normal,Normal
2023-01-24 17:30:00+08:00,0.9762320129623185,3.166337709603205e-11,5.516667087494217e-10,7.749683657362208e-08,0.023767908957514787,Normal,0,0.02376798703768146,Normal,Normal,Normal,Normal,Normal
2023-01-25 07:45:00+08:00,0.7195602065084288,1.2516579748784437e-09,3.406815829881105e-09,6.860696098073848e-08,0.2804397202261365,Normal,0,0.2804397934915712,Normal,Shadowing,Normal,Normal,Normal
2023-01-25 08:00:00+08:00,0.33891025523252655,1.2763577053929003e-08,1.9057538323112215e-08,2.0314678119057313e-08,0.6610896926316799,Shadowing,1,0.6610897447674735,Normal,Shadowing,Shadowing,Shadowing,Shadowing
2023-01-25 08:15:00+08:00,0.1432824956712384,4.307386570624586e-08,8.439956221749092e-08,2.908396339226374e-09,0.8567173739469374,Shadowing,1,0.8567175043287616,Normal,Shadowing,Shadowing,Shadowing,Shadowing
2023-01-25 08:30:00+08:00,0.009797685820449403,2.0933524219004036e-07,1.0615817639663375e-07,2.035254419511428e-10,0.9902019984826065,Shadowing,1,0.9902023141795506,Shadowing,Shadowing,Shadowing,Shadowing,Shadowing
2023-01-25 08:45:00+08:00,5.1306978898571475e-05,9.040928506127663e-06,1.4470008768233212e-08,5.241250797758379e-13,0.9999396376220625,Shadowing,1,0.9999486930211015,Shadowing,Shadowing,Shadowing,Shadowing,Shadowing
2023-01-25 09:00:00+08:00,1.028984770183446e-05,1.2937095848839672e-05,4.028514233622085e-09,3.602788479451776e-15,0.9999767690279316,Shadowing,1,0.9999897101522982,Shadowing,Shadowing,Shadowing,Shadowing,Shadowing
2023-01-25 09:15:00+08:00,6.938186294606618e-06,1.1033341668876794e-05,3.4984186391122505e-09,3.8498082522215945e-16,0.9999820249736174,Shadowing,1,0.9999930618137054,Shadowing,Shadowing,Shadowing,Shadowing,Shadowing
2023-01-25 09:30:00+08:00,4.955689604227537e-07,5.733705649942459e-06,2.2720581612869464e-10,1.2491669823224182e-19,0.9999937704981837,Shadowing,1,0.9999995044310396,Shadowing,Shadowing,Shadowing,Shadowing,Shadowing
2023-01-25 09:45:00+08:00,1.2134104995344907e-08,1.2651225749297359e-06,2.6857804968393423e-12,9.401121602454226e-23,0.9999987227406342,Shadowing,1,0.9999999878658951,Shadowing,Shadowing,Shadowing,Shadowing,Shadowing
2023-01-25 10:00:00+08:00,8.743818204956698e-07,6.7701787534642675e-06,3.8676234414768485e-10,4.351667299432674e-19,0.9999923550526637,Shadowing,1,0.9999991256181795,Shadowing,Shadowing,Shadowing,Shadowing,Shadowing
2023-01-25 10:15:00+08:00,3.3719374439788864e-07,3.803273657819279e-06,1.3880853493418155e-10,6.589748757229195e-20,0.999995859393789,Shadowing,1,0.9999996628062556,Shadowing,Shadowing,Shadowing,Shadowing,Shadowing
2023-01-25 10:30:00+08:00,3.2098450003369526e-06,6.96129720723356e-06,1.2809557571014491e-09,1.0929076093845282e-17,0.9999898275768366,Shadowing,1,0.9999967901549996,Shadowing,Shadowing,Shadowing,Shadowing,Shadowing
2023-01-25 10:45:00+08:00,0.000843991698190582,4.6324122086332853e-07,6.871608859040321e-08,1.9539318241986695e-13,0.9991554763443047,Shadowing,1,0.9991560083018094,Shadowing,Shadowing,Shadowing,Shadowing,Shadowing
2023-01-25 11:00:00+08:00,7.044080900089934e-07,4.130129277576625e-06,3.9632692083144865e-10,6.48276170565818e-19,0.9999951650663055,Shadowing,1,0.99999929559191,Shadowing,Shadowing,Shadowing,Shadowing,Shadowing
2023-01-25 11:15:00+08:00,2.10970856289788e-08,1.677321184465416e-06,4.2391411410957585e-12,1.015338019456116e-21,0.9999983015774909,Shadowing,1,0.9999999789029144,Shadowing,Shadowing,Shadowing,Shadowing,Shadowing
2023-01-25 11:30:00+08:00,9.986978485866619e-07,4.094144696123983e-06,4.285301112762918e-10,2.0021995624371985e-18,0.9999949067289251,Shadowing,1,0.9999990013021514,Shadowing,Shadowing,Shadowing,Shadowing,Shadowing
2023-01-25 11:45:00+08:00,1.7740388008302429e-09,1.936142235282418e-08,2.617930941581998e-13,1.28230606548559e-22,0.9999999788642772,Shadowing,1,0.9999999982259612,Shadowing,Shadowing,Shadowing,Shadowing,Shadowing
2023-01-25 12:00:00+08:00,6.463562110993585e-10,4.627574946521843e-08,1.355574695406061e-13,1.9384241331742476e-23,0.9999999530777588,Shadowing,1,0.9999999993536438,Shadowing,Shadowing,Shadowing,Shadowing,Shadowing
2023-01-25 12:15:00+08:00,4.677766371318491e-10,3.8108638639177836e-07,2.0197266874816406e-13,1.6836444948861823e-23,0.999999618445635,Shadowing,1,0.9999999995322234,Shadowing,Shadowing,Shadowing,Shadowing,Shadowing
2023-01-25 12:30:00+08:00,5.894968791900036e-10,6.874040761186329e-07,3.2255638952073123e-13,3.261220766696732e-23,0.9999993120061046,Shadowing,1,0.9999999994105031,Shadowing,Shadowing,Shadowing,Shadowing,Shadowing
2023-01-25 12:45:00+08:00,7.344083673308916e-08,2.4547175222448868e-06,2.159520064331162e-11,2.879286341144728e-21,0.9999974718200457,Shadowing,1,0.9999999265591633,Shadowing,Shadowing,Shadowing,Shadowing,Shadowing
2023-01-25 13:00:00+08:00,1.217677684851663e-06,7.4457952278404766e-06,7.043310849521403e-10,8.091062606113377e-19,0.9999913358227562,Shadowing,1,0.9999987823223151,Shadowing,Shadowing,Shadowing,Shadowing,Shadowing
2023-01-25 13:15:00+08:00,1.1068074146635622e-05,1.0230166606921603e-05,6.575034214275876e-09,2.288110384376615e-16,0.999978695184212,Shadowing,1,0.9999889319258534,Shadowing,Shadowing,Shadowing,Shadowing,Shadowing
2023-01-25 13:30:00+08:00,0.0001607571586033074,5.551556166840809e-06,4.614158588022647e-08,3.6473401974098166e-13,0.9998336451432792,Shadowing,1,0.9998392428413967,Shadowing,Shadowing,Shadowing,Shadowing,Shadowing
2023-01-25 13:45:00+08:00,0.00015245350094330446,5.838933796765569e-06,4.5252351413201614e-08,3.052730962041041e-13,0.9998416623126033,Shadowing,1,0.9998475464990567,Shadowing,Shadowing,Shadowing,Shadowing,Shadowing
2023-01-25 14:00:00+08:00,4.095678428470645e-06,8.90851776759008e-06,2.2710358550026456e-09,1.3840749185000926e-17,0.9999869935327681,Shadowing,1,0.9999959043215715,Shadowing,Shadowing,Shadowing,Shadowing,Shadowing
2023-01-25 14:15:00+08:00,1.1984308886569402e-06,7.077940092328259e-06,5.342663654478828e-10,8.269371943572727e-19,0.9999917230947528,Shadowing,1,0.9999988015691114,Shadowing,Shadowing,Shadowing,Shadowing,Shadowing
2023-01-25 14:30:00+08:00,1.1244495440104799e-07,3.0434546474692784e-06,3.601727314055544e-11,6.727503268127838e-21,0.9999968440643808,Shadowing,1,0.9999998875550457,Shadowing,Shadowing,Shadowing,Shadowing,Shadowing
2023-01-25 14:45:00+08:00,4.767000142003896e-09,7.912593360100515e-07,6.568894714741878e-13,1.7935852916262814e-23,0.9999992039730069,Shadowing,1,0.9999999952329999,Shadowing,Shadowing,Shadowing,Shadowing,Shadowing
2023-01-25 15:00:00+08:00,3.51954518330396e-05,1.3501570010406697e-05,1.7018270531484326e-08,1.9961129044252443e-14,0.999951285959866,Shadowing,1,0.9999648045481669,Shadowing,Shadowing,Shadowing,Shadowing,Shadowing
2023-01-25 15:15:00+08:00,5.506324380132633e-05,1.3201644417333414e-05,2.3818569585095706e-08,5.8682623941155e-14,0.9999317112931531,Shadowing,1,0.9999449367561987,Shadowing,Shadowing,Shadowing,Shadowing,Shadowing
2023-01-25 15:30:00+08:00,7.399174080062563e-05,1.0298638492301423e-05,2.95434286698911e-08,8.855600251579195e-14,0.99991568007719,Shadowing,1,0.9999260082591994,Shadowing,Shadowing,Shadowing,Shadowing,Shadowing
2023-01-25 15:45:00+08:00,0.017453930036105438,4.0257497929316604e-08,6.491475438719176e-08,7.233022562153213e-12,0.9825459647844091,Shadowing,1,0.9825460699638946,Shadowing,Shadowing,Shadowing,Shadowing,Shadowing
2023-01-25 16:00:00+08:00,0.1635829882588545,7.433659886591846e-08,9.964058580522257e-08,8.593148321799953e-10,0.8364168369046461,Shadowing,1,0.8364170117411455,Normal,Shadowing,Shadowing,Shadowing,Shadowing
2023-01-25 16:15:00+08:00,1.824237853123171e-05,1.3431981745860502e-05,7.424852675018704e-09,1.3592381168207594e-14,0.9999683182148565,Shadowing,1,0.9999817576214688,Shadowing,Shadowing,Shadowing,Shadowing,Shadowing
2023-01-25 16:30:00+08:00,0.193808677593741,4.5442020827928805e-08,7.016096723552463e-08,2.1386185273642664e-09,0.8061912046646524,Shadowing,1,0.806191322406259,Normal,Shadowing,Shadowing,Shadowing,Shadowing
2023-01-25 16:45:00+08:00,2.564065357940056e-05,7.057171088498441e-06,7.617799782016073e-09,9.883798872611177e-13,0.999967294556544,Shadowing,1,0.9999743593464206,Shadowing,Shadowing,Shadowing,Shadowing,Shadowing
2023-01-25 17:00:00+08:00,0.7250131136933391,1.4293394294130025e-09,3.816117855944354e-09,4.774638241410609e-08,0.2749868333148212,Normal,0,0.2749868863066609,Normal,Shadowing,Normal,Normal,Normal
2023-01-25 17:15:00+08:00,0.8969531180948616,6.275904777126307e-11,1.0473237608561396e-09,9.720768700856875e-08,0.10304678358736863,Normal,0,0.10304688190513844,Normal,Normal,Normal,Normal,Normal
2023-01-25 17:30:00+08:00,0.9833889842804817,2.2797539802959074e-11,4.421794130357356e-10,6.608249555702085e-08,0.01661094917204578,Normal,0,0.016611015719518285,Normal,Normal,Normal,Normal,Normal
2023-01-26 07:45:00+08:00,0.8948725296458031,5.021625920726665e-11,1.2869387206594495e-09,6.83939648931953e-08,0.10512740062307699,Normal,0,0.1051274703541969,Normal,Normal,Normal,Normal,Normal
2023-01-26 08:00:00+08:00,0.8874486436580096,1.5052446615795334e-10,2.029791137552476e-09,3.372906994130497e-08,0.11255132043260478,Normal,0,0.11255135634199043,Normal,Normal,Normal,Normal,Normal
2023-01-26 08:15:00+08:00,0.5212421049260734,5.953447232877219e-09,1.1060920774896187e-08,2.1891831144939974e-08,0.47875785616772754,Normal,0,0.47875789507392663,Normal,Shadowing,Shadowing,Normal,Shadowing
2023-01-26 08:30:00+08:00,0.4954747511518433,6.760573038228453e-09,1.2839149106511421e-08,1.6583690964174972e-08,0.5045252126647436,Shadowing,1,0.5045252488481566,Normal,Shadowing,Shadowing,Shadowing,Shadowing
2023-01-26 08:45:00+08:00,0.26973896787213636,2.545912214234928e-08,3.963784383135778e-08,4.791563193511985e-09,0.7302609622393345,Shadowing,1,0.7302610321278636,Normal,Shadowing,Shadowing,Shadowing,Shadowing
2023-01-26 09:00:00+08:00,0.5269017754827857,5.7981720076762455e-09,1.1199114628419747e-08,2.029971574446211e-08,0.473098187220212,Normal,0,0.4730982245172143,Normal,Shadowing,Shadowing,Normal,Shadowing
2023-01-26 09:15:00+08:00,0.05634064407791896,1.2910143513960863e-07,1.432506920791572e-07,4.1195601971932903e-10,0.9436590831579978,Shadowing,1,0.9436593559220811,Shadowing,Shadowing,Shadowing,Shadowing,Shadowing
2023-01-26 09:30:00+08:00,0.0010131995255516725,1.4842225371186848e-06,9.26638616981485e-08,1.0236047793822788e-11,0.9989852235778136,Shadowing,1,0.9989868004744483,Shadowing,Shadowing,Shadowing,Shadowing,Shadowing
2023-01-26 09:45:00+08:00,2.7038996905842308e-05,9.991506280791604e-06,1.5447818072763007e-08,1.5254186306078261e-15,0.9999629540489938,Shadowing,1,0.9999729610030942,Shadowing,Shadowing,Shadowing,Shadowing,Shadowing
2023-01-26 10:00:00+08:00,3.593184140446795e-07,5.1881481934901154e-06,1.632809254021915e-10,6.921277766737376e-20,0.9999944523701115,Shadowing,1,0.999999640681586,Shadowing,Shadowing,Shadowing,Shadowing,Shadowing
2023-01-26 10:15:00+08:00,6.006465574782123e-05,1.2610408723250755e-05,2.7654276650672078e-08,2.6874750385624657e-14,0.9999272972812255,Shadowing,1,0.9999399353442522,Shadowing,Shadowing,Shadowing,Shadowing,Shadowing
2023-01-26 10:30:00+08:00,0.0006747429012383703,2.281654272862924e-06,8.867126037401312e-08,2.184344045100053e-12,0.9993228867710441,Shadowing,1,0.9993252570987616,Shadowing,Shadowing,Shadowing,Shadowing,Shadowing
2023-01-26 10:45:00+08:00,1.0056319483436517e-05,9.13786533199987e-06,5.944268583449521e-09,1.3747677466882222e-16,0.9999807998709158,Shadowing,1,0.9999899436805165,Shadowing,Shadowing,Shadowing,Shadowing,Shadowing
2023-01-26 11:00:00+08:00,5.206778720442987e-08,2.2394826447502887e-06,1.2711343723944778e-11,5.4659742604592074e-21,0.9999977084368566,Shadowing,1,0.9999999479322128,Shadowing,Shadowing,Shadowing,Shadowing,Shadowing
2023-01-26 11:15:00+08:00,3.9365389323796974e-09,2.6559624944466815e-07,1.5635718625762699e-12,8.394074123298882e-22,0.999999730465648,Shadowing,1,0.999999996063461,Shadowing,Shadowing,Shadowing,Shadowing,Shadowing
2023-01-26 11:30:00+08:00,2.5955827598994528e-08,5.619067577720334e-07,1.555830833113094e-11,1.927613265564996e-20,0.9999994121218563,Shadowing,1,0.9999999740441724,Shadowing,Shadowing,Shadowing,Shadowing,Shadowing
2023-01-26 11:45:00+08:00,4.861010742398715e-06,2.5605798668803374e-09,3.433004227248374e-11,4.311200643143424e-20,0.9999951363943478,Shadowing,1,0.9999951389892576,Shadowing,Shadowing,Shadowing,Shadowing,Shadowing
2023-01-26 12:00:00+08:00,1.0555590533031833e-06,8.397538549463943e-09,3.544256491169697e-11,6.284418315759185e-20,0.9999989360079656,Shadowing,1,0.9999989444409467,Shadowing,Shadowing,Shadowing,Shadowing,Shadowing
2023-01-26 12:15:00+08:00,0.0010668415653242204,3.6454866655632574e-11,1.2190236211184285e-10,1.1847313363939664e-19,0.9989331582763186,Shadowing,1,0.9989331584346758,Shadowing,Shadowing,Shadowing,Shadowing,Shadowing
2023-01-26 12:30:00+08:00,0.00012089904011247506,4.41353203305338e-10,8.280487304156176e-11,8.387008916678955e-20,0.9998791004357296,Shadowing,1,0.9998791009598875,Shadowing,Shadowing,Shadowing,Shadowing,Shadowing
2023-01-26 12:45:00+08:00,5.39150719432051e-08,1.234628084183394e-07,2.0875989192624575e-11,3.9351158968793776e-20,0.9999998226012436,Shadowing,1,0.999999946084928,Shadowing,Shadowing,Shadowing,Shadowing,Shadowing
2023-01-26 13:00:00+08:00,0.00022340527987872863,1.3059334009273833e-09,1.891675223234959e-10,2.6714782778894563e-19,0.9997765932250203,Shadowing,1,0.9997765947201213,Shadowing,Shadowing,Shadowing,Shadowing,Shadowing
2023-01-26 13:15:00+08:00,0.001544228526184677,7.520505666789681e-11,2.4214163899506315e-10,2.500697160438405e-19,0.9984557711564687,Shadowing,1,0.9984557714738154,Shadowing,Shadowing,Shadowing,Shadowing,Shadowing
2023-01-26 13:30:00+08:00,0.0027927653553025825,7.858354118399397e-10,1.0284658886961516e-09,8.974554243277486e-19,0.997207232830396,Shadowing,1,0.9972072346446974,Shadowing,Shadowing,Shadowing,Shadowing,Shadowing
2023-01-26 13:45:00+08:00,0.0004386056142794916,1.8599058903190506e-08,1.4554205218633475e-09,1.8496843548895073e-18,0.9995613743312411,Shadowing,1,0.9995613943857206,Shadowing,Shadowing,Shadowing,Shadowing,Shadowing
2023-01-26 14:00:00+08:00,9.359106899021991e-06,7.02334983866899e-07,3.474426169314436e-09,1.4405562935030239e-18,0.9999899350836909,Shadowing,1,0.999990640893101,Shadowing,Shadowing,Shadowing,Shadowing,Shadowing
2023-01-26 14:15:00+08:00,0.3200303844472322,1.6145144925482676e-09,2.494460888939456e-07,6.884951686676043e-11,0.679969364423315,Shadowing,1,0.6799696155527678,Shadowing,Shadowing,Shadowing,Shadowing,Shadowing
2023-01-26 14:30:00+08:00,1.4875968586598656e-06,3.476270437356053e-06,6.644197879855157e-10,1.4646464339559022e-17,0.9999950354682842,Shadowing,1,0.9999985124031413,Shadowing,Shadowing,Shadowing,Shadowing,Shadowing
2023-01-26 14:45:00+08:00,4.4963641761378535e-07,3.839307891313376e-06,2.362298622690983e-10,3.9847816915414707e-19,0.999995710819461,Shadowing,1,0.9999995503635823,Shadowing,Shadowing,Shadowing,Shadowing,Shadowing
2023-01-26 15:00:00+08:00,2.647597157001248e-05,5.11587488218996e-07,4.304994151432978e-09,3.0382763041397803e-15,0.9999730081359447,Shadowing,1,0.99997352402843,Shadowing,Shadowing,Shadowing,Shadowing,Shadowing
2023-01-26 15:15:00+08:00,1.4226451886473803e-05,8.183367405817037e-06,8.146316798037918e-09,3.5514718973782743e-16,0.9999775820343905,Shadowing,1,0.9999857735481136,Shadowing,Shadowing,Shadowing,Shadowing,Shadowing
2023-01-26 15:30:00+08:00,0.0019332382820225265,1.392366640433589e-06,1.3763903601921413e-07,3.137192478960564e-12,0.998065231709164,Shadowing,1,0.9980667617179775,Shadowing,Shadowing,Shadowing,Shadowing,Shadowing
2023-01-26 15:45:00+08:00,0.0006362353635222045,2.10398840902567e-06,8.253964381864702e-08,3.738534401133573e-12,0.9993615781046865,Shadowing,1,0.9993637646364778,Shadowing,Shadowing,Shadowing,Shadowing,Shadowing
2023-01-26 16:00:00+08:00,0.04862669250189253,1.9027781699539503e-07,1.61422427572234e-07,2.372349314630709e-10,0.9513729555606281,Shadowing,1,0.9513733074981074,Shadowing,Shadowing,Shadowing,Shadowing,Shadowing
2023-01-26 16:15:00+08:00,0.3082618500533173,2.273622821156144e-08,3.5419576725095864e-08,4.366861573662388e-09,0.6917380874240161,Shadowing,1,0.6917381499466827,Normal,Shadowing,Shadowing,Shadowing,Shadowing
2023-01-26 16:30:00+08:00,0.40084965440591,1.2017761782075364e-08,2.1296147912851568e-08,8.976446776725613e-09,0.5991503033037336,Shadowing,1,0.59915034559409,Normal,Shadowing,Shadowing,Shadowing,Shadowing
2023-01-26 16:45:00+08:00,0.7201516272597328,2.0754972978236254e-09,6.282131673194357e-09,2.504524671492006e-08,0.2798483393373915,Normal,0,0.2798483727402672,Normal,Normal,Normal,Normal,Normal
2023-01-26 17:00:00+08:00,0.906658558915224,9.126992499967661e-11,1.8867526307555818e-09,2.9348736240303454e-08,0.09334140975801723,Normal,0,0.09334144108477604,Normal,Normal,Normal,Normal,Normal
2023-01-26 17:15:00+08:00,0.9037334384239081,3.5896090360856836e-11,8.09568428677952e-10,9.605254450147475e-08,0.09626646467808285,Normal,0,0.09626656157609192,Normal,Normal,Normal,Normal,Normal
2023-01-26 17:30:00+08:00,0.9972949136341496,5.567782479221945e-12,1.49537056186719e-10,2.8618110124214858e-08,0.0027050575926354653,Normal,0,0.0027050863658504287,Normal,Normal,Normal,Normal,Normal
2023-01-27 07:45:00+08:00,0.8910189997889667,3.3114853014015696e-11,1.1896393928513458e-09,6.512329326844629e-08,0.10898093386498578,Normal,0,0.1089810002110333,Normal,Normal,Normal,Normal,Normal
2023-01-27 08:00:00+08:00,0.9171909723169727,5.3508467414966765e-11,1.8281830503031178e-09,2.726857253888273e-08,0.08280899853276341,Normal,0,0.08280902768302734,Normal,Normal,Normal,Normal,Normal
2023-01-27 08:15:00+08:00,0.8541498626802007,3.978359454192839e-10,3.119669061644519e-09,2.668924567637136e-08,0.14585010711304852,Normal,0,0.14585013731979934,Normal,Normal,Normal,Normal,Normal
2023-01-27 08:30:00+08:00,0.4011980901641741,1.2053284289916409e-08,2.1397629016218552e-08,8.881994636151616e-09,0.598801867502918,Shadowing,1,0.5988019098358259,Normal,Shadowing,Shadowing,Shadowing,Shadowing
2023-01-27 08:45:00+08:00,0.03130602543802252,2.2595132621883274e-07,1.5564889646679675e-07,1.8989359232077437e-10,0.9686935927718612,Shadowing,1,0.9686939745619775,Shadowing,Shadowing,Shadowing,Shadowing,Shadowing
2023-01-27 09:00:00+08:00,0.006870198454020598,5.790749983121664e-07,1.407959078137678e-07,4.486839264054232e-11,0.9931290816302049,Shadowing,1,0.9931298015459794,Shadowing,Shadowing,Shadowing,Shadowing,Shadowing
2023-01-27 09:15:00+08:00,0.00017707165909073162,5.113974038712463e-06,4.81047708891394e-08,4.686750861728975e-13,0.999817766261631,Shadowing,1,0.9998229283409092,Shadowing,Shadowing,Shadowing,Shadowing,Shadowing
2023-01-27 09:30:00+08:00,0.11142538069758126,1.2884659345037977e-07,1.4737816412019808e-07,3.5063340279121955e-10,0.8885743427270277,Shadowing,1,0.8885746193024188,Shadowing,Shadowing,Shadowing,Shadowing,Shadowing
2023-01-27 09:45:00+08:00,0.07181591731764704,1.7243606847730715e-07,1.6667152364355828e-07,2.486713343404851e-10,0.9281837433260895,Shadowing,1,0.928184082682353,Shadowing,Shadowing,Shadowing,Shadowing,Shadowing
2023-01-27 10:00:00+08:00,0.0005087758160101936,2.6958161693345913e-06,8.012066299944121e-08,1.4296372996394175e-12,0.9994884482457278,Shadowing,1,0.9994912241839898,Shadowing,Shadowing,Shadowing,Shadowing,Shadowing
2023-01-27 10:15:00+08:00,0.0064356706917074345,6.986587297995186e-07,1.5768971358663985e-07,2.4734396139367418e-11,0.9935634729351147,Shadowing,1,0.9935643293082925,Shadowing,Shadowing,Shadowing,Shadowing,Shadowing
2023-01-27 10:30:00+08:00,5.5642462280671486e-05,1.1311146710491265e-05,2.699072247953443e-08,1.4770088325506388e-14,0.9999330194002715,Shadowing,1,0.9999443575377194,Shadowing,Shadowing,Shadowing,Shadowing,Shadowing
2023-01-27 10:45:00+08:00,0.2177358966896757,5.2660802559356485e-08,6.88723532290322e-08,1.2914347822213718e-09,0.7822639804857336,Shadowing,1,0.7822641033103244,Normal,Shadowing,Shadowing,Shadowing,Shadowing
2023-01-27 11:00:00+08:00,0.0219576840669775,3.1456132140387903e-07,1.6204956840884424e-07,1.1341068167720518e-10,0.978041839208722,Shadowing,1,0.9780423159330225,Shadowing,Shadowing,Shadowing,Shadowing,Shadowing
2023-01-27 11:15:00+08:00,6.548334194167578e-05,1.0942755850588907e-05,3.0766766317423855e-08,1.509194853194063e-14,0.9999235431354263,Shadowing,1,0.9999345166580583,Shadowing,Shadowing,Shadowing,Shadowing,Shadowing
2023-01-27 11:30:00+08:00,3.817667231487775e-07,4.8407831871297845e-06,1.4462232085829854e-10,8.010947789485275e-20,0.9999947773054674,Shadowing,1,0.9999996182332769,Shadowing,Shadowing,Shadowing,Shadowing,Shadowing
2023-01-27 11:45:00+08:00,1.2784879358687692e-05,1.050114816972614e-05,7.323126518186811e-09,3.741640561219525e-16,0.9999767066493448,Shadowing,1,0.9999872151206413,Shadowing,Shadowing,Shadowing,Shadowing,Shadowing
2023-01-27 12:00:00+08:00,2.69861831067677e-05,9.100448457249645e-06,1.532423847490731e-08,1.3374746031477072e-15,0.9999638980441962,Shadowing,1,0.9999730138168932,Shadowing,Shadowing,Shadowing,Shadowing,Shadowing
2023-01-27 12:15:00+08:00,0.0008439373694008011,2.0070315475462e-06,9.67487272698966e-08,2.8059931243645795e-12,0.9991539588475185,Shadowing,1,0.9991560626305992,Shadowing,Shadowing,Shadowing,Shadowing,Shadowing
2023-01-27 12:30:00+08:00,0.010034159353818836,5.339744848372424e-07,1.6037324219109292e-07,4.6217801922657644e-11,0.9899651462522362,Shadowing,1,0.9899658406461812,Shadowing,Shadowing,Shadowing,Shadowing,Shadowing
2023-01-27 12:45:00+08:00,0.00206986274004074,1.2647656095256958e-06,1.3249643594724164e-07,6.132454777504834e-12,0.9979287399917812,Shadowing,1,0.9979301372599593,Shadowing,Shadowing,Shadowing,Shadowing,Shadowing
2023-01-27 13:00:00+08:00,0.0189806171261714,5.162174825698565e-07,2.465234360162998e-07,8.58678663779438e-12,0.9810186201243232,Shadowing,1,0.9810193828738286,Shadowing,Shadowing,Shadowing,Shadowing,Shadowing
2023-01-27 13:15:00+08:00,5.886507182252658e-07,4.5056743872597455e-06,2.530548574515227e-10,2.0387065417657823e-19,0.9999949054218396,Shadowing,1,0.9999994113492817,Shadowing,Shadowing,Shadowing,Shadowing,Shadowing
2023-01-27 13:30:00+08:00,5.132290317313937e-07,2.8940462953203286e-10,1.0973272967638711e-12,9.636842039469235e-22,0.9999994864804662,Shadowing,1,0.9999994867709683,Shadowing,Shadowing,Shadowing,Shadowing,Shadowing
2023-01-27 13:45:00+08:00,0.004824884909913228,2.0679936917653567e-15,3.06305575721791e-14,6.407467483675618e-23,0.9951751150900542,Shadowing,1,0.9951751150900868,Shadowing,Shadowing,Shadowing,Shadowing,Shadowing
2023-01-27 14:00:00+08:00,2.3088936509252955e-06,6.243558733050389e-06,6.979910137591769e-10,1.4438048720681963e-17,0.9999914468496248,Shadowing,1,0.9999976911063491,Shadowing,Shadowing,Shadowing,Shadowing,Shadowing
2023-01-27 14:15:00+08:00,0.21395525221019845,1.910515713303012e-08,3.7741659021025964e-07,4.0184941195531266e-10,0.7860443508662047,Shadowing,1,0.7860447477898016,Shadowing,Shadowing,Shadowing,Shadowing,Shadowing
2023-01-27 14:30:00+08:00,0.3268466758193074,3.367964236107161e-09,3.1998227573514734e-07,5.562123506198366e-11,0.6731530007748315,Shadowing,1,0.6731533241806926,Shadowing,Shadowing,Shadowing,Shadowing,Shadowing
2023-01-27 14:45:00+08:00,1.4204554670057661e-05,2.5696213381666964e-08,3.702413314450035e-10,7.259010859996424e-19,0.9999857693788753,Shadowing,1,0.99998579544533,Shadowing,Shadowing,Shadowing,Shadowing,Shadowing
2023-01-27 15:00:00+08:00,0.27064781617644124,1.5981329074582033e-09,2.2735276879590801e-07,6.11817903762505e-11,0.7293519548114753,Shadowing,1,0.7293521838235588,Shadowing,Shadowing,Shadowing,Shadowing,Shadowing
2023-01-27 15:15:00+08:00,0.11650454857172061,2.7279974072165326e-10,1.0671434716886479e-07,1.1506692577110602e-10,0.8834953443260656,Shadowing,1,0.8834954514282793,Shadowing,Shadowing,Shadowing,Shadowing,Shadowing
2023-01-27 15:30:00+08:00,0.052734055572674375,2.4119495880344527e-11,4.5618542838387705e-08,1.7993990440248533e-10,0.9472658986047232,Shadowing,1,0.9472659444273256,Shadowing,Shadowing,Shadowing,Shadowing,Shadowing
2023-01-27 15:45:00+08:00,0.003531534823507647,8.247647009098456e-10,1.3807515990071776e-08,1.8445830327750583e-11,0.9964684505257659,Shadowing,1,0.9964684651764923,Shadowing,Shadowing,Shadowing,Shadowing,Shadowing
2023-01-27 16:00:00+08:00,0.07154233149446262,2.402221726557638e-09,6.681519009833079e-08,6.22278780522028e-10,0.9284575986658468,Shadowing,1,0.9284576685055373,Shadowing,Shadowing,Shadowing,Shadowing,Shadowing
2023-01-27 16:15:00+08:00,0.0015319090744713487,1.3053390365657013e-06,1.1188309067165506e-07,9.50670880240542e-12,0.9984666736938946,Shadowing,1,0.9984680909255287,Shadowing,Shadowing,Shadowing,Shadowing,Shadowing
2023-01-27 16:30:00+08:00,0.0002197075840961063,2.597248101434121e-06,4.250285312677252e-08,5.142933516261501e-12,0.9997776526598064,Shadowing,1,0.9997802924159039,Shadowing,Shadowing,Shadowing,Shadowing,Shadowing
2023-01-27 16:45:00+08:00,0.34598964122564785,1.6536680272332592e-08,2.729737259416215e-08,6.9401837484236554e-09,0.6540103080001155,Shadowing,1,0.6540103587743522,Normal,Shadowing,Shadowing,Shadowing,Shadowing
2023-01-27 17:00:00+08:00,0.9139951193193306,6.402420635908549e-11,1.909274568843559e-09,2.7353009166712872e-08,0.08600485135436141,Normal,0,0.08600488068066936,Normal,Normal,Normal,Normal,Normal
2023-01-27 17:15:00+08:00,0.8861726625815602,3.39954248654838e-11,1.1225972242071862e-09,7.393176556402817e-08,0.11382726233008136,Normal,0,0.11382733741843976,Normal,Normal,Normal,Normal,Normal
2023-01-27 17:30:00+08:00,0.9701022141496516,2.3198319026260035e-11,4.687619060673313e-10,8.31603063865916e-08,0.02989770219808192,Normal,0,0.029897785850348413,Normal,Normal,Normal,Normal,Normal
2023-01-28 07:45:00+08:00,0.8787570706775207,2.1367188526141178e-11,1.7589131198776092e-09,2.5856923145525028e-08,0.12124290168527567,Normal,0,0.12124292932247926,Normal,Normal,Normal,Normal,Normal
2023-01-28 08:00:00+08:00,0.8196487681095164,6.227799498003476e-11,4.107208732517748e-09,2.1722853090275718e-08,0.1803512059981437,Normal,0,0.18035123189048363,Normal,Normal,Normal,Normal,Normal
2023-01-28 08:15:00+08:00,0.6999380796532976,2.401622475854254e-10,9.261712423214556e-09,1.7305405359762383e-08,0.3000618935394224,Normal,0,0.3000619203467024,Normal,Normal,Normal,Normal,Shadowing
2023-01-28 08:30:00+08:00,0.5004346367528403,1.395955741658526e-09,2.288379720980216e-08,5.345635392779643e-09,0.4995653336217714,Normal,0,0.4995653632471597,Normal,Shadowing,Normal,Shadowing,Shadowing
2023-01-28 08:45:00+08:00,0.16690558267724223,7.033884909316601e-08,1.330169273191161e-07,5.971574145237085e-11,0.8330942139072656,Shadowing,1,0.8330944173227578,Normal,Shadowing,Shadowing,Shadowing,Shadowing
2023-01-28 09:00:00+08:00,3.342731038581683e-05,7.3650631649557e-07,6.663988425556994e-09,4.816757622652863e-15,0.9999658295193044,Shadowing,1,0.9999665726896142,Shadowing,Shadowing,Shadowing,Shadowing,Shadowing
2023-01-28 09:15:00+08:00,2.6560573429070064e-07,3.2552460978782593e-06,1.135546555496058e-10,3.7464328864278645e-19,0.9999964790346132,Shadowing,1,0.9999997343942657,Shadowing,Shadowing,Shadowing,Shadowing,Shadowing
2023-01-28 09:30:00+08:00,4.005870745815185e-08,2.8901027527763865e-06,9.9496789276114e-12,1.7606317074487278e-20,0.9999970698285902,Shadowing,1,0.9999999599412925,Shadowing,Shadowing,Shadowing,Shadowing,Shadowing
2023-01-28 09:45:00+08:00,3.668228000531607e-07,1.866627426478502e-08,2.614165906266043e-11,6.720021841439951e-20,0.9999996144847841,Shadowing,1,0.9999996331772,Shadowing,Shadowing,Shadowing,Shadowing,Shadowing
2023-01-28 10:00:00+08:00,0.0003094987764678598,5.605520837183156e-11,7.037878967483834e-11,5.382499354283557e-20,0.9996905010970982,Shadowing,1,0.9996905012235321,Shadowing,Shadowing,Shadowing,Shadowing,Shadowing
2023-01-28 10:15:00+08:00,0.011366288306030146,2.6156069852457555e-13,3.892992378301562e-11,5.4018135444727437e-20,0.9886337116547784,Shadowing,1,0.9886337116939699,Shadowing,Shadowing,Shadowing,Shadowing,Shadowing
2023-01-28 10:30:00+08:00,0.06766930540179786,4.011698378511045e-14,4.561148350526917e-11,9.261366850525511e-20,0.9323306945525506,Shadowing,1,0.9323306945982022,Shadowing,Shadowing,Shadowing,Shadowing,Shadowing
2023-01-28 10:45:00+08:00,0.20523489476422893,1.9805567927034925e-14,1.0462152559585821e-10,1.6139726190115227e-19,0.7947651051311297,Shadowing,1,0.794765105235771,Shadowing,Shadowing,Shadowing,Normal,Shadowing
2023-01-28 11:00:00+08:00,0.36189039512761634,1.6692572737629398e-15,3.02212569734806e-11,1.720762114492919e-20,0.6381096048421606,Shadowing,1,0.6381096048723837,Shadowing,Shadowing,Shadowing,Normal,Normal
2023-01-28 11:15:00+08:00,0.3895358256840396,1.5032922387252233e-15,6.250954518483665e-11,8.973446991849908e-21,0.6104641742534492,Shadowing,1,0.6104641743159605,Shadowing,Shadowing,Shadowing,Normal,Normal
2023-01-28 11:30:00+08:00,0.6839223614297385,2.6977002734290376e-09,5.639461349176784e-06,2.34015933793174e-16,0.31607199641121186,Normal,0,0.3160776385702615,Shadowing,Shadowing,Normal,Normal,Normal
2023-01-28 11:45:00+08:00,0.9171012288385759,2.2424376931139655e-09,5.007611166456817e-06,2.96238473961447e-16,0.0828937613078196,Normal,0,0.08289877116142408,Normal,Normal,Normal,Normal,Normal
2023-01-28 12:00:00+08:00,0.9932010433467333,1.8531444205491544e-09,1.070305007708582e-06,6.781931186894688e-16,0.0067978844951139625,Normal,0,0.006798956653266686,Normal,Normal,Normal,Normal,Normal
2023-01-28 12:15:00+08:00,0.9857825254121881,8.61440710320453e-09,1.962027292034285e-06,1.88921621139444e-15,0.014215503946110864,Normal,0,0.014217474587811862,Normal,Normal,Normal,Normal,Normal
2023-01-28 12:30:00+08:00,0.9444495425419055,2.6408779394109587e-07,5.471669800547387e-06,9.208605407806791e-15,0.05554472170049085,Normal,0,0.055550457458094504,Normal,Normal,Normal,Normal,Normal
2023-01-28 12:45:00+08:00,0.8989721221153815,7.50508678733547e-07,5.295682349288659e-06,1.6253131307452477e-14,0.10102183169357419,Normal,0,0.10102787788461853,Normal,Normal,Normal,Normal,Normal
2023-01-28 13:00:00+08:00,0.8448795524830223,1.0557982414589127e-06,4.191545111225692e-06,1.9655341217084052e-14,0.1551152001736053,Normal,0,0.15512044751697773,Normal,Normal,Normal,Normal,Normal
2023-01-28 13:15:00+08:00,0.3876297275858351,3.769302427824152e-05,6.616132733404891e-06,7.224482647878082e-14,0.6123259632570811,Shadowing,1,0.6123702724141649,Shadowing,Shadowing,Normal,Shadowing,Shadowing
2023-01-28 13:30:00+08:00,0.2625962328452976,2.26117799920171e-05,2.7923203510177286e-06,2.2573447281170625e-14,0.7373783630543368,Shadowing,1,0.7374037671547025,Shadowing,Shadowing,Normal,Shadowing,Shadowing
2023-01-28 13:45:00+08:00,0.028420898301806375,2.560932713069327e-05,5.592754799206919e-07,4.193827430082387e-15,0.9715529330955788,Shadowing,1,0.9715791016981936,Shadowing,Shadowing,Shadowing,Shadowing,Shadowing
2023-01-28 14:00:00+08:00,0.0030257692217732246,1.1691668140958345e-05,1.026036576778193e-07,3.9276118601134747e-16,0.9969624365064277,Shadowing,1,0.9969742307782268,Shadowing,Shadowing,Shadowing,Shadowing,Shadowing
2023-01-28 14:15:00+08:00,0.0005477811619049552,1.3449647129472174e-05,4.758152755082163e-08,1.8230401977854415e-16,0.9994387216094379,Shadowing,1,0.9994522188380951,Shadowing,Shadowing,Shadowing,Shadowing,Shadowing
2023-01-28 14:30:00+08:00,0.0002664768712314093,5.261835410744445e-06,4.840119611068536e-08,1.1984150352968065e-15,0.9997282128921606,Shadowing,1,0.9997335231287686,Shadowing,Shadowing,Shadowing,Shadowing,Shadowing
2023-01-28 14:45:00+08:00,0.00014656134960390797,1.0438922976888874e-06,4.547319727207885e-08,3.5294600420446265e-15,0.9998523492848974,Shadowing,1,0.9998534386503961,Shadowing,Shadowing,Shadowing,Shadowing,Shadowing
2023-01-28 15:00:00+08:00,0.00021417238382906374,6.770489338504472e-08,2.7576985588906854e-08,2.3624368342576357e-14,0.9997857323342684,Shadowing,1,0.999785827616171,Shadowing,Shadowing,Shadowing,Shadowing,Shadowing
2023-01-28 15:15:00+08:00,0.002687822948858566,1.0676168450533242e-09,1.934517994414279e-08,4.669201555431223e-13,0.9973121566378778,Shadowing,1,0.9973121770511414,Shadowing,Shadowing,Shadowing,Shadowing,Shadowing
2023-01-28 15:30:00+08:00,0.002557070721195659,5.475004523684745e-10,1.3146230404350222e-08,7.170287957069279e-12,0.9974429155779033,Shadowing,1,0.9974429292788043,Shadowing,Shadowing,Shadowing,Shadowing,Shadowing
2023-01-28 15:45:00+08:00,0.02169594667025885,8.859277661364815e-10,3.028640587436617e-08,3.031389061601505e-10,0.9783040218542686,Shadowing,1,0.9783040533297411,Shadowing,Shadowing,Shadowing,Shadowing,Shadowing
2023-01-28 16:00:00+08:00,0.33016854789849154,2.601842325840438e-09,6.207568583104859e-08,3.9553720649853975e-09,0.6698313834686082,Shadowing,1,0.6698314521015085,Normal,Shadowing,Shadowing,Shadowing,Shadowing
2023-01-28 16:15:00+08:00,7.911790925772768e-06,1.2873889157152791e-05,3.0275497661651716e-09,1.9337662906715992e-15,0.9999792112923653,Shadowing,1,0.9999920882090743,Shadowing,Shadowing,Shadowing,Shadowing,Shadowing
2023-01-28 16:30:00+08:00,3.02378270484014e-07,4.971267779888797e-06,3.504508335607646e-11,3.48330414206919e-18,0.9999947263189046,Shadowing,1,0.9999996976217295,Shadowing,Shadowing,Shadowing,Shadowing,Shadowing
2023-01-28 16:45:00+08:00,7.291967936840971e-06,7.41418140273061e-06,2.5785389238608116e-09,1.3362916772142452e-13,0.9999852912719879,Shadowing,1,0.9999927080320632,Shadowing,Shadowing,Shadowing,Shadowing,Shadowing
2023-01-28 17:00:00+08:00,0.2395938913907611,1.6562471416189908e-08,2.746363063709975e-08,2.572903952951264e-08,0.7604060388540972,Shadowing,1,0.7604061086092389,Normal,Shadowing,Shadowing,Shadowing,Shadowing
2023-01-28 17:15:00+08:00,0.8557671871695336,1.9613755647680582e-10,1.4844344973455956e-09,9.691759762098848e-08,0.1442327142322967,Normal,0,0.1442328128304664,Normal,Normal,Normal,Normal,Normal
2023-01-28 17:30:00+08:00,0.9691960467608851,4.598044312860324e-11,6.710896775270638e-10,8.530903843207718e-08,0.030803867213006403,Normal,0,0.03080395323911489,Normal,Normal,Normal,Normal,Normal
2023-01-29 07:45:00+08:00,0.8768289199631971,3.091877289059848e-11,2.088551327282872e-09,2.5396764547448772e-08,0.12317105252056833,Normal,0,0.12317108003680288,Normal,Normal,Normal,Normal,Normal
2023-01-29 08:00:00+08:00,0.8259200524124385,1.0328361255522725e-10,4.519707117559223e-09,2.1235550707688872e-08,0.17407992172902023,Normal,0,0.1740799475875615,Normal,Normal,Normal,Normal,Shadowing
2023-01-29 08:15:00+08:00,0.0012060394339466728,1.0018533564715107e-06,8.16973411154925e-08,2.1341727934097373e-11,0.998792876994014,Shadowing,1,0.9987939605660533,Shadowing,Shadowing,Shadowing,Shadowing,Shadowing
2023-01-29 08:30:00+08:00,0.48815411087667265,1.5267971093008548e-09,2.4659711114043574e-08,5.1758809660973405e-09,0.5118458577609382,Shadowing,1,0.5118458891233273,Normal,Shadowing,Normal,Shadowing,Shadowing
2023-01-29 08:45:00+08:00,0.13640620404572001,6.98891075160962e-08,1.4680490444647114e-07,3.522686997492498e-11,0.8635935792250411,Shadowing,1,0.86359379595428,Normal,Shadowing,Shadowing,Shadowing,Shadowing
2023-01-29 09:00:00+08:00,1.9725295164548146e-05,9.679852899308913e-07,3.6869286129637422e-09,1.5617307699175738e-15,0.9999793030326153,Shadowing,1,0.9999802747048354,Shadowing,Shadowing,Shadowing,Shadowing,Shadowing
2023-01-29 09:15:00+08:00,1.1387290126968341e-07,3.0944331770568706e-06,3.5192014873775525e-11,9.157935383749772e-20,0.9999967916587297,Shadowing,1,0.9999998861270988,Shadowing,Shadowing,Shadowing,Shadowing,Shadowing
2023-01-29 09:30:00+08:00,1.8237143579782474e-08,1.7805135055780395e-06,9.721991207729748e-12,6.47571480819893e-21,0.9999982012396288,Shadowing,1,0.9999999817628564,Shadowing,Shadowing,Shadowing,Shadowing,Shadowing
2023-01-29 09:45:00+08:00,3.08330486791957e-06,3.577653591990714e-09,3.498820953031989e-11,4.712757949005212e-20,0.9999969130824903,Shadowing,1,0.9999969166951321,Shadowing,Shadowing,Shadowing,Shadowing,Shadowing
2023-01-29 10:00:00+08:00,0.0008612565599518228,2.5265901945569693e-11,8.478809735925062e-11,7.873685933100211e-20,0.9991387433299941,Shadowing,1,0.9991387434400482,Shadowing,Shadowing,Shadowing,Shadowing,Shadowing
2023-01-29 10:15:00+08:00,0.02175377608555068,1.479420574006914e-13,5.105106301944932e-11,7.235952728025219e-20,0.9782462238632503,Shadowing,1,0.9782462239144494,Shadowing,Shadowing,Shadowing,Shadowing,Shadowing
2023-01-29 10:30:00+08:00,0.11102100535600883,3.0021178189197285e-14,6.136320613218032e-11,1.3236048083644762e-19,0.8889789945825978,Shadowing,1,0.8889789946439912,Shadowing,Shadowing,Shadowing,Shadowing,Shadowing
2023-01-29 10:45:00+08:00,0.25726519096936973,1.2682076226209187e-14,1.0812956818707932e-10,1.324251268264657e-19,0.742734808922488,Shadowing,1,0.7427348090306303,Shadowing,Shadowing,Shadowing,Normal,Normal
2023-01-29 11:00:00+08:00,0.3735366673485262,2.6261025183825127e-15,6.886528490952268e-11,2.218201010422708e-20,0.626463332582606,Shadowing,1,0.6264633326514738,Shadowing,Shadowing,Shadowing,Normal,Normal
2023-01-29 11:15:00+08:00,0.39525979061025573,3.4736017484933052e-15,2.503320821676053e-10,1.3805620755744595e-20,0.6047402091394087,Shadowing,1,0.6047402093897443,Shadowing,Shadowing,Shadowing,Normal,Normal
2023-01-29 11:30:00+08:00,0.8647752005965808,3.0000473639387194e-09,5.870085938642073e-06,3.2170183236286836e-16,0.13521892631743293,Normal,0,0.13522479940341925,Normal,Normal,Normal,Normal,Normal
2023-01-29 11:45:00+08:00,0.9860257673692476,7.018503582777558e-09,1.6071518261906307e-06,1.75209528465242e-15,0.01397261846042074,Normal,0,0.01397423263075237,Normal,Normal,Normal,Normal,Normal
2023-01-29 12:00:00+08:00,0.9797055138549358,2.5073859935333857e-08,3.2990429880924314e-06,2.922727818542979e-15,0.020291162028213437,Normal,0,0.02029448614506424,Normal,Normal,Normal,Normal,Normal
2023-01-29 12:15:00+08:00,0.9732322821403535,4.17240678438386e-08,2.9153852780621547e-06,4.086222024832915e-15,0.02676476075029649,Normal,0,0.02676771785964649,Normal,Normal,Normal,Normal,Normal
2023-01-29 12:30:00+08:00,0.4995944792928368,5.399060708791873e-05,2.8624975658789053e-05,1.991196290942954e-13,0.5003229051242174,Shadowing,1,0.5004055207071632,Normal,Shadowing,Shadowing,Shadowing,Normal
2023-01-29 12:45:00+08:00,0.32497192900151356,7.538029857809182e-05,2.0787846812630186e-05,5.479031994634367e-13,0.6749319028525479,Shadowing,1,0.6750280709984864,Shadowing,Shadowing,Shadowing,Shadowing,Normal
2023-01-29 13:00:00+08:00,0.27325365135536434,0.00011071296080702181,1.2298173128955257e-05,3.5994309330190343e-13,0.7266233375103398,Shadowing,1,0.7267463486446357,Shadowing,Shadowing,Shadowing,Shadowing,Shadowing
2023-01-29 13:15:00+08:00,0.21630095400300564,0.00016066007772128386,9.333054084162062e-06,4.218721101879568e-13,0.7835290528647672,Shadowing,1,0.7836990459969944,Shadowing,Shadowing,Shadowing,Shadowing,Shadowing
2023-01-29 13:30:00+08:00,0.1892464489214251,0.00016640153477559406,8.844314041100521e-06,5.156945845699606e-13,0.8105783052292426,Shadowing,1,0.8107535510785749,Shadowing,Shadowing,Shadowing,Shadowing,Shadowing
2023-01-29 13:45:00+08:00,0.13553976243356008,9.664523549628749e-05,6.402885684742661e-06,3.469287912529333e-13,0.8643571894449119,Shadowing,1,0.8644602375664399,Shadowing,Shadowing,Shadowing,Shadowing,Shadowing
2023-01-29 14:00:00+08:00,0.014945938553434401,0.00015779086303514394,4.975546273415169e-07,9.763129572871366e-15,0.9848957730288934,Shadowing,1,0.9850540614465656,Shadowing,Shadowing,Shadowing,Shadowing,Shadowing
2023-01-29 14:15:00+08:00,0.0027246002924278165,2.3895301872360365e-05,1.1996591909575835e-07,2.47506500834607e-15,0.9972513844397783,Shadowing,1,0.9972753997075722,Shadowing,Shadowing,Shadowing,Shadowing,Shadowing
2023-01-29 14:30:00+08:00,0.0007081602710949501,2.6993517896546344e-06,1.0431229862550896e-07,4.801888010902733e-15,0.999289036064812,Shadowing,1,0.999291839728905,Shadowing,Shadowing,Shadowing,Shadowing,Shadowing
2023-01-29 14:45:00+08:00,0.00011785241152837611,1.4668010432569557e-06,3.907528943620281e-08,2.0904820346245693e-15,0.9998806417121369,Shadowing,1,0.9998821475884716,Shadowing,Shadowing,Shadowing,Shadowing,Shadowing
2023-01-29 15:00:00+08:00,0.00021596488427993744,8.542330978913404e-08,3.141386856063346e-08,2.2469213310076497e-14,0.9997839182785192,Shadowing,1,0.9997840351157201,Shadowing,Shadowing,Shadowing,Shadowing,Shadowing
2023-01-29 15:15:00+08:00,0.005202505744775427,7.064697219927657e-10,2.210583120742896e-08,1.1201611361141164e-12,0.9947974714418034,Shadowing,1,0.9947974942552246,Shadowing,Shadowing,Shadowing,Shadowing,Shadowing
2023-01-29 15:30:00+08:00,0.0024522529811261107,5.525222320539776e-10,1.3355725382769326e-08,5.689315006252964e-12,0.9975477331049369,Shadowing,1,0.9975477470188739,Shadowing,Shadowing,Shadowing,Shadowing,Shadowing
2023-01-29 15:45:00+08:00,0.021404008833319034,1.1237721331222738e-09,3.1956782843590794e-08,2.5781735346192755e-10,0.9785959578283088,Shadowing,1,0.978595991166681,Shadowing,Shadowing,Shadowing,Shadowing,Shadowing
2023-01-29 16:00:00+08:00,0.3284348403038036,2.21990557876257e-09,6.129702785526172e-08,4.693640904809026e-09,0.671565091485622,Shadowing,1,0.6715651596961965,Normal,Shadowing,Shadowing,Shadowing,Shadowing
2023-01-29 16:15:00+08:00,2.461179327419771e-05,1.4649975131738586e-05,1.0351911537679738e-08,2.3763475540319524e-14,0.9999607278796588,Shadowing,1,0.9999753882067258,Shadowing,Shadowing,Shadowing,Shadowing,Shadowing
2023-01-29 16:30:00+08:00,2.3780642293616135e-07,4.70437859005687e-06,2.7264231054911378e-11,2.3008897175191855e-18,0.9999950577877227,Shadowing,1,0.9999997621935771,Shadowing,Shadowing,Shadowing,Shadowing,Shadowing
2023-01-29 16:45:00+08:00,5.471275506959539e-06,6.596187776719316e-06,1.883740198475733e-09,7.268278606585226e-14,0.9999879306529035,Shadowing,1,0.999994528724493,Shadowing,Shadowing,Shadowing,Shadowing,Shadowing
2023-01-29 17:00:00+08:00,0.15178864407771556,2.5387153795283774e-08,4.7754867128500715e-08,1.421382265798719e-08,0.8482112685664409,Shadowing,1,0.8482113559222845,Normal,Shadowing,Shadowing,Shadowing,Shadowing
2023-01-29 17:15:00+08:00,0.8172650509310172,3.704610210189445e-10,1.8280196072363856e-09,9.760354075443682e-08,0.1827348492669615,Normal,0,0.1827349490689828,Normal,Normal,Normal,Normal,Normal
2023-01-29 17:30:00+08:00,0.9466581277881346,7.831672524756942e-11,9.054436581844549e-10,8.803173600459334e-08,0.053341783196369105,Normal,0,0.05334187221186537,Normal,Normal,Normal,Normal,Normal
2023-01-30 07:45:00+08:00,0.8580176081971584,1.6240531536547014e-11,1.819610913492248e-09,2.5010130446963787e-08,0.14198236495685967,Normal,0,0.14198239180284156,Normal,Normal,Normal,Normal,Normal
2023-01-30 08:00:00+08:00,0.7858520854831971,3.053887384420121e-11,3.89810321148223e-09,2.2005216467004234e-08,0.21414788858294437,Normal,0,0.21414791451680293,Normal,Normal,Normal,Normal,Normal
2023-01-30 08:15:00+08:00,0.6715497103266097,9.96269953250911e-11,9.021551436069297e-09,1.7902389460470707e-08,0.32845026264982236,Normal,0,0.3284502896733903,Normal,Normal,Normal,Normal,Shadowing
2023-01-30 08:30:00+08:00,0.5295057266169693,2.514295050033998e-10,1.741731417537711e-08,1.507956589919303e-08,0.4704942406347211,Normal,0,0.47049427338303074,Normal,Shadowing,Shadowing,Shadowing,Shadowing
2023-01-30 08:45:00+08:00,0.2569444678517444,2.9589526543463635e-09,7.05241339551634e-08,2.608399809419769e-09,0.7430554560567691,Shadowing,1,0.7430555321482556,Normal,Shadowing,Shadowing,Shadowing,Shadowing
2023-01-30 09:00:00+08:00,0.001945784160941579,3.121187792302566e-08,1.5743370630487005e-08,6.530816378628013e-13,0.9980541688831568,Shadowing,1,0.9980542158390584,Shadowing,Shadowing,Shadowing,Shadowing,Shadowing
2023-01-30 09:15:00+08:00,1.0743081965460128e-06,3.998274538702472e-06,6.175827330700713e-10,5.1386802566676575e-18,0.9999949267996818,Shadowing,1,0.9999989256918035,Shadowing,Shadowing,Shadowing,Shadowing,Shadowing
2023-01-30 09:30:00+08:00,1.0082172883699817e-07,3.5341767300843006e-06,3.3513209745618943e-11,1.2072581047626921e-19,0.9999963649680279,Shadowing,1,0.9999998991782711,Shadowing,Shadowing,Shadowing,Shadowing,Shadowing
2023-01-30 09:45:00+08:00,4.297865796112829e-06,1.1860654805184975e-08,1.0677492586430842e-10,2.1574471699749395e-19,0.999995690166774,Shadowing,1,0.9999957021342039,Shadowing,Shadowing,Shadowing,Shadowing,Shadowing
2023-01-30 10:00:00+08:00,0.001748975264753754,1.2232155900665226e-10,3.507247798527377e-10,3.693809711525996e-19,0.9982510242621998,Shadowing,1,0.9982510247352463,Shadowing,Shadowing,Shadowing,Shadowing,Shadowing
2023-01-30 10:15:00+08:00,0.03691404995720769,6.19984790674441e-13,2.1550564972267363e-10,3.210390616722042e-19,0.9630859498266666,Shadowing,1,0.9630859500427923,Shadowing,Shadowing,Shadowing,Shadowing,Shadowing
2023-01-30 10:30:00+08:00,0.15689110444886856,1.9193894950053502e-13,6.308551783168139e-10,4.433300243685289e-19,0.8431088949200843,Shadowing,1,0.8431088955511314,Shadowing,Shadowing,Shadowing,Normal,Shadowing
2023-01-30 10:45:00+08:00,0.31713133190051723,1.413369605949484e-13,2.444174599933664e-09,5.045970779209813e-19,0.6828686656551668,Shadowing,1,0.6828686680994828,Shadowing,Shadowing,Shadowing,Normal,Normal
2023-01-30 11:00:00+08:00,0.3891344107888874,1.3678169768367903e-14,7.088599531392808e-10,4.5267651142293384e-20,0.6108655885022389,Shadowing,1,0.6108655892111126,Shadowing,Shadowing,Shadowing,Normal,Normal
2023-01-30 11:15:00+08:00,0.40094477261374734,4.1363871852393584e-15,4.056580620427543e-10,1.3069081755155535e-20,0.5990552269805904,Shadowing,1,0.5990552273862526,Shadowing,Shadowing,Shadowing,Normal,Normal
2023-01-30 11:30:00+08:00,0.7758030630669127,1.0856258322904147e-09,7.476708831092884e-06,1.43196812920374e-16,0.22418945913863025,Normal,0,0.2241969369330873,Shadowing,Normal,Normal,Normal,Normal
2023-01-30 11:45:00+08:00,0.9493996761910528,1.9260990938035566e-07,4.254217410390934e-06,8.518581262755464e-15,0.05059587698161881,Normal,0,0.05060032380894719,Normal,Normal,Normal,Normal,Normal
2023-01-30 12:00:00+08:00,0.9728345624456413,4.934259220013431e-08,3.6003680377069425e-06,4.173760989734836e-15,0.02716178784372451,Normal,0,0.02716543755435874,Normal,Normal,Normal,Normal,Normal
2023-01-30 12:15:00+08:00,0.9485003827750262,2.230337334411292e-07,6.832634949740981e-06,8.380573367145924e-15,0.051492561556282346,Normal,0,0.05149961722497376,Normal,Normal,Normal,Normal,Normal
2023-01-30 12:30:00+08:00,0.6814715042894909,1.1936616341190965e-05,2.0102373863563126e-05,6.353656439621578e-14,0.3184964567202409,Normal,0,0.3185284957105091,Normal,Normal,Normal,Normal,Normal
2023-01-30 12:45:00+08:00,0.5710157664276279,2.842436785358646e-05,2.0707374957584218e-05,1.0129652429178573e-13,0.4289351018294597,Normal,0,0.42898423357237214,Normal,Shadowing,Normal,Shadowing,Normal
2023-01-30 13:00:00+08:00,0.6445633388168319,1.425512616650309e-05,1.2757073503941618e-05,5.763454234310608e-14,0.35540964898343985,Normal,0,0.3554366611831681,Normal,Normal,Normal,Normal,Normal
2023-01-30 13:15:00+08:00,0.40924858636602124,5.9890450285461814e-05,9.910743550902466e-06,1.0404027670792441e-13,0.5906816124400384,Shadowing,1,0.5907514136339788,Shadowing,Shadowing,Shadowing,Shadowing,Normal
2023-01-30 13:30:00+08:00,0.19219941917092412,0.0001639166220695688,5.78420089146099e-06,1.1926068187806993e-13,0.8076308800059955,Shadowing,1,0.8078005808290759,Shadowing,Shadowing,Shadowing,Shadowing,Shadowing
2023-01-30 13:45:00+08:00,0.11411288930646254,0.00025273034347191405,3.831824859875694e-06,1.6694122828907115e-13,0.8856305485250389,Shadowing,1,0.8858871106935374,Shadowing,Shadowing,Shadowing,Shadowing,Shadowing
2023-01-30 14:00:00+08:00,0.05238868751756637,0.00013941739863952078,2.0417619526043764e-06,7.054365011531258e-14,0.947469853321771,Shadowing,1,0.9476113124824337,Shadowing,Shadowing,Shadowing,Shadowing,Shadowing
2023-01-30 14:15:00+08:00,0.008995298775853878,2.4260866254667368e-05,4.918888042994343e-07,1.997759500858942e-14,0.9909799484690671,Shadowing,1,0.9910047012241461,Shadowing,Shadowing,Shadowing,Shadowing,Shadowing
2023-01-30 14:30:00+08:00,0.005687811377432568,7.45205518357525e-07,4.4447326164170235e-07,4.3690618726089454e-14,0.9943109989437439,Shadowing,1,0.9943121886225674,Shadowing,Shadowing,Shadowing,Shadowing,Shadowing
2023-01-30 14:45:00+08:00,0.0005092949250789537,5.981405766513047e-07,9.571891170015506e-08,1.427111928431011e-14,0.9994900112154184,Shadowing,1,0.999490705074921,Shadowing,Shadowing,Shadowing,Shadowing,Shadowing
2023-01-30 15:00:00+08:00,0.000894610410902839,6.128000156831761e-08,6.037107503644059e-08,1.304498194625193e-13,0.9991052679378901,Shadowing,1,0.9991053895890971,Shadowing,Shadowing,Shadowing,Shadowing,Shadowing
2023-01-30 15:15:00+08:00,0.02357552949864159,1.6917032050316047e-10,4.2751924373426446e-08,2.161701867587025e-11,0.9764244275586467,Shadowing,1,0.9764244705013584,Shadowing,Shadowing,Shadowing,Shadowing,Shadowing
2023-01-30 15:30:00+08:00,0.0051348251361985385,1.2846465084470316e-10,1.6252627972164748e-08,1.7137632228989764e-11,0.9948651584655712,Shadowing,1,0.9948651748638014,Shadowing,Shadowing,Shadowing,Shadowing,Shadowing
2023-01-30 15:45:00+08:00,0.008662261003728858,2.8013838865772946e-10,1.6013250179886488e-08,2.4358762824945496e-10,0.991337722459295,Shadowing,1,0.9913377389962711,Shadowing,Shadowing,Shadowing,Shadowing,Shadowing
2023-01-30 16:00:00+08:00,0.2862510550616504,5.268123820265555e-10,5.586494806078689e-08,1.3151479315301905e-08,0.7137488753951098,Shadowing,1,0.7137489449383496,Normal,Shadowing,Shadowing,Shadowing,Shadowing
2023-01-30 16:15:00+08:00,7.939091742171391e-05,9.60567221190261e-06,2.996580202825827e-08,1.3399923418556655e-13,0.9999109734444304,Shadowing,1,0.9999206090825783,Shadowing,Shadowing,Shadowing,Shadowing,Shadowing
2023-01-30 16:30:00+08:00,2.6071834349573922e-08,2.1977954428687726e-06,2.101844523742731e-12,3.122365834712207e-20,0.999997776130621,Shadowing,1,0.9999999739281656,Shadowing,Shadowing,Shadowing,Shadowing,Shadowing
2023-01-30 16:45:00+08:00,1.2846537179679853e-06,4.550205539720685e-06,3.7981649360097205e-10,2.7055583684300745e-15,0.999994164760923,Shadowing,1,0.999998715346282,Shadowing,Shadowing,Shadowing,Shadowing,Shadowing
2023-01-30 17:00:00+08:00,0.13168604747200413,2.4254943201124942e-08,4.23325273906806e-08,1.869740856310155e-08,0.8683138672431167,Shadowing,1,0.8683139525279959,Shadowing,Shadowing,Shadowing,Shadowing,Shadowing
2023-01-30 17:15:00+08:00,0.9154468627593859,1.3036501969924264e-10,1.1380224677819288e-09,9.109711830366842e-08,0.08455304487510834,Normal,0,0.08455313724061408,Normal,Normal,Normal,Normal,Normal
2023-01-30 17:30:00+08:00,0.981500134006148,3.7648152858972304e-11,5.671634275851869e-10,6.519610659535395e-08,0.018499800192933964,Normal,0,0.018499865993852005,Normal,Normal,Normal,Normal,Normal
2023-01-31 07:45:00+08:00,0.7556290892979317,1.050887775158395e-09,3.342812883692498e-09,5.0201516898513446e-08,0.2443708561068508,Normal,0,0.2443709107020683,Normal,Shadowing,Normal,Normal,Normal
2023-01-31 08:00:00+08:00,0.8104540212913294,5.206553924078929e-10,4.98074092775406e-09,2.1316650504070166e-08,0.18954595189062373,Normal,0,0.18954597870867063,Normal,Normal,Normal,Normal,Shadowing
2023-01-31 08:15:00+08:00,0.02332790076982899,2.718151640330499e-07,1.5398544667391714e-07,1.4663584430455756e-10,0.9766716732829244,Shadowing,1,0.976672099230171,Shadowing,Shadowing,Shadowing,Shadowing,Shadowing
2023-01-31 08:30:00+08:00,0.023160367532674468,2.2256384118645912e-07,1.428905890106753e-07,1.928513460445449e-10,0.9768392668200441,Shadowing,1,0.9768396324673255,Shadowing,Shadowing,Shadowing,Shadowing,Shadowing
2023-01-31 08:45:00+08:00,0.0001662303237323721,5.16717381451196e-06,4.5143232029907784e-08,5.866134039056393e-13,0.9998285573586345,Shadowing,1,0.9998337696762676,Shadowing,Shadowing,Shadowing,Shadowing,Shadowing
2023-01-31 09:00:00+08:00,0.0008768510874860354,1.926167542656265e-06,9.749604631753184e-08,3.2333093152220104e-12,0.9991211252456917,Shadowing,1,0.999123148912514,Shadowing,Shadowing,Shadowing,Shadowing,Shadowing
2023-01-31 09:15:00+08:00,2.143193019600888e-05,5.589613463841038e-06,7.688984633146759e-09,1.2837922421003772e-15,0.9999729707673541,Shadowing,1,0.999978568069804,Shadowing,Shadowing,Shadowing,Shadowing,Shadowing
2023-01-31 09:30:00+08:00,6.487767315177273e-08,3.185730666628891e-06,1.3648743007874211e-11,4.0579792215155845e-20,0.9999967493780115,Shadowing,1,0.9999999351223269,Shadowing,Shadowing,Shadowing,Shadowing,Shadowing
2023-01-31 09:45:00+08:00,5.505681275094455e-08,2.1337660376079284e-06,2.7054127451554847e-11,5.00886261878387e-20,0.9999978111500955,Shadowing,1,0.9999999449431872,Shadowing,Shadowing,Shadowing,Shadowing,Shadowing
2023-01-31 10:00:00+08:00,1.0623822445386563e-07,3.595079042015069e-09,2.0172312691639167e-12,3.373232300957932e-21,0.9999998901646793,Shadowing,1,0.9999998937617756,Shadowing,Shadowing,Shadowing,Shadowing,Shadowing
2023-01-31 10:15:00+08:00,0.0008339770751202857,5.695681742955763e-13,6.05289486432965e-12,5.248331550126905e-21,0.9991660229182573,Shadowing,1,0.9991660229248797,Shadowing,Shadowing,Shadowing,Shadowing,Shadowing
2023-01-31 10:30:00+08:00,2.4161651043162324e-08,2.529921307020867e-06,4.567482051938304e-12,7.287997359470663e-21,0.9999974459124745,Shadowing,1,0.999999975838349,Shadowing,Shadowing,Shadowing,Shadowing,Shadowing
2023-01-31 10:45:00+08:00,0.0008450807239185085,3.1494955337079865e-09,6.907886568860586e-10,8.240578823172177e-19,0.9991549154357973,Shadowing,1,0.9991549192760815,Shadowing,Shadowing,Shadowing,Shadowing,Shadowing
2023-01-31 11:00:00+08:00,0.10982893075477207,2.934907090030882e-13,4.5109731995788263e-10,4.197915401591736e-19,0.8901710687938372,Shadowing,1,0.8901710692452279,Shadowing,Shadowing,Shadowing,Shadowing,Shadowing
2023-01-31 11:15:00+08:00,0.22308792603743804,1.4379503208976154e-15,5.817855702967027e-15,5.957881922771032e-24,0.7769120739625548,Shadowing,1,0.7769120739625619,Shadowing,Shadowing,Shadowing,Shadowing,Normal
2023-01-31 11:30:00+08:00,7.429031591661424e-06,1.3798254803854624e-08,1.616947008143654e-10,3.5561261485322235e-19,0.9999925570084587,Shadowing,1,0.9999925709684083,Shadowing,Shadowing,Shadowing,Shadowing,Shadowing
2023-01-31 11:45:00+08:00,0.0009568468103391345,5.178248136712813e-08,5.2851711556239594e-09,4.9139816712216994e-18,0.9990430961220083,Shadowing,1,0.9990431531896609,Shadowing,Shadowing,Shadowing,Shadowing,Shadowing
2023-01-31 12:00:00+08:00,2.225309474985589e-05,2.8983533729640145e-10,1.935520414000138e-11,1.4375682688944103e-20,0.9999777465960596,Shadowing,1,0.9999777469052501,Shadowing,Shadowing,Shadowing,Shadowing,Shadowing
2023-01-31 12:15:00+08:00,0.010529830460610224,2.091527424629253e-10,1.5461894784382964e-09,1.0374371452518403e-18,0.9894701677840476,Shadowing,1,0.9894701695393898,Shadowing,Shadowing,Shadowing,Shadowing,Shadowing
2023-01-31 12:30:00+08:00,0.4781417526631245,1.3564938947513858e-13,3.139616261079784e-08,1.1181648233083981e-19,0.5218582159405774,Shadowing,1,0.5218582473368756,Shadowing,Shadowing,Shadowing,Normal,Normal
2023-01-31 12:45:00+08:00,0.9618026196858613,1.881119846743044e-08,1.7718329292338934e-06,1.7924383770873223e-15,0.03819558967000917,Normal,0,0.03819738031413866,Normal,Normal,Normal,Normal,Normal
2023-01-31 13:00:00+08:00,0.002436477880739917,9.624339123352458e-12,9.449132282780961e-11,1.04952040048931e-19,0.9975635220151442,Shadowing,1,0.9975635221192601,Shadowing,Shadowing,Shadowing,Shadowing,Shadowing
2023-01-31 13:15:00+08:00,0.00014387617464877282,9.216917087473413e-08,3.408400198399787e-09,3.43254665970134e-18,0.9998560282477801,Shadowing,1,0.9998561238253513,Shadowing,Shadowing,Shadowing,Shadowing,Shadowing
2023-01-31 13:30:00+08:00,0.8433924820254349,3.2074755974940786e-06,2.937994536437944e-05,3.113825019349671e-14,0.15657493055357202,Normal,0,0.15660751797456507,Normal,Normal,Normal,Normal,Normal
2023-01-31 13:45:00+08:00,0.2202832994179153,3.379578581499685e-10,1.688268300890469e-07,2.6329227697337393e-17,0.7797165314172967,Shadowing,1,0.7797167005820846,Shadowing,Shadowing,Shadowing,Normal,Shadowing
2023-01-31 14:00:00+08:00,0.01211695156500561,3.302401635889771e-16,1.958513945279907e-16,1.9482037592759787e-24,0.9878830484349939,Shadowing,1,0.9878830484349944,Shadowing,Shadowing,Shadowing,Shadowing,Shadowing
2023-01-31 14:15:00+08:00,2.3644645395848553e-05,8.797267238675963e-16,7.710895076522057e-17,3.1197352609936423e-28,0.9999763553546032,Shadowing,1,0.9999763553546042,Shadowing,Shadowing,Shadowing,Shadowing,Shadowing
2023-01-31 14:30:00+08:00,6.897701977848536e-09,7.50511519563599e-07,9.982486373451877e-13,1.1921963348324829e-23,0.9999992425897801,Shadowing,1,0.999999993102298,Shadowing,Shadowing,Shadowing,Shadowing,Shadowing
2023-01-31 14:45:00+08:00,1.7834907747410916e-07,2.9628604578730594e-06,4.717810333898404e-11,1.0196313937706612e-20,0.9999968587432864,Shadowing,1,0.9999998216509225,Shadowing,Shadowing,Shadowing,Shadowing,Shadowing
2023-01-31 15:00:00+08:00,3.131699731939834e-05,1.4553789262182948e-05,1.0544844517842929e-08,1.0447608590610093e-13,0.9999541186684693,Shadowing,1,0.9999686830026806,Shadowing,Shadowing,Shadowing,Shadowing,Shadowing
2023-01-31 15:15:00+08:00,0.00010310589777200029,3.2192179861842596e-06,2.0308491390873624e-08,3.4775086547034962e-12,0.999893654572273,Shadowing,1,0.999896894102228,Shadowing,Shadowing,Shadowing,Shadowing,Shadowing
2023-01-31 15:30:00+08:00,1.3456582400074318e-05,1.112816163911699e-05,3.7176501629419073e-09,2.1806857821363494e-14,0.9999754115382888,Shadowing,1,0.9999865434176,Shadowing,Shadowing,Shadowing,Shadowing,Shadowing
2023-01-31 15:45:00+08:00,0.0008404729322234298,8.517934358549716e-07,5.9031895084943136e-08,2.7692718358627058e-11,0.9991586162147529,Shadowing,1,0.9991595270677766,Shadowing,Shadowing,Shadowing,Shadowing,Shadowing
2023-01-31 16:00:00+08:00,0.0029942823531978005,4.1943032480538916e-07,8.501069556247939e-08,7.70317949737768e-11,0.9970052131287499,Shadowing,1,0.9970057176468022,Shadowing,Shadowing,Shadowing,Shadowing,Shadowing
2023-01-31 16:15:00+08:00,0.19075467565841916,2.9266476379427454e-08,5.804518836414926e-08,8.02317115625616e-09,0.8092452290067449,Shadowing,1,0.8092453243415808,Normal,Shadowing,Shadowing,Shadowing,Shadowing
2023-01-31 16:30:00+08:00,0.764589293798615,7.564948720635093e-10,2.676638672241413e-09,7.859718673655355e-08,0.23541062417106481,Normal,0,0.23541070620138504,Normal,Shadowing,Normal,Normal,Normal
2023-01-31 16:45:00+08:00,0.7631932460577336,1.1741920268032005e-09,3.70548902729749e-09,3.674661983321816e-08,0.23680671231596548,Normal,0,0.23680675394226636,Normal,Shadowing,Normal,Normal,Normal
2023-01-31 17:00:00+08:00,0.8795468611608708,1.1104424495174134e-10,1.227964760457321e-09,9.701472058269844e-08,0.12045304048539965,Normal,0,0.12045313883912923,Normal,Normal,Normal,Normal,Normal
2023-01-31 17:15:00+08:00,0.9916036224597136,1.5501971871621487e-11,3.302975216742111e-10,4.897128084887116e-08,0.008396328223206104,Normal,0,0.008396377540286437,Normal,Normal,Normal,Normal,Normal
2023-01-31 17:30:00+08:00,0.9991712755997042,2.9537670582176817e-12,9.449966545867053e-11,1.4283831747568575e-08,0.0008287100190105751,Normal,0,0.0008287244002957994,Normal,Normal,Normal,Normal,Normal
2023-02-01 07:45:00+08:00,0.8802456700163515,2.8368088187716584e-11,7.786985537283164e-10,9.716089000785365e-08,0.11975423201569188,Normal,0,0.11975432998364854,Normal,Normal,Normal,Normal,Normal
2023-02-01 08:00:00+08:00,0.8668422828693838,2.634191594361453e-10,2.897076692459091e-09,2.5997100130271407e-08,0.13315768797302024,Normal,0,0.1331577171306162,Normal,Normal,Normal,Normal,Normal
2023-02-01 08:15:00+08:00,0.8817462196682622,1.8836635635913166e-10,2.189220748944694e-09,3.177174762649353e-08,0.11825374618240311,Normal,0,0.11825378033173783,Normal,Normal,Normal,Normal,Normal
2023-02-01 08:30:00+08:00,0.9153756371957062,4.6252734281868705e-11,1.8546395366820532e-09,2.7236998789502146e-08,0.0846243336664028,Normal,0,0.08462436280429375,Normal,Normal,Normal,Normal,Normal
2023-02-01 08:45:00+08:00,0.8095527800253309,1.898950019658997e-10,5.434122145539972e-09,2.0338034928030927e-08,0.19044719401261684,Normal,0,0.19044721997466907,Normal,Normal,Normal,Normal,Shadowing
2023-02-01 09:00:00+08:00,0.00044748398564523235,1.7413460456966596e-06,5.896486217095726e-08,9.289256786882395e-12,0.9995507156941577,Shadowing,1,0.9995525160143548,Shadowing,Shadowing,Shadowing,Shadowing,Shadowing
2023-02-01 09:15:00+08:00,0.85552113666037,1.1884191660539324e-10,3.6951789852089404e-09,2.1907336231165274e-08,0.1444788376182729,Normal,0,0.14447886333963,Normal,Normal,Normal,Normal,Normal
2023-02-01 09:30:00+08:00,0.7108967449685399,4.408146994710794e-10,8.941602491191172e-09,1.6514824068803265e-08,0.2891032291342189,Normal,0,0.28910325503146006,Normal,Normal,Normal,Normal,Shadowing
2023-02-01 09:45:00+08:00,6.387130900015704e-06,5.934227019194206e-06,2.0586928554749407e-09,7.463024415733635e-17,0.9999876765833878,Shadowing,1,0.9999936128690999,Shadowing,Shadowing,Shadowing,Shadowing,Shadowing
2023-02-01 10:00:00+08:00,2.1944185433090425e-08,1.6350683581463817e-06,5.531786093244043e-12,2.4415797787215026e-22,0.9999983429819247,Shadowing,1,0.9999999780558145,Shadowing,Shadowing,Shadowing,Shadowing,Shadowing
2023-02-01 10:15:00+08:00,2.7596415095826093e-07,4.059815737201767e-06,9.567692023717642e-11,3.0894916488006295e-20,0.999995664124435,Shadowing,1,0.999999724035849,Shadowing,Shadowing,Shadowing,Shadowing,Shadowing
2023-02-01 10:30:00+08:00,3.4038603081209967e-06,8.936631056163458e-06,1.680669700912026e-09,8.079405146071412e-18,0.999987657827966,Shadowing,1,0.9999965961396918,Shadowing,Shadowing,Shadowing,Shadowing,Shadowing
2023-02-01 10:45:00+08:00,3.6563080063205885e-06,9.024617757573181e-06,1.7968890324819873e-09,9.220990685635916e-18,0.9999873172773471,Shadowing,1,0.9999963436919936,Shadowing,Shadowing,Shadowing,Shadowing,Shadowing
2023-02-01 11:00:00+08:00,0.00043530415479824754,3.173719765136834e-06,7.90946873479895e-08,5.221110122939831e-13,0.9995614430302272,Shadowing,1,0.9995646958452018,Shadowing,Shadowing,Shadowing,Shadowing,Shadowing
2023-02-01 11:15:00+08:00,0.08742581261493522,2.2715750723955734e-07,2.2358789227578285e-07,4.37600276572438e-11,0.9125737365959052,Shadowing,1,0.9125741873850648,Shadowing,Shadowing,Shadowing,Shadowing,Shadowing
2023-02-01 11:30:00+08:00,1.0549231736024523e-05,5.625729016432959e-06,3.254245812762499e-09,2.877930618902315e-16,0.9999838217850016,Shadowing,1,0.999989450768264,Shadowing,Shadowing,Shadowing,Shadowing,Shadowing
2023-02-01 11:45:00+08:00,1.263333286973223e-07,5.287249494958468e-07,7.768359304333218e-11,1.3357281535060005e-19,0.9999993448640382,Shadowing,1,0.9999998736666713,Shadowing,Shadowing,Shadowing,Shadowing,Shadowing
2023-02-01 12:00:00+08:00,1.245107244845216e-08,2.1747739146873803e-06,3.4035420684095356e-12,2.3494697318580797e-21,0.9999978127716093,Shadowing,1,0.9999999875489276,Shadowing,Shadowing,Shadowing,Shadowing,Shadowing
2023-02-01 12:15:00+08:00,7.34899657592745e-07,4.13310538573081e-06,3.442580484809307e-10,2.572046755126971e-18,0.9999951316506988,Shadowing,1,0.9999992651003424,Shadowing,Shadowing,Shadowing,Shadowing,Shadowing
2023-02-01 12:30:00+08:00,0.005311486215104852,1.4092024090265564e-15,1.7227529957533137e-14,4.143073840052254e-23,0.9946885137848765,Shadowing,1,0.9946885137848952,Shadowing,Shadowing,Shadowing,Shadowing,Shadowing
2023-02-01 12:45:00+08:00,0.009081488530234522,3.007919246968362e-07,2.0651923565202116e-07,7.639814638773016e-10,0.9909180033946237,Shadowing,1,0.9909185114697655,Shadowing,Shadowing,Shadowing,Shadowing,Shadowing
2023-02-01 13:00:00+08:00,0.22948074264529636,5.8979600265211905e-05,3.8461047502940536e-05,1.3545497109567758e-12,0.770421816705581,Shadowing,1,0.7705192573547036,Shadowing,Shadowing,Shadowing,Shadowing,Shadowing
2023-02-01 13:15:00+08:00,1.5986019482169762e-05,5.9575249765037106e-08,7.417453293361228e-10,1.1972424793473266e-18,0.9999839536635229,Shadowing,1,0.9999840139805178,Shadowing,Shadowing,Shadowing,Shadowing,Shadowing
2023-02-01 13:30:00+08:00,0.387954050888215,9.183214979604572e-12,6.852329915260042e-08,4.4625192745605076e-09,0.6120458761167833,Shadowing,1,0.612045949111785,Shadowing,Shadowing,Normal,Shadowing,Shadowing
2023-02-01 13:45:00+08:00,3.753853721962396e-05,8.752588464083483e-10,4.205249606082704e-11,4.395160347714197e-20,0.999962460545469,Shadowing,1,0.9999624614627803,Shadowing,Shadowing,Shadowing,Shadowing,Shadowing
2023-02-01 14:00:00+08:00,0.008168395240136291,2.586781120672562e-10,1.4703902185593228e-09,1.0002471866838262e-18,0.9918316030307954,Shadowing,1,0.9918316047598638,Shadowing,Shadowing,Shadowing,Shadowing,Shadowing
2023-02-01 14:15:00+08:00,0.11005671014276726,1.731481183181217e-05,5.970206879151982e-06,4.086447940561379e-13,0.8899200048381131,Shadowing,1,0.8899432898572327,Shadowing,Shadowing,Shadowing,Shadowing,Shadowing
2023-02-01 14:30:00+08:00,0.30309594533580736,9.231189593920417e-10,2.739697793280895e-07,6.300828060771106e-10,0.6969037791412116,Shadowing,1,0.6969040546641927,Shadowing,Shadowing,Shadowing,Shadowing,Shadowing
2023-02-01 14:45:00+08:00,4.06039992902513e-06,6.866693239805156e-06,1.1918558994981352e-09,2.1039954731141906e-17,0.9999890717149752,Shadowing,1,0.9999959396000709,Shadowing,Shadowing,Shadowing,Shadowing,Shadowing
2023-02-01 15:00:00+08:00,0.005143869297231916,2.092168964001845e-08,8.606761299575888e-08,9.638212549741264e-13,0.9948560237125017,Shadowing,1,0.9948561307027681,Shadowing,Shadowing,Shadowing,Shadowing,Shadowing
2023-02-01 15:15:00+08:00,0.0458536344978353,8.156610431448746e-11,5.470751162831528e-08,5.507284694101862e-11,0.9541463106580143,Shadowing,1,0.9541463655021647,Shadowing,Shadowing,Shadowing,Shadowing,Shadowing
2023-02-01 15:30:00+08:00,0.023296547176993736,2.0591130074094693e-11,2.6378407573668903e-08,1.3123090851528332e-10,0.9767034262927765,Shadowing,1,0.9767034528230063,Shadowing,Shadowing,Shadowing,Shadowing,Shadowing
2023-02-01 15:45:00+08:00,0.008556608563091133,2.989328496536011e-11,1.1588834122400116e-08,3.080244456934291e-10,0.9914433795101572,Shadowing,1,0.9914433914369088,Shadowing,Shadowing,Shadowing,Shadowing,Shadowing
2023-02-01 16:00:00+08:00,0.2911188338169578,1.9923805601809604e-10,4.463085657437285e-08,1.3246427358325134e-08,0.7088811081065203,Shadowing,1,0.7088811661830422,Normal,Shadowing,Shadowing,Shadowing,Shadowing
2023-02-01 16:15:00+08:00,0.33556490338565464,1.866387888381459e-08,4.5486723539249315e-08,9.396768497871412e-10,0.6644350315240661,Shadowing,1,0.6644350966143453,Normal,Shadowing,Shadowing,Shadowing,Shadowing
2023-02-01 16:30:00+08:00,2.397061258782498e-07,4.683550051554794e-06,2.657112966176318e-11,2.007462415034751e-18,0.9999950767172514,Shadowing,1,0.9999997602938742,Shadowing,Shadowing,Shadowing,Shadowing,Shadowing
2023-02-01 16:45:00+08:00,3.2415537511749073e-06,5.479890081236498e-06,9.893810853071224e-10,2.1033474098738084e-14,0.9999912775667654,Shadowing,1,0.9999967584462488,Shadowing,Shadowing,Shadowing,Shadowing,Shadowing
2023-02-01 17:00:00+08:00,0.42762725374616195,7.290434795230489e-09,1.0696926583641342e-08,4.981523228735109e-08,0.5723726784512444,Shadowing,1,0.572372746253838,Normal,Shadowing,Shadowing,Shadowing,Shadowing
2023-02-01 17:15:00+08:00,0.9300006649775975,5.200502639478818e-11,8.662131319358458e-10,9.394143915435408e-08,0.06999924016274527,Normal,0,0.06999933502240252,Normal,Normal,Normal,Normal,Normal
2023-02-01 17:30:00+08:00,0.9787861167672862,2.5498893976346645e-11,4.826907370233279e-10,7.310721376895874e-08,0.021213809617310335,Normal,0,0.02121388323271378,Normal,Normal,Normal,Normal,Normal
2023-02-02 07:45:00+08:00,0.970147321160416,2.096321364538098e-11,4.37619695061003e-10,8.307625892263747e-08,0.029852595304742213,Normal,0,0.02985267883958398,Normal,Normal,Normal,Normal,Normal
2023-02-02 08:00:00+08:00,0.9086348108937751,3.2888431288278287e-11,7.699062332135091e-10,9.568386911465951e-08,0.09136509261956116,Normal,0,0.09136518910622493,Normal,Normal,Normal,Normal,Normal
2023-02-02 08:15:00+08:00,0.8875494068152688,5.040724875223896e-11,2.2280932674669544e-09,2.5653938826113982e-08,0.11245056525229187,Normal,0,0.11245059318473116,Normal,Normal,Normal,Normal,Normal
2023-02-02 08:30:00+08:00,0.06145028708031669,1.0895049808571943e-07,1.364317591282485e-07,5.175786631281257e-10,0.9385494670198474,Shadowing,1,0.9385497129196834,Shadowing,Shadowing,Shadowing,Shadowing,Shadowing
2023-02-02 08:45:00+08:00,0.22015948353069148,4.885732030819803e-08,6.3996176811236e-08,1.6858064989846512e-09,0.7798404019300049,Shadowing,1,0.7798405164693085,Normal,Shadowing,Shadowing,Shadowing,Shadowing
2023-02-02 09:00:00+08:00,6.983685434495473e-05,1.0397662812910133e-05,2.5542681916736996e-08,1.7714220752059877e-13,0.9999197399399831,Shadowing,1,0.9999301631456551,Shadowing,Shadowing,Shadowing,Shadowing,Shadowing
2023-02-02 09:15:00+08:00,0.1980997844892351,5.887943629802878e-08,7.648155056687405e-08,1.2400307586001018e-09,0.8019000789097473,Shadowing,1,0.8019002155107648,Normal,Shadowing,Shadowing,Shadowing,Shadowing
2023-02-02 09:30:00+08:00,0.3673567519058202,1.177619059817733e-08,1.7914784555626094e-08,1.932690105421811e-08,0.6326431990763035,Shadowing,1,0.6326432480941798,Normal,Shadowing,Shadowing,Shadowing,Shadowing
2023-02-02 09:45:00+08:00,0.8868814016486073,1.7886132899887033e-10,2.3215351335434902e-09,2.7332197306216164e-08,0.1131185685187988,Normal,0,0.11311859835139271,Normal,Normal,Normal,Normal,Normal
2023-02-02 10:00:00+08:00,0.8762974052256609,1.650575079532255e-10,1.987431691282482e-09,4.166270720872663e-08,0.12370255095914255,Normal,0,0.12370259477433909,Normal,Normal,Normal,Normal,Normal
2023-02-02 10:15:00+08:00,0.8903247772534033,1.815627405121844e-11,1.2265361000228527e-09,3.797359190312035e-08,0.10967518352831233,Normal,0,0.10967522274659669,Normal,Normal,Normal,Normal,Normal
2023-02-02 10:30:00+08:00,0.8855214017706828,1.7302880595462384e-11,1.4691576129573136e-09,2.8297228183888466e-08,0.11447856844562847,Normal,0,0.11447859822931716,Normal,Normal,Normal,Normal,Normal
2023-02-02 10:45:00+08:00,0.8565178981418633,2.6514570600442366e-10,3.2466442290914847e-09,2.3941259842665578e-08,0.14348207440508692,Normal,0,0.1434821018581367,Normal,Normal,Normal,Normal,Normal
2023-02-02 11:00:00+08:00,0.840005294421686,3.1158327756296904e-11,2.7410161184997522e-09,2.28317583562944e-08,0.15999467997438133,Normal,0,0.15999470557831397,Normal,Normal,Normal,Normal,Normal
2023-02-02 11:15:00+08:00,0.8000247553079246,1.7318544822759542e-10,5.650523253005218e-09,2.0141685402846453e-08,0.19997521872668136,Normal,0,0.1999752446920754,Normal,Normal,Normal,Normal,Shadowing
2023-02-02 11:30:00+08:00,0.5501830728924655,4.808919500632294e-09,1.3386342033117196e-08,1.1069351604537672e-08,0.44981689784292145,Normal,0,0.4498169271075345,Normal,Normal,Normal,Shadowing,Shadowing
2023-02-02 11:45:00+08:00,0.350349364577004,1.67131136370178e-08,3.3431898017087e-08,2.283433438055165e-09,0.6496505829945509,Shadowing,1,0.6496506354229961,Normal,Shadowing,Shadowing,Shadowing,Shadowing
2023-02-02 12:00:00+08:00,0.0021827771957965173,7.83549974675279e-07,9.695852032010593e-08,3.079482463053751e-11,0.9978163422649136,Shadowing,1,0.9978172228042035,Shadowing,Shadowing,Shadowing,Shadowing,Shadowing
2023-02-02 12:15:00+08:00,0.011800155973687993,3.828982734492018e-07,1.417058409176126e-07,8.974488683669981e-11,0.9881993193324528,Shadowing,1,0.988199844026312,Shadowing,Shadowing,Shadowing,Shadowing,Shadowing
2023-02-02 12:30:00+08:00,7.436160133555926e-05,1.0479857917814707e-05,3.2452708760359407e-08,3.1441251903118583e-14,0.9999151260880066,Shadowing,1,0.9999256383986644,Shadowing,Shadowing,Shadowing,Shadowing,Shadowing
2023-02-02 12:45:00+08:00,2.3357819303747757e-08,1.6309601386922408e-06,5.676426585699004e-12,4.585017243355548e-22,0.9999983456763657,Shadowing,1,0.9999999766421807,Shadowing,Shadowing,Shadowing,Shadowing,Shadowing
2023-02-02 13:00:00+08:00,4.568654769904985e-05,9.769689890957906e-06,2.441013776612843e-08,4.447428886149773e-15,0.9999445193522678,Shadowing,1,0.9999543134523009,Shadowing,Shadowing,Shadowing,Shadowing,Shadowing
2023-02-02 13:15:00+08:00,7.516365106285966e-07,4.314150465718272e-06,3.6897140757537847e-10,3.2968273287567234e-19,0.9999949338440522,Shadowing,1,0.9999992483634894,Shadowing,Shadowing,Shadowing,Shadowing,Shadowing
2023-02-02 13:30:00+08:00,7.63923131780096e-09,1.2240363636282856e-06,1.3349089461763837e-12,2.8388444177595054e-22,0.9999987683230701,Shadowing,1,0.9999999923607686,Shadowing,Shadowing,Shadowing,Shadowing,Shadowing
2023-02-02 13:45:00+08:00,3.1878990866822595e-08,1.936313193712253e-06,7.118253140647592e-12,2.7133606629190654e-21,0.9999980318006972,Shadowing,1,0.9999999681210091,Shadowing,Shadowing,Shadowing,Shadowing,Shadowing
2023-02-02 14:00:00+08:00,5.462327916554547e-10,8.212532662158633e-10,1.2577232568783721e-14,4.328191843432839e-25,0.9999999986325013,Shadowing,1,0.9999999994537672,Shadowing,Shadowing,Shadowing,Shadowing,Shadowing
2023-02-02 14:15:00+08:00,2.812878022196356e-06,4.4195478470901855e-06,6.320674221303375e-10,1.1097183221623665e-17,0.9999927669420632,Shadowing,1,0.9999971871219778,Shadowing,Shadowing,Shadowing,Shadowing,Shadowing
2023-02-02 14:30:00+08:00,1.9751398461968385e-08,1.5966673404590457e-06,1.1010752295130377e-11,8.014775493208483e-21,0.9999983835702503,Shadowing,1,0.9999999802486015,Shadowing,Shadowing,Shadowing,Shadowing,Shadowing
2023-02-02 14:45:00+08:00,0.002126204367040302,1.0440154898701532e-09,1.7410236829524625e-08,5.635060156311124e-13,0.997873777178144,Shadowing,1,0.9978737956329597,Shadowing,Shadowing,Shadowing,Shadowing,Shadowing
2023-02-02 15:00:00+08:00,0.010853324266653216,1.3956688805545907e-08,6.218030983712417e-09,8.042149700543727e-09,0.9891466475164773,Shadowing,1,0.9891466757333468,Shadowing,Shadowing,Shadowing,Shadowing,Shadowing
2023-02-02 15:15:00+08:00,0.09320525920695469,1.997464111638732e-09,4.9758408263624876e-08,1.8760573395882392e-08,0.9067946702765994,Shadowing,1,0.9067947407930453,Shadowing,Shadowing,Shadowing,Shadowing,Shadowing
2023-02-02 15:30:00+08:00,0.09904007490139123,2.4221465087510365e-10,4.956791788603045e-08,7.742303962176566e-09,0.9009598675461723,Shadowing,1,0.9009599250986088,Shadowing,Shadowing,Shadowing,Shadowing,Shadowing
2023-02-02 15:45:00+08:00,0.05599790512286139,9.161892641847196e-12,3.452530812938798e-08,6.192399968557208e-10,0.9440020597234285,Shadowing,1,0.9440020948771386,Shadowing,Shadowing,Shadowing,Shadowing,Shadowing
2023-02-02 16:00:00+08:00,0.0006962558255540088,2.3670872967604126e-06,1.0329085596605477e-07,3.654686796737514e-13,0.9993012737959278,Shadowing,1,0.999303744174446,Shadowing,Shadowing,Shadowing,Shadowing,Shadowing
2023-02-02 16:15:00+08:00,6.074782994052551e-05,1.1347428574935952e-05,2.8818248580218806e-08,1.679182518150128e-14,0.9999278759232192,Shadowing,1,0.9999392521700595,Shadowing,Shadowing,Shadowing,Shadowing,Shadowing
2023-02-02 16:30:00+08:00,0.005745147277355123,4.4032635273773465e-07,1.1445990424277886e-07,7.338177109743061e-11,0.994254297863006,Shadowing,1,0.9942548527226449,Shadowing,Shadowing,Shadowing,Shadowing,Shadowing
2023-02-02 16:45:00+08:00,0.00012560308685883567,3.266448172551074e-06,2.714051642880428e-08,3.5101987884200626e-12,0.9998711033209421,Shadowing,1,0.9998743969131412,Shadowing,Shadowing,Shadowing,Shadowing,Shadowing
2023-02-02 17:00:00+08:00,0.03813216501499636,1.3837368651064516e-07,1.3666557962343173e-07,3.722680036033829e-10,0.9618675595734695,Shadowing,1,0.9618678349850036,Shadowing,Shadowing,Shadowing,Shadowing,Shadowing
2023-02-02 17:15:00+08:00,0.5208312517566541,5.964738296407662e-09,1.1095063894642455e-08,2.175752196637712e-08,0.4791687094260217,Normal,0,0.4791687482433459,Normal,Shadowing,Shadowing,Normal,Shadowing
2023-02-02 17:30:00+08:00,0.8579860886973989,1.5273053774044493e-10,1.6365094787042033e-09,7.650928928924316e-08,0.14201383300407175,Normal,0,0.1420139113026011,Normal,Normal,Normal,Normal,Normal
2023-02-03 07:45:00+08:00,0.8971368784026273,4.7999911899991715e-11,1.3093659047926157e-09,6.432726193091451e-08,0.10286305591274496,Normal,0,0.10286312159737265,Normal,Normal,Normal,Normal,Normal
2023-02-03 08:00:00+08:00,0.20705819029622008,1.6703222149429568e-08,2.742109631884516e-08,3.3504544599517904e-08,0.7929417320749168,Shadowing,1,0.7929418097037799,Normal,Shadowing,Shadowing,Shadowing,Shadowing
2023-02-03 08:15:00+08:00,0.23619249976051354,1.8007700317043964e-08,3.057800324294511e-08,2.0378091308923743e-08,0.7638074312756916,Shadowing,1,0.7638075002394864,Normal,Shadowing,Shadowing,Shadowing,Shadowing
2023-02-03 08:30:00+08:00,0.49051719081852935,6.803428546385871e-09,1.1523592049263276e-08,2.4327156091932532e-08,0.509482766527294,Shadowing,1,0.5094828091814707,Normal,Shadowing,Shadowing,Shadowing,Shadowing
2023-02-03 08:45:00+08:00,0.022290116324593386,9.891813803803076e-08,1.108944317890033e-07,7.070805376968234e-10,0.9777096731557562,Shadowing,1,0.9777098836754066,Shadowing,Shadowing,Shadowing,Shadowing,Shadowing
2023-02-03 09:00:00+08:00,0.00016970306836141944,2.0940963253782346e-06,2.830611662876418e-08,6.817918778547677e-12,0.9998281745223785,Shadowing,1,0.9998302969316386,Shadowing,Shadowing,Shadowing,Shadowing,Shadowing
2023-02-03 09:15:00+08:00,0.00011103843900008055,4.133061842808627e-06,2.6554279567359636e-08,2.487015705808244e-12,0.9998848019423905,Shadowing,1,0.9998889615609999,Shadowing,Shadowing,Shadowing,Shadowing,Shadowing
2023-02-03 09:30:00+08:00,3.1857581999869045e-07,4.979705783818917e-06,1.436754875170384e-10,5.227426031343052e-20,0.9999947015747207,Shadowing,1,0.99999968142418,Shadowing,Shadowing,Shadowing,Shadowing,Shadowing
2023-02-03 09:45:00+08:00,3.9969101040994925e-06,9.3025516512798e-06,2.0844238269642923e-09,1.4416203875076024e-17,0.9999866984538208,Shadowing,1,0.9999960030898959,Shadowing,Shadowing,Shadowing,Shadowing,Shadowing
2023-02-03 10:00:00+08:00,3.505627302901491e-05,8.934274774532938e-06,1.9304036650080688e-08,2.2759378899326747e-15,0.9999559901481575,Shadowing,1,0.999964943726971,Shadowing,Shadowing,Shadowing,Shadowing,Shadowing
2023-02-03 10:15:00+08:00,2.5089123091683632e-05,1.1242185281716517e-05,1.381858631974267e-08,2.929873551557039e-15,0.9999636548730374,Shadowing,1,0.9999749108769083,Shadowing,Shadowing,Shadowing,Shadowing,Shadowing
2023-02-03 10:30:00+08:00,9.568548128165696e-05,1.4303034993492164e-07,6.458880748030483e-09,1.728427725652703e-14,0.9999041650294703,Shadowing,1,0.9999043145187183,Shadowing,Shadowing,Shadowing,Shadowing,Shadowing
2023-02-03 10:45:00+08:00,0.004855732432179316,3.11884833751704e-11,3.1132427268031046e-10,3.8791418006935627e-19,0.9951442672253078,Shadowing,1,0.9951442675678207,Shadowing,Shadowing,Shadowing,Shadowing,Shadowing
2023-02-03 11:00:00+08:00,1.0831661307285091e-05,8.519844892751926e-06,2.435101499393968e-09,6.244471874860973e-18,0.9999806460586985,Shadowing,1,0.9999891683386927,Shadowing,Shadowing,Shadowing,Shadowing,Shadowing
2023-02-03 11:15:00+08:00,0.3885763451476492,2.9741786175239376e-15,1.364353850110759e-10,1.627305715559702e-20,0.6114236547159125,Shadowing,1,0.6114236548523508,Shadowing,Shadowing,Shadowing,Normal,Normal
2023-02-03 11:30:00+08:00,1.2511579147076051e-05,8.724608267260294e-06,2.7943722963126878e-09,1.4667218280681418e-17,0.9999787610182134,Shadowing,1,0.9999874884208529,Shadowing,Shadowing,Shadowing,Shadowing,Shadowing
2023-02-03 11:45:00+08:00,1.4571997785797505e-06,4.535710208924591e-07,6.872345504101595e-10,6.398635034383075e-19,0.9999980885419658,Shadowing,1,0.9999985428002214,Shadowing,Shadowing,Shadowing,Shadowing,Shadowing
2023-02-03 12:00:00+08:00,1.1473209364594916e-07,2.9891117979030237e-06,4.21109838876568e-11,5.342065776894943e-20,0.9999968961139976,Shadowing,1,0.9999998852679064,Shadowing,Shadowing,Shadowing,Shadowing,Shadowing
2023-02-03 12:15:00+08:00,7.487741687058964e-05,2.632669455519387e-06,2.5338794021580282e-08,1.026256538017821e-14,0.9999224645748696,Shadowing,1,0.9999251225831294,Shadowing,Shadowing,Shadowing,Shadowing,Shadowing
2023-02-03 12:30:00+08:00,0.01815499468199855,2.9379583798915987e-07,2.0517305065093516e-07,2.326570361070662e-12,0.9818445063467862,Shadowing,1,0.9818450053180015,Shadowing,Shadowing,Shadowing,Shadowing,Shadowing
2023-02-03 12:45:00+08:00,1.733377933482302e-06,6.3441804241140635e-06,5.950984343467677e-10,2.3535035869131582e-18,0.999991921846544,Shadowing,1,0.9999982666220665,Shadowing,Shadowing,Shadowing,Shadowing,Shadowing
2023-02-03 13:00:00+08:00,1.2357013550071563e-09,7.229327878378594e-07,2.809852134836704e-13,3.8379423524678216e-23,0.9999992758312297,Shadowing,1,0.9999999987642987,Shadowing,Shadowing,Shadowing,Shadowing,Shadowing
2023-02-03 13:15:00+08:00,7.082681384306432e-08,2.3214680691567073e-06,2.0429213188446683e-11,3.817703497152869e-21,0.9999976076846877,Shadowing,1,0.9999999291731861,Shadowing,Shadowing,Shadowing,Shadowing,Shadowing
2023-02-03 13:30:00+08:00,1.7618652389015854e-08,1.414039372031242e-06,4.105003001707405e-12,1.2785847949758067e-22,0.9999985683378707,Shadowing,1,0.9999999823813476,Shadowing,Shadowing,Shadowing,Shadowing,Shadowing
2023-02-03 13:45:00+08:00,4.801464579264653e-06,8.613401963081778e-06,2.8684881670395415e-09,2.265590879931534e-17,0.9999865822649696,Shadowing,1,0.9999951985354207,Shadowing,Shadowing,Shadowing,Shadowing,Shadowing
2023-02-03 14:00:00+08:00,1.8440213110849912e-06,8.000761878815353e-06,9.60332917615237e-10,1.7918154222513696e-18,0.9999901542564771,Shadowing,1,0.9999981559786889,Shadowing,Shadowing,Shadowing,Shadowing,Shadowing
2023-02-03 14:15:00+08:00,1.9443827553044967e-06,8.115155048779897e-06,1.1182984548512922e-09,2.1988449032300104e-18,0.9999899393438975,Shadowing,1,0.9999980556172446,Shadowing,Shadowing,Shadowing,Shadowing,Shadowing
2023-02-03 14:30:00+08:00,5.198752589617182e-06,9.189222295307819e-06,2.778011395946508e-09,2.402490545795681e-17,0.9999856092471037,Shadowing,1,0.9999948012474104,Shadowing,Shadowing,Shadowing,Shadowing,Shadowing
2023-02-03 14:45:00+08:00,6.43822249074146e-06,9.735207602208557e-06,3.552888157510704e-09,5.1193303734128707e-17,0.9999838230170187,Shadowing,1,0.9999935617775093,Shadowing,Shadowing,Shadowing,Shadowing,Shadowing
2023-02-03 15:00:00+08:00,8.890628286010472e-06,1.1334455867062442e-05,4.530296867517216e-09,7.102537007069105e-16,0.9999797703855494,Shadowing,1,0.999991109371714,Shadowing,Shadowing,Shadowing,Shadowing,Shadowing
2023-02-03 15:15:00+08:00,4.616320017203473e-07,4.474697841783553e-06,1.079935984666297e-10,1.0134234890774853e-18,0.9999950635621628,Shadowing,1,0.9999995383679983,Shadowing,Shadowing,Shadowing,Shadowing,Shadowing
2023-02-03 15:30:00+08:00,0.0007567115421665087,1.7276229428282947e-06,8.383658499785762e-08,7.731388162579009e-12,0.9992414769905743,Shadowing,1,0.9992432884578335,Shadowing,Shadowing,Shadowing,Shadowing,Shadowing
2023-02-03 15:45:00+08:00,0.0008289103055123478,1.3961631472385595e-06,7.908365397193997e-08,1.2877887252629709e-11,0.9991696144348085,Shadowing,1,0.9991710896944876,Shadowing,Shadowing,Shadowing,Shadowing,Shadowing
2023-02-03 16:00:00+08:00,0.006070717845816932,4.776470913893327e-07,1.2121448665181248e-07,6.468810147893774e-11,0.9939286832279169,Shadowing,1,0.9939292821541831,Shadowing,Shadowing,Shadowing,Shadowing,Shadowing
2023-02-03 16:15:00+08:00,0.37758178664218256,1.2736365858863989e-08,2.1457510828676385e-08,9.22972825973372e-09,0.6224181699342125,Shadowing,1,0.6224182133578174,Normal,Shadowing,Shadowing,Shadowing,Shadowing
2023-02-03 16:30:00+08:00,0.8008929657309748,9.594272678949042e-10,4.256358173141187e-09,2.6713795129476935e-08,0.1991070023394447,Normal,0,0.1991070342690252,Normal,Normal,Normal,Normal,Normal
2023-02-03 16:45:00+08:00,0.8989934185245847,1.2636719230232777e-10,2.125941409197372e-09,2.750103053912317e-08,0.10100655172207611,Normal,0,0.1010065814754153,Normal,Normal,Normal,Normal,Normal
2023-02-03 17:00:00+08:00,0.758781246176589,1.3856809265336396e-09,4.319899969328888e-09,3.105162140819477e-08,0.2412187170662087,Normal,0,0.24121875382341096,Normal,Normal,Normal,Normal,Normal
2023-02-03 17:15:00+08:00,0.8990423844983727,6.624073336647432e-11,1.524002909339225e-09,4.8289183670892504e-08,0.10095756562220001,Normal,0,0.1009576155016273,Normal,Normal,Normal,Normal,Normal
2023-02-03 17:30:00+08:00,0.9827789225500437,1.6367919059655873e-11,3.5593049356403396e-10,6.653322635632532e-08,0.0172210105444315,Normal,0,0.017221077449956268,Normal,Normal,Normal,Normal,Normal
2023-02-04 07:45:00+08:00,0.9201330084550884,1.9295445259390945e-10,1.2615871703962114e-09,8.62441705903458e-08,0.07986690384619942,Normal,0,0.07986699154491161,Normal,Normal,Normal,Normal,Normal
2023-02-04 08:00:00+08:00,0.6330520853472215,2.5723511352048268e-09,4.231652453848116e-09,1.0690195475444591e-07,0.3669478009468202,Normal,0,0.36694791465277854,Normal,Shadowing,Shadowing,Normal,Normal
2023-02-04 08:15:00+08:00,0.8931989326032278,4.89090140515098e-11,1.0266362822135046e-09,9.729906474375651e-08,0.10680096902216214,Normal,0,0.1068010673967722,Normal,Normal,Normal,Normal,Normal
2023-02-04 08:30:00+08:00,0.9139308902170992,3.7065215596965486e-11,1.6863830690758889e-09,2.816456150697246e-08,0.08606907989489092,Normal,0,0.08606910978290083,Normal,Normal,Normal,Normal,Normal
2023-02-04 08:45:00+08:00,0.7787054286121274,9.66831860899826e-10,3.3535281445480848e-09,3.8538901864483596e-08,0.2212945285286107,Normal,0,0.22129457138787256,Normal,Shadowing,Normal,Normal,Normal
2023-02-04 09:00:00+08:00,0.7075999255697797,2.0687202220326946e-09,5.2642658632550014e-09,3.2541655134470425e-08,0.29240003455557906,Normal,0,0.2924000744302203,Normal,Shadowing,Normal,Normal,Normal
2023-02-04 09:15:00+08:00,0.3506768664631462,1.0732419498812166e-08,1.565033693758039e-08,3.216468706095801e-08,0.6493230749894103,Shadowing,1,0.6493231335368538,Normal,Shadowing,Shadowing,Shadowing,Shadowing
2023-02-04 09:30:00+08:00,0.7060675811448734,2.1929789552106986e-09,6.989654340199731e-09,2.1433587115188215e-08,0.2939323882389061,Normal,0,0.29393241885512655,Normal,Normal,Normal,Normal,Shadowing
2023-02-04 09:45:00+08:00,0.6731247768769678,2.7715972564629976e-09,7.401912542269294e-09,2.368331588541058e-08,0.32687518926620646,Normal,0,0.3268752231230322,Normal,Normal,Normal,Normal,Normal
2023-02-04 10:00:00+08:00,0.7474418325826585,1.433668098903458e-09,6.852074823469486e-09,2.0761770401713158e-08,0.2525581383698282,Normal,0,0.2525581674173415,Normal,Normal,Normal,Normal,Shadowing
2023-02-04 10:15:00+08:00,0.000769248075032943,9.656002153697646e-07,5.865014658561264e-08,2.2872117802684468e-11,0.999229727651733,Shadowing,1,0.999230751924967,Shadowing,Shadowing,Shadowing,Shadowing,Shadowing
2023-02-04 10:30:00+08:00,0.10099571520472798,8.094641631270125e-08,1.2134337089469152e-07,8.323206284759646e-10,0.8990040816731643,Shadowing,1,0.8990042847952721,Shadowing,Shadowing,Shadowing,Shadowing,Shadowing
2023-02-04 10:45:00+08:00,0.054934818491294425,9.581874631745156e-08,1.2750743818122535e-07,6.309426576193817e-10,0.9450649575515785,Shadowing,1,0.9450651815087056,Shadowing,Shadowing,Shadowing,Shadowing,Shadowing
2023-02-04 11:00:00+08:00,0.00015449718670223591,3.4714731645446686e-06,3.526936542359873e-08,3.299448852305249e-12,0.9998419960674683,Shadowing,1,0.9998455028132978,Shadowing,Shadowing,Shadowing,Shadowing,Shadowing
2023-02-04 11:15:00+08:00,0.16570150135198092,4.9302957926737296e-08,8.263373892343756e-08,1.919459836035575e-09,0.8342983647918624,Shadowing,1,0.8342984986480191,Normal,Shadowing,Shadowing,Shadowing,Shadowing
2023-02-04 11:30:00+08:00,0.04818390951059122,8.779928517613389e-08,1.2000113431816744e-07,7.368912938371611e-10,0.9518158819520981,Shadowing,1,0.9518160904894087,Shadowing,Shadowing,Shadowing,Shadowing,Shadowing
2023-02-04 11:45:00+08:00,0.1547225347947466,3.6057151559856215e-08,7.61081370339928e-08,5.49744259546799e-09,0.8452773475425224,Shadowing,1,0.8452774652052534,Normal,Shadowing,Shadowing,Shadowing,Shadowing
2023-02-04 12:00:00+08:00,0.2105854947903197,4.2068536939868673e-08,6.226335040179891e-08,2.380316887804003e-09,0.7894143984974761,Shadowing,1,0.7894145052096803,Normal,Shadowing,Shadowing,Shadowing,Shadowing
2023-02-04 12:15:00+08:00,0.1071456937058957,5.500255742023803e-08,1.0271071623494674e-07,1.6487584295346487e-09,0.8928541469320722,Shadowing,1,0.8928543062941043,Shadowing,Shadowing,Shadowing,Shadowing,Shadowing
2023-02-04 12:30:00+08:00,0.8460044748653811,4.763548691382777e-10,3.3313968217893354e-09,2.662494745734533e-08,0.1539954947019197,Normal,0,0.1539955251346189,Normal,Normal,Normal,Normal,Normal
2023-02-04 12:45:00+08:00,0.5056411712538393,5.79921405542529e-09,9.492000519510388e-09,3.451297675575246e-08,0.49435877894196933,Normal,0,0.49435882874616066,Normal,Shadowing,Shadowing,Normal,Normal
2023-02-04 13:00:00+08:00,0.4409731260565078,9.286384424639038e-09,1.7093328261523462e-08,1.1233631530107594e-08,0.5590268363301479,Shadowing,1,0.5590268739434923,Normal,Shadowing,Shadowing,Shadowing,Shadowing
2023-02-04 13:15:00+08:00,0.005110537612458458,6.456803177002255e-07,1.3004059942512305e-07,3.957676292069718e-11,0.9948886866270475,Shadowing,1,0.9948894623875415,Shadowing,Shadowing,Shadowing,Shadowing,Shadowing
2023-02-04 13:30:00+08:00,0.004548036548380506,4.088152864469658e-07,1.0104530269041646e-07,8.074283330412448e-11,0.9954514535102875,Shadowing,1,0.9954519634516195,Shadowing,Shadowing,Shadowing,Shadowing,Shadowing
2023-02-04 13:45:00+08:00,0.27656194915364624,2.6914137340964625e-08,4.083465625582373e-08,4.047199141512845e-09,0.723437979050361,Shadowing,1,0.7234380508463538,Normal,Shadowing,Shadowing,Shadowing,Shadowing
2023-02-04 14:00:00+08:00,0.00045992869111866313,2.4126865316285037e-06,7.043841534630186e-08,3.446368763746772e-12,0.9995375881804881,Shadowing,1,0.9995400713088813,Shadowing,Shadowing,Shadowing,Shadowing,Shadowing
2023-02-04 14:15:00+08:00,0.00017473347204581636,5.384560380649696e-06,5.531903874146123e-08,5.52642241931194e-14,0.9998198266484793,Shadowing,1,0.9998252665279542,Shadowing,Shadowing,Shadowing,Shadowing,Shadowing
2023-02-04 14:30:00+08:00,0.0025046278458697425,1.233433013177526e-06,1.694732959515947e-07,1.254546690957267e-12,0.9974939692465666,Shadowing,1,0.9974953721541303,Shadowing,Shadowing,Shadowing,Shadowing,Shadowing
2023-02-04 14:45:00+08:00,6.75280936625133e-06,8.616633453300505e-06,4.028066078212015e-09,5.4695912649318085e-17,0.9999846265291144,Shadowing,1,0.9999932471906338,Shadowing,Shadowing,Shadowing,Shadowing,Shadowing
2023-02-04 15:00:00+08:00,1.503077336105743e-07,2.1622488136527526e-06,3.282862011254963e-11,2.8102884367880145e-20,0.9999976874106242,Shadowing,1,0.9999998496922664,Shadowing,Shadowing,Shadowing,Shadowing,Shadowing
2023-02-04 15:15:00+08:00,6.462917097577469e-07,5.245589779883525e-06,2.0031855010899303e-10,1.3733857510592591e-18,0.9999941079181918,Shadowing,1,0.9999993537082903,Shadowing,Shadowing,Shadowing,Shadowing,Shadowing
2023-02-04 15:30:00+08:00,3.2351382990124915e-06,8.40668376076819e-06,1.8984816392266772e-09,8.384674828782312e-18,0.9999883562794585,Shadowing,1,0.999996764861701,Shadowing,Shadowing,Shadowing,Shadowing,Shadowing
2023-02-04 15:45:00+08:00,0.0006424329504335434,2.174417080168153e-06,8.427704040067739e-08,3.0872264238407697e-12,0.9993553083523586,Shadowing,1,0.9993575670495665,Shadowing,Shadowing,Shadowing,Shadowing,Shadowing
2023-02-04 16:00:00+08:00,0.44462577786529567,7.808023350521155e-09,2.021666109348137e-08,5.538478406748379e-09,0.5553741885715414,Shadowing,1,0.5553742221347043,Normal,Shadowing,Normal,Shadowing,Shadowing
2023-02-04 16:15:00+08:00,0.8100556052208852,1.565303157014989e-10,5.271705564785911e-09,2.0476652859713994e-08,0.189944368874226,Normal,0,0.18994439477911484,Normal,Normal,Normal,Normal,Shadowing
2023-02-04 16:30:00+08:00,0.851765798677795,1.7985620768264983e-10,3.7133805655566836e-09,2.1882559953515103e-08,0.14823417554640828,Normal,0,0.148234201322205,Normal,Normal,Normal,Normal,Normal
2023-02-04 16:45:00+08:00,0.7493825473892584,1.575400810336229e-09,5.848116768525191e-09,2.3639801962647308e-08,0.25061742154742217,Normal,0,0.25061745261074164,Normal,Normal,Normal,Normal,Normal
2023-02-04 17:00:00+08:00,0.8355832538824902,5.836209304929596e-10,3.5123970381662147e-09,2.677406168182045e-08,0.16441671524742993,Normal,0,0.16441674611750978,Normal,Normal,Normal,Normal,Normal
2023-02-04 17:15:00+08:00,0.8494217406017637,2.774660303845535e-10,2.223951657756516e-09,4.69950202996186e-08,0.15057820990179843,Normal,0,0.15057825939823632,Normal,Normal,Normal,Normal,Normal
2023-02-04 17:30:00+08:00,0.9836219400131428,1.9253782769680885e-11,3.977814305646948e-10,6.523543237840227e-08,0.01637799433438965,Normal,0,0.016378059986857152,Normal,Normal,Normal,Normal,Normal
2023-02-05 07:45:00+08:00,0.9986727543280886,4.251836493903885e-12,1.256627826936729e-10,1.8860891178187635e-08,0.0013272266811055423,Normal,0,0.0013272456719114478,Normal,Normal,Normal,Normal,Normal
2023-02-05 08:00:00+08:00,0.9976617501075369,7.100094025492335e-12,1.8280046717695458e-10,2.6289786412855433e-08,0.002338223412776252,Normal,0,0.002338249892463118,Normal,Normal,Normal,Normal,Normal
2023-02-05 08:15:00+08:00,0.8812470107848123,3.393968594971461e-10,1.5344705656748192e-09,8.928993023252183e-08,0.11875289805139014,Normal,0,0.11875298921518773,Normal,Normal,Normal,Normal,Normal
2023-02-05 08:30:00+08:00,0.9677992430611706,2.3976145707685922e-11,4.826969989752613e-10,8.566438803071157e-08,0.032200670767768204,Normal,0,0.0322007569388294,Normal,Normal,Normal,Normal,Normal
2023-02-05 08:45:00+08:00,0.9612924271839475,1.6799404571997844e-11,3.8441178031277326e-10,9.143397377791516e-08,0.03870748098086754,Normal,0,0.03870757281605253,Normal,Normal,Normal,Normal,Normal
2023-02-05 09:00:00+08:00,0.9046058893373292,8.356000625634881e-11,1.762482002696559e-09,3.3684142382312647e-08,0.09539407513248632,Normal,0,0.09539411066267078,Normal,Normal,Normal,Normal,Normal
2023-02-05 09:15:00+08:00,0.8809575765241406,3.30890323409451e-11,1.0512596180560686e-09,8.093200698105899e-08,0.1190423414595037,Normal,0,0.11904242347585936,Normal,Normal,Normal,Normal,Normal
2023-02-05 09:30:00+08:00,0.8859816441897488,3.7696566273592306e-11,1.1105859137582082e-09,8.01407097816288e-08,0.1140182745212589,Normal,0,0.11401835581025122,Normal,Normal,Normal,Normal,Normal
2023-02-05 09:45:00+08:00,0.8714387851668359,2.8160338637237584e-10,2.558077690016685e-09,2.8580577687579667e-08,0.12856118341290543,Normal,0,0.12856121483316407,Normal,Normal,Normal,Normal,Normal
2023-02-05 10:00:00+08:00,0.006343768827690922,1.3253596217646765e-07,8.882953574111774e-08,5.726828993405365e-10,0.9936560092341283,Shadowing,1,0.9936562311723091,Shadowing,Shadowing,Shadowing,Shadowing,Shadowing
2023-02-05 10:15:00+08:00,0.011194421877159076,2.3717518195958811e-07,1.1598030424288262e-07,1.7408501043997413e-10,0.9888052247932698,Shadowing,1,0.988805578122841,Shadowing,Shadowing,Shadowing,Shadowing,Shadowing
2023-02-05 10:30:00+08:00,0.0030548462437177647,4.2233541807451615e-07,8.599159135289999e-08,7.635853864897876e-11,0.996944645352914,Shadowing,1,0.9969451537562822,Shadowing,Shadowing,Shadowing,Shadowing,Shadowing
2023-02-05 10:45:00+08:00,0.00025134010276207236,1.9019735332180002e-06,3.816569541933904e-08,8.146481303065506e-12,0.9997467197498627,Shadowing,1,0.9997486598972379,Shadowing,Shadowing,Shadowing,Shadowing,Shadowing
2023-02-05 11:00:00+08:00,0.0014586840779381139,7.685579487815958e-07,7.818399998549089e-08,3.200401136555578e-11,0.9985404691481092,Shadowing,1,0.9985413159220619,Shadowing,Shadowing,Shadowing,Shadowing,Shadowing
2023-02-05 11:15:00+08:00,1.1251273067580847e-05,1.2614613331858007e-05,4.197742961788893e-09,5.545808965632888e-15,0.9999761299158519,Shadowing,1,0.9999887487269324,Shadowing,Shadowing,Shadowing,Shadowing,Shadowing
2023-02-05 11:30:00+08:00,9.862939776696538e-06,1.0922263115425453e-05,5.3029412280907805e-09,4.678509789634122e-16,0.9999792094941661,Shadowing,1,0.9999901370602233,Shadowing,Shadowing,Shadowing,Shadowing,Shadowing
2023-02-05 11:45:00+08:00,0.022622280979624983,3.2516186422375214e-07,1.6733245630749828e-07,1.0376757386583853e-10,0.9773772264222869,Shadowing,1,0.9773777190203751,Shadowing,Shadowing,Shadowing,Shadowing,Shadowing
2023-02-05 12:00:00+08:00,0.3866815660129889,1.2089483355478302e-08,2.707912705320418e-08,3.2136788182521675e-09,0.6133183916047218,Shadowing,1,0.613318433987011,Normal,Shadowing,Shadowing,Shadowing,Shadowing
2023-02-05 12:15:00+08:00,0.14790780067669212,7.73009247941265e-08,1.0672272686191539e-07,8.584040543048667e-10,0.8520920144412522,Shadowing,1,0.8520921993233079,Normal,Shadowing,Shadowing,Shadowing,Shadowing
2023-02-05 12:30:00+08:00,0.03429552737103557,2.617513269215505e-07,1.7151919863103647e-07,1.4293734998923107e-10,0.9657040392155014,Shadowing,1,0.9657044726289644,Shadowing,Shadowing,Shadowing,Shadowing,Shadowing
2023-02-05 12:45:00+08:00,0.03603587206263974,1.287447527095628e-07,1.3148808038283252e-07,4.073636220594891e-10,0.9639638672971635,Shadowing,1,0.9639641279373603,Shadowing,Shadowing,Shadowing,Shadowing,Shadowing
2023-02-05 13:00:00+08:00,0.22216380892930548,3.327871970617631e-08,5.2866044296948065e-08,3.6056260536289506e-09,0.7778361013203046,Shadowing,1,0.7778361910706946,Normal,Shadowing,Shadowing,Shadowing,Shadowing
2023-02-05 13:15:00+08:00,0.8212388989465215,6.775450552241913e-10,4.139922321097205e-09,2.5049573659425442e-08,0.17876107118643753,Normal,0,0.17876110105347853,Normal,Normal,Normal,Normal,Normal
2023-02-05 13:30:00+08:00,0.16730937257520745,3.841747031971491e-08,7.267016002572508e-08,3.462540766598873e-09,0.8326905128746216,Shadowing,1,0.8326906274247925,Normal,Shadowing,Shadowing,Shadowing,Shadowing
2023-02-05 13:45:00+08:00,0.19398638930494813,2.255903424560316e-08,4.100457754154189e-08,1.5251590681409946e-08,0.8060135318798494,Shadowing,1,0.8060136106950518,Normal,Shadowing,Shadowing,Shadowing,Shadowing
2023-02-05 14:00:00+08:00,0.7595598882960644,1.4777884466358315e-09,4.753402659480998e-09,2.829803926645515e-08,0.24044007717470528,Normal,0,0.24044011170393564,Normal,Normal,Normal,Normal,Normal
2023-02-05 14:15:00+08:00,0.893104502943876,4.82905328321527e-11,2.1219244156676964e-09,2.612573347628193e-08,0.10689546876017549,Normal,0,0.106895497056124,Normal,Normal,Normal,Normal,Normal
2023-02-05 14:30:00+08:00,0.27014419005048734,3.188023854432738e-08,4.5267092199731435e-08,2.8919308132777574e-09,0.7298557299102512,Shadowing,1,0.7298558099495127,Normal,Shadowing,Shadowing,Shadowing,Shadowing
2023-02-05 14:45:00+08:00,0.19823171647790128,4.415080542397194e-08,6.784731234716731e-08,2.237446771576949e-09,0.8017681692865342,Shadowing,1,0.8017682835220987,Normal,Shadowing,Shadowing,Shadowing,Shadowing
2023-02-05 15:00:00+08:00,0.5926576942544606,4.193296988599585e-09,9.294779552772675e-09,2.231639581398708e-08,0.40734226994106715,Normal,0,0.4073423057455394,Normal,Shadowing,Shadowing,Normal,Shadowing
2023-02-05 15:15:00+08:00,0.5893166317714923,4.253443889631167e-09,9.531149580004387e-09,2.1299301552753327e-08,0.41068333314461264,Normal,0,0.4106833682285077,Normal,Shadowing,Shadowing,Normal,Shadowing
2023-02-05 15:30:00+08:00,0.8686169931230598,2.0718979381019264e-10,2.8648575121128106e-09,2.5004258390470783e-08,0.13138297880063457,Normal,0,0.13138300687694016,Normal,Normal,Normal,Normal,Normal
2023-02-05 15:45:00+08:00,0.3928246235695916,9.488259244383344e-09,1.425540368314483e-08,2.668123495307167e-08,0.6071753260055106,Shadowing,1,0.6071753764304084,Normal,Shadowing,Shadowing,Shadowing,Shadowing
2023-02-05 16:00:00+08:00,0.7767967711593348,5.703460503861806e-10,2.2531518276012357e-09,9.673039470337136e-08,0.22320312928677274,Normal,0,0.22320322884066524,Normal,Shadowing,Normal,Normal,Normal
2023-02-05 16:15:00+08:00,0.5801577018200461,4.018571586565708e-09,7.287872001638845e-09,4.2537524808220184e-08,0.41984224433598544,Normal,0,0.4198422981799539,Normal,Shadowing,Shadowing,Normal,Normal
2023-02-05 16:30:00+08:00,0.9005584132200466,2.8270060944299715e-11,1.7138854331615458e-09,2.6612651923059438e-08,0.09944155842514599,Normal,0,0.0994415867799534,Normal,Normal,Normal,Normal,Normal
2023-02-05 16:45:00+08:00,0.8891968349308484,6.936604840128383e-11,2.4052647801651886e-09,2.5585893864395694e-08,0.11080313700862673,Normal,0,0.11080316506915155,Normal,Normal,Normal,Normal,Normal
2023-02-05 17:00:00+08:00,0.8832204159908817,1.7671801312421223e-10,2.3889351834331307e-09,2.6771283485278248e-08,0.1167795546721817,Normal,0,0.11677958400911825,Normal,Normal,Normal,Normal,Normal
2023-02-05 17:15:00+08:00,0.8832731960950161,3.000601953637557e-11,7.941791937583685e-10,9.693956962049077e-08,0.11672670614122911,Normal,0,0.11672680390498391,Normal,Normal,Normal,Normal,Normal
2023-02-05 17:30:00+08:00,0.8997062754728082,3.9635495449287824e-11,8.601726938318694e-10,9.646843703304626e-08,0.10029362715894645,Normal,0,0.10029372452719176,Normal,Normal,Normal,Normal,Normal
2023-02-06 07:45:00+08:00,0.9948323055186657,4.972810875617461e-12,1.3738635897680022e-10,3.876573974283171e-08,0.0051676555732352875,Normal,0,0.005167694481334251,Normal,Normal,Normal,Normal,Normal
2023-02-06 08:00:00+08:00,0.8733621272574122,2.922225475091466e-11,8.24396370039672e-10,9.721477651900718e-08,0.1266377746741925,Normal,0,0.12663787274258775,Normal,Normal,Normal,Normal,Normal
2023-02-06 08:15:00+08:00,0.8740712201024412,3.303671238920975e-11,9.003983887776627e-10,9.702629392747154e-08,0.12592868193782994,Normal,0,0.1259287798975588,Normal,Normal,Normal,Normal,Normal
2023-02-06 08:30:00+08:00,0.884945618454265,3.285787600574224e-11,1.1085174903387871e-09,7.401539970879153e-08,0.11505430638895994,Normal,0,0.115054381545735,Normal,Normal,Normal,Normal,Normal
2023-02-06 08:45:00+08:00,0.13403760424038852,3.026964034666685e-08,6.165969807562963e-08,9.386516346742446e-09,0.8659622944437567,Shadowing,1,0.8659623957596114,Normal,Shadowing,Shadowing,Shadowing,Shadowing
2023-02-06 09:00:00+08:00,0.9111165930345099,4.9615050534756463e-11,1.5831151515337185e-09,3.7573635208779264e-08,0.08888336775912468,Normal,0,0.08888340696549013,Normal,Normal,Normal,Normal,Normal
2023-02-06 09:15:00+08:00,0.8683017891968712,2.83209369911097e-10,2.513903596687058e-09,3.035722915328417e-08,0.1316981776487866,Normal,0,0.13169821080312882,Normal,Normal,Normal,Normal,Normal
2023-02-06 09:30:00+08:00,0.8999518072459836,2.928835237160927e-11,1.74793606462208e-09,2.6626693531187013e-08,0.10004816435009849,Normal,0,0.10004819275401644,Normal,Normal,Normal,Normal,Normal
2023-02-06 09:45:00+08:00,0.389445637714634,1.1750152239675913e-08,1.9961937465801963e-08,9.943365928019742e-09,0.6105543206299104,Shadowing,1,0.610554362285366,Normal,Shadowing,Shadowing,Shadowing,Shadowing
2023-02-06 10:00:00+08:00,0.022528991186104935,1.6594027132845147e-07,1.2726428913497333e-07,2.870709576570293e-10,0.9774707153222637,Shadowing,1,0.977471008813895,Shadowing,Shadowing,Shadowing,Shadowing,Shadowing
2023-02-06 10:15:00+08:00,0.007771062498432653,1.9870779741348717e-07,9.687959645282869e-08,2.1494853665624268e-10,0.992228641699225,Shadowing,1,0.9922289375015674,Shadowing,Shadowing,Shadowing,Shadowing,Shadowing
2023-02-06 10:30:00+08:00,0.378667889467058,1.4488160341695687e-08,2.5867205004549164e-08,5.5913835174222245e-09,0.6213320645861932,Shadowing,1,0.621332110532942,Normal,Shadowing,Shadowing,Shadowing,Shadowing
2023-02-06 10:45:00+08:00,0.006563243911039141,3.7921688627500736e-07,1.1377313577673854e-07,9.03529121544994e-11,0.9934362630085859,Shadowing,1,0.9934367560889609,Shadowing,Shadowing,Shadowing,Shadowing,Shadowing
2023-02-06 11:00:00+08:00,0.09236281350025324,6.819359799226677e-08,1.1315797292083066e-07,1.1348364977181672e-09,0.9076370040133395,Shadowing,1,0.9076371864997468,Shadowing,Shadowing,Shadowing,Shadowing,Shadowing
2023-02-06 11:15:00+08:00,0.417165185483384,9.230623235076515e-09,2.332749557819145e-08,4.209157382285908e-09,0.5828347777493399,Shadowing,1,0.582834814516616,Normal,Shadowing,Normal,Shadowing,Shadowing
2023-02-06 11:30:00+08:00,5.121425420838463e-05,1.198056921720996e-05,1.7861645460579394e-08,1.9279432433802251e-13,0.9999367873147362,Shadowing,1,0.9999487857457916,Shadowing,Shadowing,Shadowing,Shadowing,Shadowing
2023-02-06 11:45:00+08:00,0.0009287316478052041,1.26079675475425e-06,8.003900203850472e-08,1.5040444294752898e-11,0.9990699275013976,Shadowing,1,0.9990712683521948,Shadowing,Shadowing,Shadowing,Shadowing,Shadowing
2023-02-06 12:00:00+08:00,0.6424339257188312,1.643586331986637e-09,9.988153681545328e-09,1.3351212602159682e-08,0.3575660492982161,Normal,0,0.3575660742811688,Normal,Normal,Normal,Normal,Shadowing
2023-02-06 12:15:00+08:00,0.19354673085144233,6.358432993861411e-08,8.227653387160645e-08,1.001567130669955e-09,0.8064531222861268,Shadowing,1,0.8064532691485576,Normal,Shadowing,Shadowing,Shadowing,Shadowing
2023-02-06 12:30:00+08:00,0.0007182143404347156,1.185155731150137e-06,6.395390840366684e-08,1.667349647459635e-11,0.9992805365332522,Shadowing,1,0.9992817856595653,Shadowing,Shadowing,Shadowing,Shadowing,Shadowing
2023-02-06 12:45:00+08:00,0.00034529356971934173,1.8726230222907768e-06,5.0411886742332666e-08,8.35982212504566e-12,0.9996527833870118,Shadowing,1,0.9996547064302806,Shadowing,Shadowing,Shadowing,Shadowing,Shadowing
2023-02-06 13:00:00+08:00,9.15295075174187e-06,1.121343195420827e-05,2.412208376449069e-09,6.787669608489432e-15,0.9999796312050788,Shadowing,1,0.9999908470492482,Shadowing,Shadowing,Shadowing,Shadowing,Shadowing
2023-02-06 13:15:00+08:00,0.28721655328748263,2.39069192174459e-08,3.734857500099524e-08,4.899190037132165e-09,0.7127833805578331,Shadowing,1,0.7127834467125174,Normal,Shadowing,Shadowing,Shadowing,Shadowing
2023-02-06 13:30:00+08:00,2.6030600771547178e-05,1.1074283986618727e-05,6.361942409096959e-09,2.1104558110607468e-13,0.9999628887530884,Shadowing,1,0.9999739693992284,Shadowing,Shadowing,Shadowing,Shadowing,Shadowing
2023-02-06 13:45:00+08:00,3.656550274940472e-05,1.6165405195746637e-05,1.4504140036963962e-08,6.723281952976798e-14,0.9999472545878476,Shadowing,1,0.9999634344972506,Shadowing,Shadowing,Shadowing,Shadowing,Shadowing
2023-02-06 14:00:00+08:00,0.010566029360405968,4.2915196851857437e-07,1.4312590261610137e-07,7.492059925347378e-11,0.9894333982868023,Shadowing,1,0.989433970639594,Shadowing,Shadowing,Shadowing,Shadowing,Shadowing
2023-02-06 14:15:00+08:00,0.0003340976215049396,3.1299142215909703e-06,6.399148165621101e-08,1.6468054508796524e-12,0.9996627084711449,Shadowing,1,0.9996659023784951,Shadowing,Shadowing,Shadowing,Shadowing,Shadowing
2023-02-06 14:30:00+08:00,0.004883350899856711,8.299780011730246e-07,1.576268283757407e-07,1.4049557351274072e-11,0.9951156614812643,Shadowing,1,0.9951166491001433,Shadowing,Shadowing,Shadowing,Shadowing,Shadowing
2023-02-06 14:45:00+08:00,5.066136016852251e-07,5.1539392905083e-06,9.81073134934004e-11,1.6998353860517576e-18,0.9999943393490005,Shadowing,1,0.9999994933863983,Shadowing,Shadowing,Shadowing,Shadowing,Shadowing
2023-02-06 15:00:00+08:00,9.725085875677202e-05,4.932195474060109e-06,2.484075917868958e-08,1.7379276005879106e-12,0.9998977921032722,Shadowing,1,0.9999027491412432,Shadowing,Shadowing,Shadowing,Shadowing,Shadowing
2023-02-06 15:15:00+08:00,0.04908435091325668,1.4518590213897016e-07,1.461837697721093e-07,3.5032631312387976e-10,0.9509153573667449,Shadowing,1,0.9509156490867433,Shadowing,Shadowing,Shadowing,Shadowing,Shadowing
2023-02-06 15:30:00+08:00,0.057563041778475474,7.613394417836592e-08,1.1772690903954389e-07,9.456532112435912e-10,0.9424367634150181,Shadowing,1,0.9424369582215245,Shadowing,Shadowing,Shadowing,Shadowing,Shadowing
2023-02-06 15:45:00+08:00,0.0886329977041361,5.172420538058323e-08,1.0561273254662341e-07,2.854061745507454e-09,0.9113668421048644,Shadowing,1,0.9113670022958639,Shadowing,Shadowing,Shadowing,Shadowing,Shadowing
2023-02-06 16:00:00+08:00,0.563459557680331,4.844331322434598e-09,1.042811685797334e-08,1.9543961110240733e-08,0.4365404075032597,Normal,0,0.43654044231966904,Normal,Shadowing,Shadowing,Normal,Shadowing
2023-02-06 16:15:00+08:00,0.9062543382864344,5.3655054666736486e-11,2.024501295232934e-09,2.696292498826587e-08,0.09374563267248436,Normal,0,0.09374566171356558,Normal,Normal,Normal,Normal,Normal
2023-02-06 16:30:00+08:00,0.9126471427587927,5.1312210530632903e-11,1.942147834478577e-09,2.725423308994066e-08,0.08735282799351426,Normal,0,0.08735285724120734,Normal,Normal,Normal,Normal,Normal
2023-02-06 16:45:00+08:00,0.900350099866435,3.4925983211920264e-11,1.3282741446969371e-09,5.27807671379489e-08,0.09964984598959774,Normal,0,0.099649900133565,Normal,Normal,Normal,Normal,Normal
2023-02-06 17:00:00+08:00,0.8862922977006544,3.085596487130493e-11,7.95767853101873e-10,9.683445343427827e-08,0.1137076046382682,Normal,0,0.11370770229934557,Normal,Normal,Normal,Normal,Normal
2023-02-06 17:15:00+08:00,0.9769402002055374,1.3965992572577937e-11,3.2282066499432926e-10,7.495500384479555e-08,0.023059724502672192,Normal,0,0.0230597997944626,Normal,Normal,Normal,Normal,Normal
2023-02-06 17:30:00+08:00,0.9973593356945194,4.581696606802502e-12,1.2765532668796545e-10,2.826974126447376e-08,0.0026406359035022406,Normal,0,0.0026406643054806,Normal,Normal,Normal,Normal,Normal
2023-02-07 07:45:00+08:00,0.5650860584997403,3.366323871104352e-09,5.0347876900211704e-09,1.1386967467614495e-07,0.4349138192294735,Normal,0,0.43491394150025975,Normal,Shadowing,Shadowing,Normal,Normal
2023-02-07 08:00:00+08:00,0.22878821848617256,1.8016429343118646e-08,3.0653439712851805e-08,2.2040309192406082e-08,0.7712117108036491,Shadowing,1,0.7712117815138274,Normal,Shadowing,Shadowing,Shadowing,Shadowing
2023-02-07 08:15:00+08:00,0.9046906171067699,3.010798796354522e-11,1.7053294840494731e-09,2.6709038019632867e-08,0.0953093544487545,Normal,0,0.0953093828932301,Normal,Normal,Normal,Normal,Normal
2023-02-07 08:30:00+08:00,0.8408439023940296,5.350282150194278e-10,3.34786058072411e-09,2.694936482144636e-08,0.15915606677371671,Normal,0,0.15915609760597038,Normal,Normal,Normal,Normal,Normal
2023-02-07 08:45:00+08:00,0.7636478005434353,1.4327127590271e-09,4.998908874920581e-09,2.6607926945282693e-08,0.2363521664170162,Normal,0,0.23635219945656472,Normal,Normal,Normal,Normal,Normal
2023-02-07 09:00:00+08:00,0.34457300364601867,1.4227794377060557e-08,2.2613559730493894e-08,1.0191821810861734e-08,0.6554269493208055,Shadowing,1,0.6554269963539814,Normal,Shadowing,Shadowing,Shadowing,Shadowing
2023-02-07 09:15:00+08:00,0.692438236743526,2.2801744966591637e-09,8.218193454847021e-09,1.8563915257019008e-08,0.3075617341941908,Normal,0,0.307561763256474,Normal,Normal,Normal,Normal,Shadowing
2023-02-07 09:30:00+08:00,0.0008636091967727822,9.911845961125863e-07,6.434637578749984e-08,2.1898339664446625e-11,0.9991353352503569,Shadowing,1,0.9991363908032272,Shadowing,Shadowing,Shadowing,Shadowing,Shadowing
2023-02-07 09:45:00+08:00,0.004183461905143618,6.639326708099062e-07,1.2017792943024116e-07,3.923812893044382e-11,0.9958157539450181,Shadowing,1,0.9958165380948564,Shadowing,Shadowing,Shadowing,Shadowing,Shadowing
2023-02-07 10:00:00+08:00,0.0032004627814593246,9.190249385683725e-07,1.333267855199661e-07,1.8252391367844283e-11,0.9967984848485643,Shadowing,1,0.9967995372185406,Shadowing,Shadowing,Shadowing,Shadowing,Shadowing
2023-02-07 10:15:00+08:00,1.3230330334658392e-07,2.1406594937363397e-06,1.8975899721844884e-11,6.809860635902373e-20,0.9999977270182271,Shadowing,1,0.9999998676966967,Shadowing,Shadowing,Shadowing,Shadowing,Shadowing
2023-02-07 10:30:00+08:00,1.520477070777247e-06,8.065758421031696e-06,7.401430514454822e-10,1.7069782285426584e-18,0.9999904130243651,Shadowing,1,0.9999984795229292,Shadowing,Shadowing,Shadowing,Shadowing,Shadowing
2023-02-07 10:45:00+08:00,2.4262371182807163e-05,9.661053705761929e-06,1.3558003795715903e-08,1.072910603137091e-15,0.9999660630171066,Shadowing,1,0.9999757376288172,Shadowing,Shadowing,Shadowing,Shadowing,Shadowing
2023-02-07 11:00:00+08:00,1.4877862809210332e-05,9.698333914050906e-06,8.334515965473926e-09,3.38315122158362e-16,0.9999754154687605,Shadowing,1,0.9999851221371908,Shadowing,Shadowing,Shadowing,Shadowing,Shadowing
2023-02-07 11:15:00+08:00,1.2255341443263378e-06,6.983972699317847e-06,5.264974711830969e-10,8.73786900620581e-19,0.9999917899666588,Shadowing,1,0.9999987744658557,Shadowing,Shadowing,Shadowing,Shadowing,Shadowing
2023-02-07 11:30:00+08:00,6.285775903161228e-08,2.52052106371762e-06,2.1339673393230347e-11,1.7838984484531593e-21,0.9999974165998375,Shadowing,1,0.999999937142241,Shadowing,Shadowing,Shadowing,Shadowing,Shadowing
2023-02-07 11:45:00+08:00,3.449699601202184e-11,1.30343675129532e-08,7.338007424737145e-16,1.6127138745858255e-28,0.9999999869311347,Shadowing,1,0.999999999965503,Shadowing,Shadowing,Shadowing,Shadowing,Shadowing
2023-02-07 12:00:00+08:00,6.23954354757287e-08,3.1508924731366348e-06,1.4735707908874103e-11,3.656576947676129e-20,0.9999967866973558,Shadowing,1,0.9999999376045645,Shadowing,Shadowing,Shadowing,Shadowing,Shadowing
2023-02-07 12:15:00+08:00,0.12310300179713707,9.828865692513255e-13,1.003676342806666e-09,6.699550656101581e-19,0.8768969971982038,Shadowing,1,0.8768969982028629,Shadowing,Shadowing,Shadowing,Normal,Shadowing
2023-02-07 12:30:00+08:00,3.582206655456158e-05,3.3071825549664418e-09,1.1510148866217232e-10,1.8268914900878555e-19,0.9999641745111614,Shadowing,1,0.9999641779334454,Shadowing,Shadowing,Shadowing,Shadowing,Shadowing
2023-02-07 12:45:00+08:00,0.00029244428979862227,2.2026835925772782e-06,3.673921862820596e-08,2.1045717819367785e-17,0.9997053162873902,Shadowing,1,0.9997075557102014,Shadowing,Shadowing,Shadowing,Shadowing,Shadowing
2023-02-07 13:00:00+08:00,9.043997040088253e-05,8.471523246742521e-10,8.247079029447692e-11,9.514804690397328e-20,0.999909559099976,Shadowing,1,0.9999095600295991,Shadowing,Shadowing,Shadowing,Shadowing,Shadowing
2023-02-07 13:15:00+08:00,1.2651951651074278e-07,1.673398885711307e-07,5.352541174315718e-11,9.894497635142587e-20,0.9999997060870696,Shadowing,1,0.9999998734804835,Shadowing,Shadowing,Shadowing,Shadowing,Shadowing
2023-02-07 13:30:00+08:00,1.766041690804521e-06,3.1394960328964148e-09,2.3206168789166527e-11,2.855444938771753e-20,0.9999982307956069,Shadowing,1,0.9999982339583092,Shadowing,Shadowing,Shadowing,Shadowing,Shadowing
2023-02-07 13:45:00+08:00,7.89664775394955e-08,1.9785251417391465e-08,6.432530740930225e-12,1.5100364635899535e-20,0.9999999012418386,Shadowing,1,0.9999999210335224,Shadowing,Shadowing,Shadowing,Shadowing,Shadowing
2023-02-07 14:00:00+08:00,0.0006450019402262729,1.8793645391999335e-15,2.124819081426018e-15,3.611999564651385e-24,0.9993549980597697,Shadowing,1,0.9993549980597737,Shadowing,Shadowing,Shadowing,Shadowing,Shadowing
2023-02-07 14:15:00+08:00,2.095600950969172e-08,2.3025953282714327e-06,1.0011143177732222e-11,7.422949224201217e-21,0.9999976764386511,Shadowing,1,0.9999999790439905,Shadowing,Shadowing,Shadowing,Shadowing,Shadowing
2023-02-07 14:30:00+08:00,3.115108274593555e-05,9.28798698654151e-08,1.481196475113673e-09,1.8380825245788373e-18,0.9999687545561878,Shadowing,1,0.999968848917254,Shadowing,Shadowing,Shadowing,Shadowing,Shadowing
2023-02-07 14:45:00+08:00,0.029488366336749762,3.4105287825083096e-09,2.1334484501781378e-08,8.545218358621959e-09,0.9705116003730186,Shadowing,1,0.9705116336632502,Shadowing,Shadowing,Shadowing,Shadowing,Shadowing
2023-02-07 15:00:00+08:00,0.000128092592807123,1.9485794721465993e-06,4.104106337950288e-08,1.7548829274924815e-15,0.9998699177866556,Shadowing,1,0.9998719074071929,Shadowing,Shadowing,Shadowing,Shadowing,Shadowing
2023-02-07 15:15:00+08:00,0.39900528051612083,3.4659516888057065e-11,7.995148891702575e-08,3.87289533183952e-09,0.6009946356248355,Shadowing,1,0.6009947194838792,Shadowing,Shadowing,Normal,Shadowing,Normal
2023-02-07 15:30:00+08:00,0.0012059252594098526,3.240421440322187e-10,3.403675396550253e-10,1.5510765363777216e-09,0.998794072525104,Shadowing,1,0.9987940747405901,Shadowing,Shadowing,Shadowing,Shadowing,Shadowing
2023-02-07 15:45:00+08:00,0.0012797405999944015,1.5788876922253937e-12,2.7333750418412075e-11,1.3068454350009026e-10,0.9987202592404083,Shadowing,1,0.9987202594000056,Shadowing,Shadowing,Shadowing,Shadowing,Shadowing
2023-02-07 16:00:00+08:00,0.023568657031663425,4.0798367663646915e-13,4.31758169478548e-09,6.700610830418592e-10,0.9764313379802859,Shadowing,1,0.9764313429683366,Shadowing,Shadowing,Shadowing,Shadowing,Shadowing
2023-02-07 16:15:00+08:00,0.3060064600953364,1.361777933827741e-09,6.032499770913689e-08,6.956275759320637e-09,0.6939934712616124,Shadowing,1,0.6939935399046636,Normal,Shadowing,Shadowing,Shadowing,Shadowing
2023-02-07 16:30:00+08:00,5.775532091766891e-06,1.1311193321921267e-05,1.6372356728129341e-09,1.3296372126216727e-15,0.9999829116373494,Shadowing,1,0.9999942244679082,Shadowing,Shadowing,Shadowing,Shadowing,Shadowing
2023-02-07 16:45:00+08:00,0.00025868453052474536,1.0284670686895072e-06,3.7036846188577486e-08,2.0241949756453824e-11,0.9997402499453184,Shadowing,1,0.9997413154694752,Shadowing,Shadowing,Shadowing,Shadowing,Shadowing
2023-02-07 17:00:00+08:00,0.08989079884932696,5.7567382285348424e-08,1.0788027742511212e-07,1.7079411196299672e-09,0.9101090339950721,Shadowing,1,0.9101092011506731,Shadowing,Shadowing,Shadowing,Shadowing,Shadowing
2023-02-07 17:15:00+08:00,0.8903378309140274,8.318452798601431e-11,1.5431116760843502e-09,5.248113099015932e-08,0.10966211497854554,Normal,0,0.1096621690859726,Normal,Normal,Normal,Normal,Normal
2023-02-07 17:30:00+08:00,0.9453856749083839,2.5840571240677325e-11,5.78614550987326e-10,9.383503751973147e-08,0.05461423065212345,Normal,0,0.05461432509161612,Normal,Normal,Normal,Normal,Normal
2023-02-08 07:45:00+08:00,0.9994619685158955,2.1808102892666207e-12,7.479721039045707e-11,1.0972959486875528e-08,0.0005380204341670337,Normal,0,0.0005380314841044731,Normal,Normal,Normal,Normal,Normal
2023-02-08 08:00:00+08:00,0.9992145804754236,3.0625855675643406e-12,9.792511692086607e-11,1.383076109436521e-08,0.0007854055928276567,Normal,0,0.0007854195245764473,Normal,Normal,Normal,Normal,Normal
2023-02-08 08:15:00+08:00,0.9985442486549954,3.708997188917516e-12,1.111090304544472e-10,1.9924203991348074e-08,0.0014557313059825785,Normal,0,0.001455751345004641,Normal,Normal,Normal,Normal,Normal
2023-02-08 08:30:00+08:00,0.9963913901687942,7.607535549657865e-12,1.9189568837988698e-10,3.279249026207317e-08,0.0036085768392123603,Normal,0,0.0036086098312058112,Normal,Normal,Normal,Normal,Normal
2023-02-08 08:45:00+08:00,0.9951164702902947,8.6763479937706e-12,2.132446451569692e-10,3.786029105339442e-08,0.004883491627493139,Normal,0,0.004883529709705292,Normal,Normal,Normal,Normal,Normal
2023-02-08 09:00:00+08:00,0.9879433576262615,2.947773361704927e-11,4.791160775589267e-10,5.209269491020165e-08,0.012056589772449652,Normal,0,0.012056642373738491,Normal,Normal,Normal,Normal,Normal
2023-02-08 09:15:00+08:00,0.9297330786915993,1.8642504824974876e-10,1.2072505904516808e-09,8.285505411157669e-08,0.070266837059671,Normal,0,0.07026692130840073,Normal,Normal,Normal,Normal,Normal
2023-02-08 09:30:00+08:00,0.6517546665384235,1.7526778874022365e-09,3.7029925779283726e-09,1.0176902108749391e-07,0.348245226236885,Normal,0,0.3482453334615765,Normal,Shadowing,Shadowing,Normal,Normal
2023-02-08 09:45:00+08:00,0.9047402338597657,1.047414012963084e-10,2.012829071197125e-09,2.771213074210972e-08,0.09525973631053314,Normal,0,0.09525976614023435,Normal,Normal,Normal,Normal,Normal
2023-02-08 10:00:00+08:00,0.8296850665354437,3.329526524621219e-10,2.176565115494324e-09,6.253169247406243e-08,0.17031486842334595,Normal,0,0.17031493346455628,Normal,Normal,Normal,Normal,Normal
2023-02-08 10:15:00+08:00,0.903976359334443,2.5563650566010555e-11,1.447185385679231e-09,3.1412829824802455e-08,0.09602360777997827,Normal,0,0.09602364066555702,Normal,Normal,Normal,Normal,Normal
2023-02-08 10:30:00+08:00,0.5439000407216042,4.942309752695943e-09,8.583857235957128e-09,3.446137913547801e-08,0.45609991129084965,Normal,0,0.45609995927839575,Normal,Shadowing,Shadowing,Normal,Normal
2023-02-08 10:45:00+08:00,0.9118669117935013,3.4192918025818257e-11,1.637805424047629e-09,2.8667796797989187e-08,0.0881330578667034,Normal,0,0.08813308820649868,Normal,Normal,Normal,Normal,Normal
2023-02-08 11:00:00+08:00,0.7121874832527565,2.1578210849306662e-09,6.663758464446865e-09,2.3323038243557113e-08,0.2878124846026257,Normal,0,0.2878125167472435,Normal,Normal,Normal,Normal,Normal
2023-02-08 11:15:00+08:00,0.1432394306689799,4.957198592104298e-08,8.937284624271283e-08,1.940383814747661e-09,0.8567604284458042,Shadowing,1,0.8567605693310201,Normal,Shadowing,Shadowing,Shadowing,Shadowing
2023-02-08 11:30:00+08:00,0.0772681592870136,7.001294554465021e-08,1.1503999988615105e-07,1.089876277258436e-09,0.9227316545701647,Shadowing,1,0.9227318407129864,Shadowing,Shadowing,Shadowing,Shadowing,Shadowing
2023-02-08 11:45:00+08:00,0.8156280637119642,4.293824701344408e-10,4.795421640482853e-09,2.1190633567773447e-08,0.1843719098725981,Normal,0,0.18437193628803583,Normal,Normal,Normal,Normal,Shadowing
2023-02-08 12:00:00+08:00,0.2826953046030378,2.4659121798476322e-08,3.8380511163200635e-08,4.738207714868829e-09,0.7173046276191215,Shadowing,1,0.7173046953969622,Normal,Shadowing,Shadowing,Shadowing,Shadowing
2023-02-08 12:15:00+08:00,4.345908035254282e-06,6.251992707089964e-06,2.7388944651161765e-09,2.586416440291467e-13,0.9999893993601046,Shadowing,1,0.9999956540919648,Shadowing,Shadowing,Shadowing,Shadowing,Shadowing
2023-02-08 12:30:00+08:00,0.07736905283081519,5.428568946374299e-08,1.0867176659196149e-07,2.7002374672166666e-09,0.9226307815114915,Shadowing,1,0.9226309471691848,Shadowing,Shadowing,Shadowing,Shadowing,Shadowing
2023-02-08 12:45:00+08:00,0.8867939697120868,4.624264427108431e-11,2.189708360502947e-09,2.566454010697938e-08,0.11320600238742225,Normal,0,0.1132060302879132,Normal,Normal,Normal,Normal,Normal
2023-02-08 13:00:00+08:00,0.8625442776708121,1.988914008232742e-10,3.102698225620662e-09,2.371811693159621e-08,0.1374556953094813,Normal,0,0.1374557223291879,Normal,Normal,Normal,Normal,Normal
2023-02-08 13:15:00+08:00,0.8681152060207392,8.910577169469943e-11,2.9659835738291974e-09,2.324201757815002e-08,0.1318847676821539,Normal,0,0.13188479397926078,Normal,Normal,Normal,Normal,Normal
2023-02-08 13:30:00+08:00,0.9078516968047395,3.238471496421626e-11,1.7130759397814888e-09,2.6875436291938145e-08,0.09214827457436339,Normal,0,0.09214830319526046,Normal,Normal,Normal,Normal,Normal
2023-02-08 13:45:00+08:00,0.1806144897954545,2.513426397811186e-08,4.8266309757910377e-08,1.22158660868048e-08,0.8193854245881058,Shadowing,1,0.8193855102045455,Normal,Shadowing,Shadowing,Shadowing,Shadowing
2023-02-08 14:00:00+08:00,0.007737901456618054,8.774885893753354e-08,6.536262396584378e-08,1.5480924913784809e-09,0.9922619438838065,Shadowing,1,0.992262098543382,Shadowing,Shadowing,Shadowing,Shadowing,Shadowing
2023-02-08 14:15:00+08:00,0.24199496438242787,1.8492792548526866e-08,3.140350354950487e-08,1.7334707200895124e-08,0.7580049683865688,Shadowing,1,0.7580050356175722,Normal,Shadowing,Shadowing,Shadowing,Shadowing
2023-02-08 14:30:00+08:00,0.8987354121209901,2.4664566877292575e-11,1.6017960881677682e-09,2.7568676995021908e-08,0.10126455868387223,Normal,0,0.10126458787900994,Normal,Normal,Normal,Normal,Normal
2023-02-08 14:45:00+08:00,0.004405363732144822,1.9882613416952146e-07,8.42228636738149e-08,2.35910284970941e-10,0.9955943529829471,Shadowing,1,0.9955946362678552,Shadowing,Shadowing,Shadowing,Shadowing,Shadowing
2023-02-08 15:00:00+08:00,0.061293325714052736,7.722250720019924e-08,1.1817648454574576e-07,9.215096898373348e-10,0.9387064779654459,Shadowing,1,0.9387066742859472,Shadowing,Shadowing,Shadowing,Shadowing,Shadowing
2023-02-08 15:15:00+08:00,0.168537413703723,3.173334776700775e-08,6.769653535173663e-08,7.291204169399009e-09,0.8314624795751898,Shadowing,1,0.831462586296277,Normal,Shadowing,Shadowing,Shadowing,Shadowing
2023-02-08 15:30:00+08:00,0.8888124415406178,1.795373995400568e-10,2.2929292992710976e-09,2.798618079232838e-08,0.1111875280007347,Normal,0,0.11118755845938222,Normal,Normal,Normal,Normal,Normal
2023-02-08 15:45:00+08:00,0.7389322064165491,1.2308045834505484e-09,3.5690277758068913e-09,5.0188904863114605e-08,0.26106773859471366,Normal,0,0.2610677935834509,Normal,Shadowing,Normal,Normal,Normal
2023-02-08 16:00:00+08:00,0.8816832130055179,1.1218427868056089e-10,1.6889772327624385e-09,5.1361558550905575e-08,0.11831673383176197,Normal,0,0.11831678699448211,Normal,Normal,Normal,Normal,Normal
2023-02-08 16:15:00+08:00,0.7325974217705138,1.285299834136674e-09,3.6173116489750623e-09,5.161616955231232e-08,0.2674025217107051,Normal,0,0.2674025782294862,Normal,Shadowing,Normal,Normal,Normal
2023-02-08 16:30:00+08:00,0.8973765603290399,6.818231987355262e-11,1.0474364621441448e-09,9.69857383472284e-08,0.10262334156960291,Normal,0,0.1026234396709601,Normal,Normal,Normal,Normal,Normal
2023-02-08 16:45:00+08:00,0.01704149410629463,5.8758831006076164e-08,5.719400423423399e-08,3.7052117266456973e-09,0.9829583862356583,Shadowing,1,0.9829585058937054,Shadowing,Shadowing,Shadowing,Shadowing,Shadowing
2023-02-08 17:00:00+08:00,0.9164536083588969,2.8775620660865525e-11,7.121371625722333e-10,9.517644315335153e-08,0.0835462957237472,Normal,0,0.08354639164110311,Normal,Normal,Normal,Normal,Normal
2023-02-08 17:15:00+08:00,0.9724994920061423,2.7439608180192996e-11,5.160088042638191e-10,8.115568046533901e-08,0.027500426294728857,Normal,0,0.027500507993857726,Normal,Normal,Normal,Normal,Normal
2023-02-08 17:30:00+08:00,0.9981715497527732,3.937506068071494e-12,1.1529053605342371e-10,2.2825868115170136e-08,0.0018284273021306296,Normal,0,0.001828450247226776,Normal,Normal,Normal,Normal,Normal
2023-02-09 07:45:00+08:00,0.9988502802335439,3.9478683329325325e-12,1.1894850432039792e-10,1.7344238861261204e-08,0.0011497022993206553,Normal,0,0.0011497197664560588,Normal,Normal,Normal,Normal,Normal
2023-02-09 08:00:00+08:00,0.9860877304981676,2.2760405355589832e-11,4.359983885668955e-10,6.15203505427335e-08,0.013912207522723102,Normal,0,0.013912269501832442,Normal,Normal,Normal,Normal,Normal
2023-02-09 08:15:00+08:00,0.9256138224718935,2.6185138101814282e-11,6.554260476707894e-10,9.572387557188112e-08,0.07438608112261971,Normal,0,0.0743861775281065,Normal,Normal,Normal,Normal,Normal
2023-02-09 08:30:00+08:00,0.8890995840662429,4.124733234756493e-11,9.428690516572936e-10,9.727548930217085e-08,0.1109003176741515,Normal,0,0.1109004159337571,Normal,Normal,Normal,Normal,Normal
2023-02-09 08:45:00+08:00,0.9759876400676051,3.316913661097612e-11,5.655820621174913e-10,7.814453587216764e-08,0.024012281189107965,Normal,0,0.024012359932394922,Normal,Normal,Normal,Normal,Normal
2023-02-09 09:00:00+08:00,0.9637739414612436,4.0699945179890955e-11,6.708577473950521e-10,8.805210164456998e-08,0.03622596977509703,Normal,0,0.03622605853875638,Normal,Normal,Normal,Normal,Normal
2023-02-09 09:15:00+08:00,0.8576469604259532,1.9649144684040195e-11,8.48758952983252e-10,8.255605162841952e-08,0.14235295614958698,Normal,0,0.14235303957404677,Normal,Normal,Normal,Normal,Normal
2023-02-09 09:30:00+08:00,0.9109479970860187,2.5875901677924674e-11,6.825793776870287e-10,9.71261021172885e-08,0.08905190507942387,Normal,0,0.0890520029139813,Normal,Normal,Normal,Normal,Normal
2023-02-09 09:45:00+08:00,0.6637634045301293,2.6709664892987045e-09,5.902786470574359e-09,3.5729826239060816e-08,0.3362365511662916,Normal,0,0.3362365954698707,Normal,Shadowing,Shadowing,Normal,Normal
2023-02-09 10:00:00+08:00,0.7419648440805376,1.709519814576056e-09,5.07077716440208e-09,2.8721138971289495e-08,0.25803512041802634,Normal,0,0.25803515591946236,Normal,Normal,Normal,Normal,Normal
2023-02-09 10:15:00+08:00,6.237738945269709e-06,6.909094142650963e-06,1.7614204536694564e-09,6.454158645476141e-14,0.9999868514054271,Shadowing,1,0.9999937622610547,Shadowing,Shadowing,Shadowing,Shadowing,Shadowing
2023-02-09 10:30:00+08:00,2.9255166784206844e-05,2.7767753503759344e-06,1.2832854931666643e-08,4.709758712244715e-12,0.9999679552203007,Shadowing,1,0.9999707448332158,Shadowing,Shadowing,Shadowing,Shadowing,Shadowing
2023-02-09 10:45:00+08:00,0.8473268302219736,1.109968788257386e-10,3.911502900187971e-09,2.1718635564725975e-08,0.15267314403689108,Normal,0,0.15267316977802636,Normal,Normal,Normal,Normal,Normal
2023-02-09 11:00:00+08:00,0.1624353794864085,3.836104077328522e-08,7.43569913315449e-08,3.7368585826626734e-09,0.8375645040587008,Shadowing,1,0.8375646205135915,Normal,Shadowing,Shadowing,Shadowing,Shadowing
2023-02-09 11:15:00+08:00,0.07582651918631475,8.195136837820533e-08,1.2294839785921125e-07,8.25893310963561e-10,0.9241732750880256,Shadowing,1,0.9241734808136852,Shadowing,Shadowing,Shadowing,Shadowing,Shadowing
2023-02-09 11:30:00+08:00,5.120776923288574e-05,1.1537089631055995e-05,1.7394185257861528e-08,2.2003689241469046e-13,0.9999372377467308,Shadowing,1,0.9999487922307672,Shadowing,Shadowing,Shadowing,Shadowing,Shadowing
2023-02-09 11:45:00+08:00,3.729881749937285e-07,3.636041619135398e-06,1.0575237727074719e-10,2.083704601293183e-19,0.9999959908644535,Shadowing,1,0.999999627011825,Shadowing,Shadowing,Shadowing,Shadowing,Shadowing
2023-02-09 12:00:00+08:00,8.333402981872291e-10,7.724863016241201e-10,1.7984536016062123e-14,8.65257980447203e-25,0.9999999983941553,Shadowing,1,0.9999999991666597,Shadowing,Shadowing,Shadowing,Shadowing,Shadowing
2023-02-09 12:15:00+08:00,1.3306026045946282e-09,3.902638833376213e-09,9.819274265246465e-14,3.100257918023252e-23,0.9999999947666603,Shadowing,1,0.9999999986693974,Shadowing,Shadowing,Shadowing,Shadowing,Shadowing
2023-02-09 12:30:00+08:00,9.209091237099062e-11,8.983790837691883e-08,1.1567148412544448e-14,3.907336113515241e-26,0.9999999100699892,Shadowing,1,0.9999999999079091,Shadowing,Shadowing,Shadowing,Shadowing,Shadowing
2023-02-09 12:45:00+08:00,2.2327462111632806e-10,5.300187083616574e-09,1.6403812184593622e-14,4.676399439565766e-25,0.999999994476522,Shadowing,1,0.9999999997767254,Shadowing,Shadowing,Shadowing,Shadowing,Shadowing
2023-02-09 13:00:00+08:00,2.1138049696425614e-05,8.540248938074359e-17,1.9986500104955497e-17,5.0285624255057545e-27,0.9999788619503034,Shadowing,1,0.9999788619503036,Shadowing,Shadowing,Shadowing,Shadowing,Shadowing
2023-02-09 13:15:00+08:00,0.0003927892045098232,6.023205000494518e-15,7.634320937818269e-15,9.395713331052163e-24,0.9996072107954763,Shadowing,1,0.9996072107954902,Shadowing,Shadowing,Shadowing,Shadowing,Shadowing
2023-02-09 13:30:00+08:00,0.0002903392817390684,2.4641912115156453e-09,2.871403128763118e-10,4.872815851647963e-19,0.9997096579669293,Shadowing,1,0.999709660718261,Shadowing,Shadowing,Shadowing,Shadowing,Shadowing
2023-02-09 13:45:00+08:00,3.2470488953585824e-05,4.1159440081427964e-06,1.0808689716688494e-08,8.420077913961379e-16,0.9999634027583477,Shadowing,1,0.9999675295110464,Shadowing,Shadowing,Shadowing,Shadowing,Shadowing
2023-02-09 14:00:00+08:00,1.4979634072919903e-06,3.5400477670719975e-06,6.231780400602573e-10,1.5060671395535828e-17,0.9999949613656476,Shadowing,1,0.9999985020365927,Shadowing,Shadowing,Shadowing,Shadowing,Shadowing
2023-02-09 14:15:00+08:00,4.036879716688248e-08,1.996320786201635e-06,9.72518721976461e-12,2.0353141231267986e-21,0.9999979633006916,Shadowing,1,0.9999999596312028,Shadowing,Shadowing,Shadowing,Shadowing,Shadowing
2023-02-09 14:30:00+08:00,1.7161053799748805e-07,3.2209350258597946e-06,7.822599507574288e-11,1.5423089475120418e-19,0.9999966073762103,Shadowing,1,0.999999828389462,Shadowing,Shadowing,Shadowing,Shadowing,Shadowing
2023-02-09 14:45:00+08:00,2.6750802182089055e-06,3.7925300139903696e-06,5.87284088807429e-10,1.805358703052039e-17,0.9999935318024835,Shadowing,1,0.9999973249197818,Shadowing,Shadowing,Shadowing,Shadowing,Shadowing
2023-02-09 15:00:00+08:00,1.254965828377113e-07,3.0607087386414973e-06,3.88427501199642e-11,2.477459307703519e-20,0.9999968137558357,Shadowing,1,0.9999998745034172,Shadowing,Shadowing,Shadowing,Shadowing,Shadowing
2023-02-09 15:15:00+08:00,0.00031115754387989116,3.7018151264178683e-06,7.46977554663785e-08,7.223164118029979e-14,0.999685065943166,Shadowing,1,0.9996888424561201,Shadowing,Shadowing,Shadowing,Shadowing,Shadowing
2023-02-09 15:30:00+08:00,0.017069882769928726,4.772288870518951e-07,2.0257566806242735e-07,2.6096168074348196e-11,0.98292943739942,Shadowing,1,0.9829301172300713,Shadowing,Shadowing,Shadowing,Shadowing,Shadowing
2023-02-09 15:45:00+08:00,0.6142764359815721,4.0497904778139405e-10,1.3445380740915033e-08,1.4489494124298416e-08,0.3857235356785741,Normal,0,0.3857235640184279,Normal,Normal,Normal,Normal,Shadowing
2023-02-09 16:00:00+08:00,0.02823485049993673,4.339238316456957e-07,2.5469863106929914e-07,1.1986990403526776e-11,0.9717644608656135,Shadowing,1,0.9717651495000633,Shadowing,Shadowing,Shadowing,Shadowing,Shadowing
2023-02-09 16:15:00+08:00,0.015200244571542182,5.549143535740576e-07,2.524448589824796e-07,5.964131410855932e-12,0.9847989480632812,Shadowing,1,0.9847997554284578,Shadowing,Shadowing,Shadowing,Shadowing,Shadowing
2023-02-09 16:30:00+08:00,0.0005565198144459554,1.4801996706212456e-06,6.240755229370297e-08,1.1884638902793135e-11,0.9994419375664465,Shadowing,1,0.9994434801855541,Shadowing,Shadowing,Shadowing,Shadowing,Shadowing
2023-02-09 16:45:00+08:00,0.2907197868202287,2.7100895528927446e-08,4.0389990777466684e-08,3.4011987572398766e-09,0.7092801422876862,Shadowing,1,0.7092802131797713,Normal,Shadowing,Shadowing,Shadowing,Shadowing
2023-02-09 17:00:00+08:00,0.8832638263187637,1.555565311215357e-10,2.4391606679405117e-09,2.626064167403059e-08,0.11673614482587757,Normal,0,0.11673617368123634,Normal,Normal,Normal,Normal,Normal
2023-02-09 17:15:00+08:00,0.8654899527489679,2.4512904747982377e-11,7.51915918038523e-10,9.966263959486437e-08,0.13450994681196377,Normal,0,0.1345100472510321,Normal,Normal,Normal,Normal,Normal
2023-02-09 17:30:00+08:00,0.9313389556717929,2.3449946118397225e-11,5.825212289580464e-10,9.751457275515427e-08,0.06866094620766296,Normal,0,0.06866104432820708,Normal,Normal,Normal,Normal,Normal
2023-02-10 07:45:00+08:00,0.9913822059032391,2.2379555758441567e-11,4.083779635118112e-10,4.765661757684446e-08,0.00861774600938581,Normal,0,0.008617794096760889,Normal,Normal,Normal,Normal,Normal
2023-02-10 08:00:00+08:00,0.9089597101776757,2.5472203576657163e-10,1.3785164065374363e-09,8.580886331492033e-08,0.09104020238022247,Normal,0,0.09104028982232426,Normal,Normal,Normal,Normal,Normal
2023-02-10 08:15:00+08:00,0.7029733614521139,1.7824140668477158e-09,3.397810830050629e-09,9.629857723286477e-08,0.29702653706908394,Normal,0,0.29702663854788613,Normal,Shadowing,Shadowing,Normal,Normal
2023-02-10 08:30:00+08:00,0.32219211803665504,1.0538259029924191e-08,1.497637834758127e-08,9.834715251326267e-08,0.677807758101555,Shadowing,1,0.677807881963345,Normal,Shadowing,Shadowing,Shadowing,Shadowing
2023-02-10 08:45:00+08:00,0.5378616505218854,3.92831340883025e-09,6.5272751367906125e-09,7.56924187710523e-08,0.4621382633301073,Normal,0,0.4621383494781146,Normal,Shadowing,Shadowing,Normal,Normal
2023-02-10 09:00:00+08:00,0.605890411131662,3.5146973138451397e-09,6.6591052606364275e-09,4.2686924785703413e-08,0.3941095360076107,Normal,0,0.394109588868338,Normal,Shadowing,Shadowing,Normal,Normal
2023-02-10 09:15:00+08:00,0.9042438274425552,3.126992324048966e-11,1.406430290478577e-09,4.111059337978119e-08,0.09575613000915117,Normal,0,0.09575617255744484,Normal,Normal,Normal,Normal,Normal
2023-02-10 09:30:00+08:00,0.06726237917228735,5.54328557223331e-08,1.1017299552401786e-07,2.751280727416438e-09,0.9327374524705807,Shadowing,1,0.9327376208277126,Shadowing,Shadowing,Shadowing,Shadowing,Shadowing
2023-02-10 09:45:00+08:00,0.8943509031601053,1.1522638778649409e-10,2.2006896860872813e-09,2.6756172031141894e-08,0.10564906776780643,Normal,0,0.10564909683989465,Normal,Normal,Normal,Normal,Normal
2023-02-10 10:00:00+08:00,0.17693848738138426,3.282580678217586e-08,6.5654890316128e-08,6.234115321095634e-09,0.8230614079038034,Shadowing,1,0.8230615126186157,Normal,Shadowing,Shadowing,Shadowing,Shadowing
2023-02-10 10:15:00+08:00,0.5683342495758312,4.7436313550164725e-09,8.857425959062447e-09,2.8892446464916183e-08,0.43166570793066505,Normal,0,0.43166575042416877,Normal,Shadowing,Shadowing,Normal,Normal
2023-02-10 10:30:00+08:00,0.00769971509581229,1.5095259571010536e-07,9.39170550553969e-08,3.609699230595451e-10,0.9923000396735671,Shadowing,1,0.9923002849041878,Shadowing,Shadowing,Shadowing,Shadowing,Shadowing
2023-02-10 10:45:00+08:00,0.3496502566663292,1.5997119853120906e-08,2.6520247737283098e-08,7.232221321636791e-09,0.650349693584082,Shadowing,1,0.6503497433336708,Normal,Shadowing,Shadowing,Shadowing,Shadowing
2023-02-10 11:00:00+08:00,0.0003929885214966583,1.331663213793606e-06,4.143753301261739e-08,1.3992721820678653e-11,0.9996056383637638,Shadowing,1,0.9996070114785034,Shadowing,Shadowing,Shadowing,Shadowing,Shadowing
2023-02-10 11:15:00+08:00,0.3054349518215321,2.2514106921425935e-08,3.5118108510263075e-08,4.674580345590543e-09,0.6945649858716723,Shadowing,1,0.694565048178468,Normal,Shadowing,Shadowing,Shadowing,Shadowing
2023-02-10 11:30:00+08:00,0.0010424482143472555,7.194177890820178e-07,6.249979001821784e-08,3.556953675830473e-11,0.9989567698325041,Shadowing,1,0.9989575517856527,Shadowing,Shadowing,Shadowing,Shadowing,Shadowing
2023-02-10 11:45:00+08:00,2.4769617983912557e-05,1.4323811962674619e-05,8.634632139022165e-09,5.4178767479128546e-14,0.999960897935367,Shadowing,1,0.9999752303820161,Shadowing,Shadowing,Shadowing,Shadowing,Shadowing
2023-02-10 12:00:00+08:00,1.899398351864068e-06,8.580412906860686e-06,7.327081373385901e-10,1.9445597477239944e-17,0.9999895194560333,Shadowing,1,0.9999981006016482,Shadowing,Shadowing,Shadowing,Shadowing,Shadowing
2023-02-10 12:15:00+08:00,7.66291084005655e-06,1.0709164956514248e-05,4.090747584309682e-09,2.2572695072811504e-16,0.9999816238334557,Shadowing,1,0.9999923370891599,Shadowing,Shadowing,Shadowing,Shadowing,Shadowing
2023-02-10 12:30:00+08:00,2.6324155710048453e-07,4.643420362400997e-06,1.168909141657816e-10,3.5403640140123423e-20,0.9999950932211895,Shadowing,1,0.9999997367584429,Shadowing,Shadowing,Shadowing,Shadowing,Shadowing
2023-02-10 12:45:00+08:00,1.8784421284804926e-10,2.5558229655568515e-07,4.920347938878868e-14,5.519096769829805e-25,0.9999997442298099,Shadowing,1,0.9999999998121558,Shadowing,Shadowing,Shadowing,Shadowing,Shadowing
2023-02-10 13:00:00+08:00,9.037812975616615e-08,2.0811351305201512e-13,6.537858529710049e-18,2.621716230828392e-31,0.9999999096216621,Shadowing,1,0.9999999096218702,Shadowing,Shadowing,Shadowing,Shadowing,Shadowing
2023-02-10 13:15:00+08:00,3.782492689566616e-11,1.4046166522330775e-08,8.558326093698068e-16,2.463814628435517e-28,0.9999999859160077,Shadowing,1,0.999999999962175,Shadowing,Shadowing,Shadowing,Shadowing,Shadowing
2023-02-10 13:30:00+08:00,1.1007084846126467e-08,1.1394303437387808e-06,2.2463740855527783e-12,4.802572157060983e-23,0.9999988495603251,Shadowing,1,0.9999999889929152,Shadowing,Shadowing,Shadowing,Shadowing,Shadowing
2023-02-10 13:45:00+08:00,1.7299155477261603e-10,3.393062977059314e-07,9.26147604866804e-14,2.0206703116069273e-24,0.9999996605206182,Shadowing,1,0.9999999998270085,Shadowing,Shadowing,Shadowing,Shadowing,Shadowing
2023-02-10 14:00:00+08:00,2.204939235503371e-09,7.496767125876984e-07,2.619014094597815e-13,3.198162118807509e-23,0.9999992481180863,Shadowing,1,0.9999999977950608,Shadowing,Shadowing,Shadowing,Shadowing,Shadowing
2023-02-10 14:15:00+08:00,1.460407224812922e-07,5.208806229261008e-11,7.19110872258539e-14,1.0815603046522026e-23,0.9999998539071177,Shadowing,1,0.9999998539592775,Shadowing,Shadowing,Shadowing,Shadowing,Shadowing
2023-02-10 14:30:00+08:00,3.374278239644222e-05,1.1287423324914683e-07,6.898802922235079e-09,2.103625136142153e-15,0.9999661374445653,Shadowing,1,0.9999662572176036,Shadowing,Shadowing,Shadowing,Shadowing,Shadowing
2023-02-10 14:45:00+08:00,4.095438107286522e-06,3.9299292667830476e-06,7.274671533086297e-10,3.3512685297972934e-17,0.9999919739051588,Shadowing,1,0.9999959045618927,Shadowing,Shadowing,Shadowing,Shadowing,Shadowing
2023-02-10 15:00:00+08:00,1.7859713653375703e-06,7.082474645380228e-06,7.367596657169525e-10,2.283618881944459e-18,0.9999911308172296,Shadowing,1,0.9999982140286346,Shadowing,Shadowing,Shadowing,Shadowing,Shadowing
2023-02-10 15:15:00+08:00,1.0358226043070914e-05,6.784175203046307e-06,4.417670430053226e-09,2.1129372629340285e-16,0.9999828531810833,Shadowing,1,0.9999896417739569,Shadowing,Shadowing,Shadowing,Shadowing,Shadowing
2023-02-10 15:30:00+08:00,0.0001681092432351629,5.639777339124678e-06,5.224395247488472e-08,1.0538684395853495e-13,0.9998261987353679,Shadowing,1,0.9998318907567648,Shadowing,Shadowing,Shadowing,Shadowing,Shadowing
2023-02-10 15:45:00+08:00,6.155909692231438e-05,1.1876357879606595e-05,2.4168368102239236e-08,1.1200960289026654e-13,0.9999265403767179,Shadowing,1,0.9999384409030777,Shadowing,Shadowing,Shadowing,Shadowing,Shadowing
2023-02-10 16:00:00+08:00,1.5607808191377487e-05,1.2865245794724798e-05,5.9514495795059874e-09,1.1971324124342739e-14,0.9999715209945522,Shadowing,1,0.9999843921918086,Shadowing,Shadowing,Shadowing,Shadowing,Shadowing
2023-02-10 16:15:00+08:00,0.0027024719377462007,8.845950672620832e-07,1.1628074283627856e-07,2.480677882517641e-11,0.9972965271616369,Shadowing,1,0.9972975280622538,Shadowing,Shadowing,Shadowing,Shadowing,Shadowing
2023-02-10 16:30:00+08:00,0.270973761529041,3.305798355638993e-08,4.642063587622454e-08,2.5207035721752763e-09,0.729026156471636,Shadowing,1,0.7290262384709589,Normal,Shadowing,Shadowing,Shadowing,Shadowing
2023-02-10 16:45:00+08:00,0.28443011552815584,2.3247716772907777e-08,3.651735140076989e-08,5.242936135516715e-09,0.7155698194638399,Shadowing,1,0.7155698844718441,Normal,Shadowing,Shadowing,Shadowing,Shadowing
2023-02-10 17:00:00+08:00,0.31746992044280314,1.5469887102014778e-08,2.3488625461903275e-08,1.347161164664914e-08,0.6825300271270727,Shadowing,1,0.6825300795571969,Normal,Shadowing,Shadowing,Shadowing,Shadowing
2023-02-10 17:15:00+08:00,0.8575389182342557,2.556382558637605e-10,2.2260993440132962e-09,4.250362548136986e-08,0.1424610367803814,Normal,0,0.14246108176574435,Normal,Normal,Normal,Normal,Normal
2023-02-10 17:30:00+08:00,0.9202059216320446,1.3574317081673236e-10,1.143590995349947e-09,8.974314760245882e-08,0.07979398734547362,Normal,0,0.07979407836795538,Normal,Normal,Normal,Normal,Normal
2023-02-11 07:45:00+08:00,0.9993854607819624,2.666678873877848e-12,8.837201563407154e-11,1.191688723949439e-08,0.0006145272101117784,Normal,0,0.0006145392180375575,Normal,Normal,Normal,Normal,Normal
2023-02-11 08:00:00+08:00,0.9984675846737512,6.077948451582044e-12,1.6465584524671838e-10,2.0560817540229725e-08,0.0015323945946975584,Normal,0,0.001532415326248815,Normal,Normal,Normal,Normal,Normal
2023-02-11 08:15:00+08:00,0.9893419497450981,2.9795935302328584e-11,4.865584009512204e-10,4.3785517564188735e-08,0.010658005953030077,Normal,0,0.010658050254901852,Normal,Normal,Normal,Normal,Normal
2023-02-11 08:30:00+08:00,0.9332165327936874,2.224811318489105e-10,1.219783729578923e-09,7.204239597153961e-08,0.06678339372165173,Normal,0,0.06678346720631256,Normal,Normal,Normal,Normal,Normal
2023-02-11 08:45:00+08:00,0.9614039139767355,3.7021365281405304e-11,6.471963267829246e-10,8.88079863215874e-08,0.03859599653106048,Normal,0,0.038596086023264475,Normal,Normal,Normal,Normal,Normal
2023-02-11 09:00:00+08:00,0.8815295270028034,1.8638509801686982e-10,1.3473308152448932e-09,9.433965485821086e-08,0.11847037712382566,Normal,0,0.1184704729971966,Normal,Normal,Normal,Normal,Normal
2023-02-11 09:15:00+08:00,0.9280615444837375,3.2263275455463065e-11,7.223695309230322e-10,9.415298277513385e-08,0.07193836060864703,Normal,0,0.07193845551626254,Normal,Normal,Normal,Normal,Normal
2023-02-11 09:30:00+08:00,0.8032633528138267,3.9732065132175984e-10,1.991110012389799e-09,9.7190254294594e-08,0.19673654760748838,Normal,0,0.19673664718617334,Normal,Normal,Normal,Normal,Normal
2023-02-11 09:45:00+08:00,0.8649739182049965,1.4881041041341364e-10,1.7263916887997013e-09,6.31071366250699e-08,0.13502601681266474,Normal,0,0.13502608179500353,Normal,Normal,Normal,Normal,Normal
2023-02-11 10:00:00+08:00,0.7321255657747547,1.3319513819085407e-09,3.7050075204044553e-09,4.8477582471619393e-08,0.2678743807107039,Normal,0,0.26787443422524526,Normal,Shadowing,Normal,Normal,Normal
2023-02-11 10:15:00+08:00,0.35239916795087245,9.930322802648568e-09,1.4233936964534729e-08,4.240466623727733e-08,0.6476007654802014,Shadowing,1,0.6476008320491276,Normal,Shadowing,Shadowing,Shadowing,Shadowing
2023-02-11 10:30:00+08:00,0.07658556139036697,4.018183666056736e-08,7.732001979568575e-08,5.996643716767546e-09,0.9234143151111327,Shadowing,1,0.923414438609633,Shadowing,Shadowing,Shadowing,Shadowing,Shadowing
2023-02-11 10:45:00+08:00,0.07317334586428344,6.005106820275403e-08,1.1159916438500116e-07,1.8575497701541551e-09,0.9268264806279343,Shadowing,1,0.9268266541357165,Shadowing,Shadowing,Shadowing,Shadowing,Shadowing
2023-02-11 11:00:00+08:00,0.1619944425645954,3.826668835888387e-08,7.445367916862954e-08,3.803201844547293e-09,0.8380054409118352,Shadowing,1,0.8380055574354046,Normal,Shadowing,Shadowing,Shadowing,Shadowing
2023-02-11 11:15:00+08:00,0.41537304891517746,9.544553415549545e-09,1.514464101984129e-08,1.9729732767630404e-08,0.5846269066658953,Shadowing,1,0.5846269510848225,Normal,Shadowing,Shadowing,Shadowing,Shadowing
2023-02-11 11:30:00+08:00,0.0001199794634518232,9.523358378325502e-07,3.011324313102486e-08,2.7100788316946554e-11,0.9998790380603666,Shadowing,1,0.9998800205365482,Shadowing,Shadowing,Shadowing,Shadowing,Shadowing
2023-02-11 11:45:00+08:00,4.712568398343159e-05,4.04315456776798e-06,1.2788731690220406e-08,2.3826302770436487e-12,0.9999488183703346,Shadowing,1,0.9999528743160165,Shadowing,Shadowing,Shadowing,Shadowing,Shadowing
2023-02-11 12:00:00+08:00,0.000733340477285276,7.040772320823359e-07,5.553333506937385e-08,3.6574510945243573e-11,0.9992658998755729,Shadowing,1,0.9992666595227148,Shadowing,Shadowing,Shadowing,Shadowing,Shadowing
2023-02-11 12:15:00+08:00,0.0035375500905131052,3.2809603817929814e-07,8.486923844358435e-08,1.075896982751336e-10,0.9964620368366205,Shadowing,1,0.9964624499094868,Shadowing,Shadowing,Shadowing,Shadowing,Shadowing
2023-02-11 12:30:00+08:00,0.020188733896289703,1.4335891796966285e-07,1.1756018250142447e-07,3.4433565228181084e-10,0.9798110048402743,Shadowing,1,0.9798112661037103,Shadowing,Shadowing,Shadowing,Shadowing,Shadowing
2023-02-11 12:45:00+08:00,0.6437919302972834,3.182347605921948e-09,8.448970643303364e-09,2.0473130637723945e-08,0.35620803759826786,Normal,0,0.35620806970271657,Normal,Normal,Normal,Normal,Shadowing
2023-02-11 13:00:00+08:00,1.7721689266292854e-06,4.6679245661574975e-06,5.490794589762458e-10,6.560982319293657e-15,0.9999935593574213,Shadowing,1,0.9999982278310734,Shadowing,Shadowing,Shadowing,Shadowing,Shadowing
2023-02-11 13:15:00+08:00,2.5034243177945955e-05,6.681256407078259e-06,7.807530591848422e-09,1.0758926613445128e-12,0.9999682766918084,Shadowing,1,0.9999749657568221,Shadowing,Shadowing,Shadowing,Shadowing,Shadowing
2023-02-11 13:30:00+08:00,0.8471035886783931,2.3239280875047714e-10,3.8046884864840474e-09,2.186500841373315e-08,0.15289638541951725,Normal,0,0.15289641132160692,Normal,Normal,Normal,Normal,Normal
2023-02-11 13:45:00+08:00,0.0007332871444121171,5.849867308027775e-07,5.453980551494859e-08,4.7192765791806435e-11,0.9992660732818589,Shadowing,1,0.9992667128555879,Shadowing,Shadowing,Shadowing,Shadowing,Shadowing
2023-02-11 14:00:00+08:00,0.0003339130455077836,5.817968903129336e-07,4.5387792762038176e-08,5.733851793982621e-11,0.9996654597124707,Shadowing,1,0.9996660869544922,Shadowing,Shadowing,Shadowing,Shadowing,Shadowing
2023-02-11 14:15:00+08:00,0.6005242348191216,4.044382431828092e-09,8.87825277864526e-09,2.3932359772219322e-08,0.39947572832588346,Normal,0,0.39947576518087835,Normal,Shadowing,Shadowing,Normal,Shadowing
2023-02-11 14:30:00+08:00,0.13660474146315177,3.793002478654764e-08,8.374176025304715e-08,5.280152868131547e-09,0.8633951315849103,Shadowing,1,0.8633952585368483,Normal,Shadowing,Shadowing,Shadowing,Shadowing
2023-02-11 14:45:00+08:00,0.00011139246693941569,8.778609542745983e-07,3.007469376694072e-08,3.191275244768219e-11,0.9998876995654997,Shadowing,1,0.9998886075330606,Shadowing,Shadowing,Shadowing,Shadowing,Shadowing
2023-02-11 15:00:00+08:00,0.3166641530882012,1.5159681580558336e-08,2.277848453551916e-08,1.6315338519829215e-08,0.6833357926582944,Shadowing,1,0.6833358469117988,Normal,Shadowing,Shadowing,Shadowing,Shadowing
2023-02-11 15:15:00+08:00,0.4118820507107566,8.92119920792406e-09,1.3592410794420503e-08,2.645853611032184e-08,0.5881179003170972,Shadowing,1,0.5881179492892434,Normal,Shadowing,Shadowing,Shadowing,Shadowing
2023-02-11 15:30:00+08:00,0.303018111662927,1.1951614373921718e-08,1.783185271683895e-08,3.957963600777629e-08,0.6969818189739698,Shadowing,1,0.696981888337073,Normal,Shadowing,Shadowing,Shadowing,Shadowing
2023-02-11 15:45:00+08:00,0.8127276519479754,6.070994036625689e-10,2.8818972078269518e-09,4.010156954556277e-08,0.1872723044614585,Normal,0,0.18727234805202464,Normal,Normal,Normal,Normal,Normal
2023-02-11 16:00:00+08:00,0.8818050285035252,7.061301485533378e-11,1.2216824811733461e-09,8.953927256639318e-08,0.11819488066490672,Normal,0,0.11819497149647484,Normal,Normal,Normal,Normal,Normal
2023-02-11 16:15:00+08:00,0.9079829566040839,8.606325918429457e-11,1.0256746385477596e-09,9.497222495139519e-08,0.09201694731195327,Normal,0,0.0920170433959161,Normal,Normal,Normal,Normal,Normal
2023-02-11 16:30:00+08:00,0.8972582294265511,3.424764780487933e-11,8.063047974742826e-10,9.638540443277899e-08,0.10274167334749214,Normal,0,0.10274177057344891,Normal,Normal,Normal,Normal,Normal
2023-02-11 16:45:00+08:00,0.9686438459145161,5.0811053713101805e-11,6.891459348076194e-10,8.323299255397712e-08,0.031356070112534364,Normal,0,0.03135615408548387,Normal,Normal,Normal,Normal,Normal
2023-02-11 17:00:00+08:00,0.9890898159247404,1.8849395474639907e-11,3.8102600618897997e-10,5.518607442381363e-08,0.010910128489309672,Normal,0,0.010910184075259566,Normal,Normal,Normal,Normal,Normal
2023-02-11 17:15:00+08:00,0.9961072397900146,6.749636347499891e-12,1.7457538549581829e-10,3.397557873292973e-08,0.003892726053081678,Normal,0,0.003892760209985413,Normal,Normal,Normal,Normal,Normal
2023-02-11 17:30:00+08:00,0.9989704514125954,3.912064679693965e-12,1.1890078804192491e-10,1.6249972768079426e-08,0.0010295322146189887,Normal,0,0.0010295485874045607,Normal,Normal,Normal,Normal,Normal
2023-02-12 07:45:00+08:00,0.9982467124565637,6.528038296043468e-12,1.7298404139250276e-10,2.221926391715079e-08,0.0017532651446602026,Normal,0,0.0017532875434362882,Normal,Normal,Normal,Normal,Normal
2023-02-12 08:00:00+08:00,0.9971462982944674,1.0465882124821582e-11,2.3996481999738283e-10,2.970969617007512e-08,0.002853671745405855,Normal,0,0.002853701705532563,Normal,Normal,Normal,Normal,Normal
2023-02-12 08:15:00+08:00,0.9705481826937067,8.075612002595598e-11,7.944626716633063e-10,5.9050409580448184e-08,0.029451757380664856,Normal,0,0.029451817306293315,Normal,Normal,Normal,Normal,Normal
2023-02-12 08:30:00+08:00,0.9222889963065228,2.536929336774857e-10,1.3117910144648215e-09,7.834343334241308e-08,0.07771092378455993,Normal,0,0.07771100369347717,Normal,Normal,Normal,Normal,Normal
2023-02-12 08:45:00+08:00,0.7562864924190535,1.1859504451909638e-09,2.738597289439322e-09,9.512826479203914e-08,0.24371340852813375,Normal,0,0.24371350758094645,Normal,Shadowing,Shadowing,Normal,Normal
2023-02-12 09:00:00+08:00,0.9371911779620016,8.215279352756123e-11,9.410589852955793e-10,9.010081479165284e-08,0.0628087309139719,Normal,0,0.06280882203799842,Normal,Normal,Normal,Normal,Normal
2023-02-12 09:15:00+08:00,0.896425091568074,6.197292015532498e-11,1.0512740283105574e-09,9.726326987960135e-08,0.10357481005540917,Normal,0,0.10357490843192596,Normal,Normal,Normal,Normal,Normal
2023-02-12 09:30:00+08:00,0.7562693064676773,7.985604324627474e-10,2.4682336753832557e-09,9.853295647903476e-08,0.24373059173257214,Normal,0,0.24373069353232268,Normal,Shadowing,Normal,Normal,Normal
2023-02-12 09:45:00+08:00,0.8685043779624178,1.0547124377720129e-10,1.3763354460581949e-09,8.826613821773207e-08,0.13149553228963734,Normal,0,0.13149562203758225,Normal,Normal,Normal,Normal,Normal
2023-02-12 10:00:00+08:00,0.7338725075779722,1.1209734722509363e-09,3.2695886274209158e-09,6.637767650109781e-08,0.26612742165378933,Normal,0,0.2661274924220278,Normal,Shadowing,Normal,Normal,Normal
2023-02-12 10:15:00+08:00,0.1537929260587317,2.9661751293167127e-08,6.174284779121137e-08,9.155085657977854e-09,0.8462069733815835,Shadowing,1,0.8462070739412683,Normal,Shadowing,Shadowing,Shadowing,Shadowing
2023-02-12 10:30:00+08:00,0.8411536652966779,3.158666653002851e-10,2.2693322920678946e-09,4.9951980320213285e-08,0.15884628216614277,Normal,0,0.1588463347033221,Normal,Normal,Normal,Normal,Normal
2023-02-12 10:45:00+08:00,0.7055669125082128,1.8078888246129511e-09,4.519206481204058e-09,4.093415280703631e-08,0.2944330402305392,Normal,0,0.2944330874917872,Normal,Shadowing,Normal,Normal,Normal
2023-02-12 11:00:00+08:00,0.02125147127300788,7.706914984916654e-08,1.0522794461018454e-07,1.7940198048447004e-09,0.9787483446358779,Shadowing,1,0.9787485287269921,Shadowing,Shadowing,Shadowing,Shadowing,Shadowing
2023-02-12 11:15:00+08:00,0.005164523129023337,1.7071702315333738e-07,8.658376461359954e-08,3.4234915649681074e-10,0.9948352192278399,Shadowing,1,0.9948354768709766,Shadowing,Shadowing,Shadowing,Shadowing,Shadowing
2023-02-12 11:30:00+08:00,0.01330594868400708,1.0980924419282845e-07,1.020673804353641e-07,7.373343395104357e-10,0.9866938387020339,Shadowing,1,0.986694051315993,Shadowing,Shadowing,Shadowing,Shadowing,Shadowing
2023-02-12 11:45:00+08:00,9.249445328213964e-06,7.911872202215279e-06,3.706717672896873e-09,2.882349419093852e-13,0.9999828349754637,Shadowing,1,0.9999907505546718,Shadowing,Shadowing,Shadowing,Shadowing,Shadowing
2023-02-12 12:00:00+08:00,6.667267387618951e-07,3.8673119940688616e-06,2.8322603359268524e-10,2.5546929098483304e-15,0.9999954656780385,Shadowing,1,0.9999993332732613,Shadowing,Shadowing,Shadowing,Shadowing,Shadowing
2023-02-12 12:15:00+08:00,0.0008395017799604252,5.691855435842421e-07,5.6551881334444204e-08,4.9060427270130496e-11,0.9991598724335542,Shadowing,1,0.9991604982200396,Shadowing,Shadowing,Shadowing,Shadowing,Shadowing
2023-02-12 12:30:00+08:00,2.9952579235815644e-05,1.0319969550341668e-05,6.455466157844185e-09,4.3685663161617827e-13,0.9999597209953108,Shadowing,1,0.9999700474207642,Shadowing,Shadowing,Shadowing,Shadowing,Shadowing
2023-02-12 12:45:00+08:00,5.632377154779288e-05,4.098900956558146e-06,1.3874599720724655e-08,2.346490944467347e-12,0.9999395634505497,Shadowing,1,0.9999436762284523,Shadowing,Shadowing,Shadowing,Shadowing,Shadowing
2023-02-12 13:00:00+08:00,0.023791588747453334,1.3063095830973505e-07,1.192873671873786e-07,3.9134631674391797e-10,0.976208160942875,Shadowing,1,0.9762084112525466,Shadowing,Shadowing,Shadowing,Shadowing,Shadowing
2023-02-12 13:15:00+08:00,0.00041660126657107533,7.953012249451826e-07,4.5374049779937666e-08,2.9867649556601255e-11,0.9995825580282865,Shadowing,1,0.9995833987334289,Shadowing,Shadowing,Shadowing,Shadowing,Shadowing
2023-02-12 13:30:00+08:00,0.016748140841621715,1.0684423715171734e-07,1.0647059610790507e-07,6.737667281187937e-10,0.9832516451697784,Shadowing,1,0.9832518591583783,Shadowing,Shadowing,Shadowing,Shadowing,Shadowing
2023-02-12 13:45:00+08:00,3.0945459684977645e-06,5.529541028958061e-06,2.1318727126163548e-09,1.7166464837471789e-13,0.9999913737809581,Shadowing,1,0.9999969054540315,Shadowing,Shadowing,Shadowing,Shadowing,Shadowing
2023-02-12 14:00:00+08:00,2.033065223073011e-05,3.70850531994887e-06,9.871240779367927e-09,2.952549667099519e-12,0.999975950968256,Shadowing,1,0.9999796693477693,Shadowing,Shadowing,Shadowing,Shadowing,Shadowing
2023-02-12 14:15:00+08:00,0.08325907044945058,6.887186896322127e-08,1.1395883948993022e-07,1.1193435050697255e-09,0.9167407456004973,Shadowing,1,0.9167409295505494,Shadowing,Shadowing,Shadowing,Shadowing,Shadowing
2023-02-12 14:30:00+08:00,4.43303967506867e-05,2.40509653435038e-06,1.5975450573423525e-08,5.612034479461112e-12,0.9999532485256524,Shadowing,1,0.9999556696032493,Shadowing,Shadowing,Shadowing,Shadowing,Shadowing
2023-02-12 14:45:00+08:00,0.15930870902545394,3.7520530049301716e-08,7.500965213539655e-08,4.333251356369242e-09,0.8406911741111125,Shadowing,1,0.8406912909745461,Normal,Shadowing,Shadowing,Shadowing,Shadowing
2023-02-12 15:00:00+08:00,0.0002784945186011212,6.912352192234018e-07,4.198538815149112e-08,4.285789107757718e-11,0.9997207722179337,Shadowing,1,0.9997215054813989,Shadowing,Shadowing,Shadowing,Shadowing,Shadowing
2023-02-12 15:15:00+08:00,0.03792134206245057,6.706478355785593e-08,1.1169710670187658e-07,2.081892016580686e-09,0.9620784770937671,Shadowing,1,0.9620786579375494,Shadowing,Shadowing,Shadowing,Shadowing,Shadowing
2023-02-12 15:30:00+08:00,0.27275182975041967,1.4501758113289759e-08,2.2921914872515266e-08,2.8312355307836674e-08,0.7272481045135519,Shadowing,1,0.7272481702495803,Normal,Shadowing,Shadowing,Shadowing,Shadowing
2023-02-12 15:45:00+08:00,0.21052187474783954,1.6825983603583524e-08,2.7788395445317905e-08,3.1831120801856936e-08,0.7894780488066606,Shadowing,1,0.7894781252521604,Normal,Shadowing,Shadowing,Shadowing,Shadowing
2023-02-12 16:00:00+08:00,0.8145626671953353,3.3336761579464344e-10,1.8817767107279666e-09,9.718999593807146e-08,0.18543723339952434,Normal,0,0.18543733280466468,Normal,Normal,Normal,Normal,Normal
2023-02-12 16:15:00+08:00,0.57381629253432,3.026680286206168e-09,4.7896034204798185e-09,1.0977715181377322e-07,0.42618358987224453,Normal,0,0.42618370746568,Normal,Shadowing,Shadowing,Normal,Normal
2023-02-12 16:30:00+08:00,0.9186828308574299,8.352182956474747e-11,9.804158426236962e-10,9.34497472140256e-08,0.0813170746288852,Normal,0,0.08131716914257014,Normal,Normal,Normal,Normal,Normal
2023-02-12 16:45:00+08:00,0.9304794827117633,8.856756040708545e-11,9.791140760441137e-10,9.107746885080613e-08,0.06952042514308629,Normal,0,0.06952051728823672,Normal,Normal,Normal,Normal,Normal
2023-02-12 17:00:00+08:00,0.93073553541326,2.0975671609952327e-10,1.2267300744041224e-09,7.807300131341002e-08,0.06926438507725188,Normal,0,0.06926446458673996,Normal,Normal,Normal,Normal,Normal
2023-02-12 17:15:00+08:00,0.996439500101407,1.2339376942650145e-11,2.7066783253193726e-10,3.330904134295766e-08,0.003560466306544381,Normal,0,0.0035604998985929726,Normal,Normal,Normal,Normal,Normal
2023-02-12 17:30:00+08:00,0.9973842442897329,9.35576172354514e-12,2.2201202841672793e-10,2.8171183337670465e-08,0.0026157273077160544,Normal,0,0.0026157557102670648,Normal,Normal,Normal,Normal,Normal
2023-02-13 07:45:00+08:00,0.9961474637724408,1.328021834759346e-11,2.841770563952023e-10,3.420761900938863e-08,0.0038525017224828777,Normal,0,0.003852536227559211,Normal,Normal,Normal,Normal,Normal
2023-02-13 08:00:00+08:00,0.9321240022196646,2.0326744707009952e-10,1.2126400423825881e-09,7.792741949624034e-08,0.0678759184370086,Normal,0,0.06787599778033537,Normal,Normal,Normal,Normal,Normal
2023-02-13 08:15:00+08:00,0.6715137242676159,2.2999338500406306e-09,3.900349636731901e-09,9.897682666890665e-08,0.32848617055527407,Normal,0,0.3284862757323841,Normal,Shadowing,Shadowing,Normal,Normal
2023-02-13 08:30:00+08:00,0.46169419374326104,6.571290064395463e-09,8.0976253574913e-09,1.2450530652676888e-07,0.5383056670825169,Shadowing,1,0.538305806256739,Normal,Shadowing,Shadowing,Shadowing,Normal
2023-02-13 08:45:00+08:00,0.18483979688254665,1.7175171606891826e-08,2.5982347132828006e-08,6.491301827863143e-08,0.8151600950469163,Shadowing,1,0.8151602031174534,Normal,Shadowing,Shadowing,Shadowing,Shadowing
2023-02-13 09:00:00+08:00,0.0077447666189285665,7.527787894811581e-08,5.028039047352551e-08,2.4126104441947974e-09,0.9922551054101916,Shadowing,1,0.9922552333810715,Shadowing,Shadowing,Shadowing,Shadowing,Shadowing
2023-02-13 09:15:00+08:00,0.0008316437450642279,2.121495839886401e-07,5.408846825594662e-08,3.182433954372516e-10,0.99916808969864,Shadowing,1,0.9991683562549357,Shadowing,Shadowing,Shadowing,Shadowing,Shadowing
2023-02-13 09:30:00+08:00,1.284196123262714e-05,3.966991452833236e-06,8.008987689551306e-09,2.9106641213637576e-12,0.9999831830354161,Shadowing,1,0.9999871580387674,Shadowing,Shadowing,Shadowing,Shadowing,Shadowing
2023-02-13 09:45:00+08:00,1.1904257481236266e-05,4.319245788111569e-06,7.494263896074635e-09,2.519942013336837e-12,0.9999837689999467,Shadowing,1,0.9999880957425188,Shadowing,Shadowing,Shadowing,Shadowing,Shadowing
2023-02-13 10:00:00+08:00,2.758537081293098e-06,5.330060593947712e-06,1.926119477132113e-09,1.4307667148493e-13,0.9999919094760623,Shadowing,1,0.9999972414629187,Shadowing,Shadowing,Shadowing,Shadowing,Shadowing
2023-02-13 10:15:00+08:00,5.858382938277495e-07,3.8805249227486974e-06,2.2547709883564303e-10,1.3532147081445675e-15,0.999995533411305,Shadowing,1,0.9999994141617061,Shadowing,Shadowing,Shadowing,Shadowing,Shadowing
2023-02-13 10:30:00+08:00,1.0788415049219388e-07,4.184771224994776e-06,2.1998886247779563e-11,3.789471420440415e-18,0.9999957073226258,Shadowing,1,0.9999998921158495,Shadowing,Shadowing,Shadowing,Shadowing,Shadowing
2023-02-13 10:45:00+08:00,1.598629362457508e-05,9.519623374624523e-06,3.24014086143181e-09,6.414719539010241e-14,0.9999744908427959,Shadowing,1,0.9999840137063755,Shadowing,Shadowing,Shadowing,Shadowing,Shadowing
2023-02-13 11:00:00+08:00,9.224467449800373e-06,7.939078511489414e-06,2.5683440970847698e-09,1.284046512001331e-13,0.9999828338855663,Shadowing,1,0.9999907755325502,Shadowing,Shadowing,Shadowing,Shadowing,Shadowing
2023-02-13 11:15:00+08:00,7.090061688321355e-08,3.86624629117826e-06,1.2431719007319839e-11,1.3074587650843641e-18,0.9999960628406603,Shadowing,1,0.9999999290993831,Shadowing,Shadowing,Shadowing,Shadowing,Shadowing
2023-02-13 11:30:00+08:00,2.7890475536388825e-10,9.441190788513239e-08,5.0424854970998724e-15,1.5619658126814965e-24,0.9999999053091824,Shadowing,1,0.9999999997210952,Shadowing,Shadowing,Shadowing,Shadowing,Shadowing
2023-02-13 11:45:00+08:00,0.6478756286824168,6.303274386863199e-10,1.1531587081075432e-08,1.3097664142085798e-08,0.35212434605800463,Normal,0,0.35212437131758323,Normal,Normal,Normal,Shadowing,Shadowing
2023-02-13 12:00:00+08:00,3.9191099695683804e-07,3.827636964574451e-06,1.040711957441165e-10,3.5041614016984793e-19,0.9999957803479672,Shadowing,1,0.999999608089003,Shadowing,Shadowing,Shadowing,Shadowing,Shadowing
2023-02-13 12:15:00+08:00,7.521183390292215e-11,1.0845752338681756e-09,8.518093535729769e-16,2.18817092281638e-27,0.999999998840212,Shadowing,1,0.9999999999247882,Shadowing,Shadowing,Shadowing,Shadowing,Shadowing
2023-02-13 12:30:00+08:00,4.31249514360267e-06,5.44261760823409e-13,1.0020616574473203e-15,2.006742844728629e-27,0.9999956875043111,Shadowing,1,0.9999956875048563,Shadowing,Shadowing,Shadowing,Shadowing,Shadowing
2023-02-13 12:45:00+08:00,8.652805292513421e-07,1.2373762792716453e-11,3.4470408570580915e-14,2.2320345724775406e-24,0.9999991347070625,Shadowing,1,0.9999991347194708,Shadowing,Shadowing,Shadowing,Shadowing,Shadowing
2023-02-13 13:00:00+08:00,1.720037872963945e-05,1.6457316899796386e-15,6.371530257300097e-16,1.0380655759445061e-25,0.999982799621268,Shadowing,1,0.9999827996212703,Shadowing,Shadowing,Shadowing,Shadowing,Shadowing
2023-02-13 13:15:00+08:00,4.321634329901729e-06,6.543828577570457e-12,3.6354637719375713e-13,1.713915449663277e-22,0.9999956783587628,Shadowing,1,0.99999567836567,Shadowing,Shadowing,Shadowing,Shadowing,Shadowing
2023-02-13 13:30:00+08:00,1.4416970707431357e-05,1.5408635849946066e-14,1.5123512101734157e-15,3.1211756994085956e-26,0.9999855830292758,Shadowing,1,0.9999855830292925,Shadowing,Shadowing,Shadowing,Shadowing,Shadowing
2023-02-13 13:45:00+08:00,6.24235883767992e-09,1.7106501250426536e-06,1.6437560101154408e-12,7.717834071761717e-22,0.9999982831058724,Shadowing,1,0.9999999937576411,Shadowing,Shadowing,Shadowing,Shadowing,Shadowing
2023-02-13 14:00:00+08:00,1.7522130215618493e-05,9.14008041774559e-15,4.637362894922069e-16,2.0480929762006136e-27,0.9999824778697747,Shadowing,1,0.9999824778697843,Shadowing,Shadowing,Shadowing,Shadowing,Shadowing
2023-02-13 14:15:00+08:00,0.00010813889754549724,3.318778768509671e-18,9.332817256226399e-21,5.825628123106756e-35,0.9998918611024544,Shadowing,1,0.9998918611024545,Shadowing,Shadowing,Shadowing,Shadowing,Shadowing
2023-02-13 14:30:00+08:00,0.00010802173505797257,3.41435092221929e-17,5.935170598170203e-20,1.8073941781241488e-34,0.999891978264942,Shadowing,1,0.999891978264942,Shadowing,Shadowing,Shadowing,Shadowing,Shadowing
2023-02-13 14:45:00+08:00,7.938055993100142e-08,3.3618482238820974e-06,2.5186347017677138e-11,7.356044974158859e-20,0.9999965587460299,Shadowing,1,0.9999999206194401,Shadowing,Shadowing,Shadowing,Shadowing,Shadowing
2023-02-13 15:00:00+08:00,3.946889203285628e-10,1.2527047709617653e-07,2.313867989039745e-14,2.2213699192009128e-26,0.9999998743348109,Shadowing,1,0.999999999605311,Shadowing,Shadowing,Shadowing,Shadowing,Shadowing
2023-02-13 15:15:00+08:00,9.280715989939815e-11,1.199519913566538e-07,1.783642899837482e-14,6.93815279478138e-26,0.9999998799551836,Shadowing,1,0.9999999999071928,Shadowing,Shadowing,Shadowing,Shadowing,Shadowing
2023-02-13 15:30:00+08:00,1.0241489928971515e-11,8.068795295988594e-09,3.211093513863018e-16,1.3707689607000045e-29,0.9999999919209628,Shadowing,1,0.9999999999897585,Shadowing,Shadowing,Shadowing,Shadowing,Shadowing
2023-02-13 15:45:00+08:00,1.5441797332733703e-07,2.4229335220890134e-06,3.561385166868012e-11,1.1497355271814095e-20,0.9999974226128906,Shadowing,1,0.9999998455820267,Shadowing,Shadowing,Shadowing,Shadowing,Shadowing
2023-02-13 16:00:00+08:00,8.336967764903327e-07,5.97192808637726e-06,2.7885362974710593e-10,2.4180434152370087e-18,0.9999931940962835,Shadowing,1,0.9999991663032235,Shadowing,Shadowing,Shadowing,Shadowing,Shadowing
2023-02-13 16:15:00+08:00,0.0005716645436888518,1.3618316887671192e-06,5.987637650889117e-08,1.3520369536284459e-11,0.9994269137347253,Shadowing,1,0.9994283354563112,Shadowing,Shadowing,Shadowing,Shadowing,Shadowing
2023-02-13 16:30:00+08:00,1.171028554646883e-06,4.935515454464817e-06,2.762389216147745e-10,1.0292898373942972e-15,0.9999938931797508,Shadowing,1,0.9999988289714453,Shadowing,Shadowing,Shadowing,Shadowing,Shadowing
2023-02-13 16:45:00+08:00,1.6263516379797889e-06,4.521092908304969e-06,8.468275289689447e-10,2.270108726550837e-14,0.9999938517086034,Shadowing,1,0.999998373648362,Shadowing,Shadowing,Shadowing,Shadowing,Shadowing
2023-02-13 17:00:00+08:00,3.0300340318510258e-05,1.821827507234388e-06,1.5299600766003955e-08,1.0228554871267525e-11,0.9999678625223449,Shadowing,1,0.9999696996596815,Shadowing,Shadowing,Shadowing,Shadowing,Shadowing
2023-02-13 17:15:00+08:00,0.02097015371904535,5.2559386598290736e-08,5.436026098380485e-08,4.765216902382001e-09,0.9790297345960903,Shadowing,1,0.9790298462809547,Shadowing,Shadowing,Shadowing,Shadowing,Shadowing
2023-02-13 17:30:00+08:00,0.44443831570199344,6.567631059605116e-09,8.254081730143024e-09,1.1915454737701408e-07,0.5555615503217464,Shadowing,1,0.5555616842980066,Normal,Shadowing,Shadowing,Shadowing,Normal
2023-02-14 07:30:00+08:00,0.9729346031177325,6.050072115971292e-11,7.251905530193759e-10,6.723275968732552e-08,0.027065328863816535,Normal,0,0.0270653968822675,Normal,Normal,Normal,Normal,Normal
2023-02-14 07:45:00+08:00,0.17594351472995357,1.7554023141617513e-08,2.7118135891692033e-08,5.215409473359863e-08,0.8240563884437927,Shadowing,1,0.8240564852700465,Normal,Shadowing,Shadowing,Shadowing,Shadowing
2023-02-14 08:00:00+08:00,0.3248733436361442,1.036271114249129e-08,1.468326566645893e-08,9.7356299061861e-08,0.6751265339615801,Shadowing,1,0.6751266563638558,Normal,Shadowing,Shadowing,Shadowing,Shadowing
2023-02-14 08:15:00+08:00,3.068426109884768e-05,1.7461385361070427e-06,1.5655548330038602e-08,1.1015886021718497e-11,0.9999675539338009,Shadowing,1,0.9999693157389011,Shadowing,Shadowing,Shadowing,Shadowing,Shadowing
2023-02-14 08:30:00+08:00,0.0001829077586548643,4.973452684764845e-07,3.8897651679467834e-08,8.512997280569832e-11,0.999816555913295,Shadowing,1,0.9998170922413452,Shadowing,Shadowing,Shadowing,Shadowing,Shadowing
2023-02-14 08:45:00+08:00,7.557937843749387e-07,4.014114424763995e-06,2.832358020301915e-10,2.1669652825739583e-15,0.9999952298085528,Shadowing,1,0.9999992442062157,Shadowing,Shadowing,Shadowing,Shadowing,Shadowing
2023-02-14 09:00:00+08:00,7.019872842754015e-07,4.026272061447745e-06,2.4751680312867155e-10,1.4506047679291727e-15,0.999995271493136,Shadowing,1,0.9999992980127157,Shadowing,Shadowing,Shadowing,Shadowing,Shadowing
2023-02-14 09:15:00+08:00,1.5170703130693404e-07,4.403203361154958e-06,3.0846384644585735e-11,6.811555716352506e-18,0.9999954450587613,Shadowing,1,0.9999998482929687,Shadowing,Shadowing,Shadowing,Shadowing,Shadowing
2023-02-14 09:30:00+08:00,1.0452377834982518e-06,4.076865541397953e-06,4.427789825825067e-10,5.809745823163815e-15,0.9999948774538904,Shadowing,1,0.9999989547622165,Shadowing,Shadowing,Shadowing,Shadowing,Shadowing
2023-02-14 09:45:00+08:00,3.090790649309743e-07,4.2523325239058165e-06,7.944957376636012e-11,6.377503560060326e-17,0.9999954385089616,Shadowing,1,0.9999996909209351,Shadowing,Shadowing,Shadowing,Shadowing,Shadowing
2023-02-14 10:00:00+08:00,5.434213474173617e-07,4.106586433227196e-06,1.6957966233492773e-10,4.884085625832171e-16,0.9999953498226393,Shadowing,1,0.9999994565786526,Shadowing,Shadowing,Shadowing,Shadowing,Shadowing
2023-02-14 10:15:00+08:00,2.6905277644760028e-08,2.5551767998067967e-06,2.974106485781431e-12,8.345630972362737e-20,0.9999974179149482,Shadowing,1,0.9999999730947223,Shadowing,Shadowing,Shadowing,Shadowing,Shadowing
2023-02-14 10:30:00+08:00,4.26791778805592e-10,1.1447107646809292e-07,8.236275921493291e-15,2.8918562526969605e-24,0.9999998851021236,Shadowing,1,0.9999999995732082,Shadowing,Shadowing,Shadowing,Shadowing,Shadowing
2023-02-14 10:45:00+08:00,1.8104992391537562e-12,3.692494412650685e-09,7.597009562130647e-17,6.885529107355442e-30,0.999999996305695,Shadowing,1,0.9999999999981894,Shadowing,Shadowing,Shadowing,Shadowing,Shadowing
2023-02-14 11:00:00+08:00,3.3942084713043928e-12,1.893151298936604e-09,2.1976683789616784e-17,1.4356723745190102e-30,0.9999999981034545,Shadowing,1,0.9999999999966058,Shadowing,Shadowing,Shadowing,Shadowing,Shadowing
2023-02-14 11:15:00+08:00,3.7175301468757647e-11,1.0634264666999967e-11,2.05269014784529e-18,5.86595800653428e-32,0.9999999999521905,Shadowing,1,0.9999999999628247,Shadowing,Shadowing,Shadowing,Shadowing,Shadowing
2023-02-14 11:30:00+08:00,1.0500405440713335e-10,4.887506274455952e-12,1.5558348345379457e-18,4.121587334744017e-32,0.9999999998901086,Shadowing,1,0.999999999894996,Shadowing,Shadowing,Shadowing,Shadowing,Shadowing
2023-02-14 11:45:00+08:00,1.2674132813982447e-08,1.7233235806058116e-13,5.771737441411018e-19,8.503693372770191e-33,0.9999999873256948,Shadowing,1,0.9999999873258671,Shadowing,Shadowing,Shadowing,Shadowing,Shadowing
2023-02-14 12:00:00+08:00,1.0765705582033996e-06,0.0003512760773285178,2.6432183045763602e-05,1.0808792286370842e-11,0.9996212151582589,Shadowing,1,0.9999989234294417,Shadowing,Shadowing,Shadowing,Shadowing,Shadowing
2023-02-14 12:15:00+08:00,4.302593992567002e-08,0.0005813034383790839,0.004287789476249868,0.9942745934782444,0.0008562705811867098,Open-Circuit,1,0.9999999569740601,Open-Circuit,Open-Circuit,Open-Circuit,Open-Circuit,Open-Circuit
2023-02-14 12:30:00+08:00,0.000697798162183161,5.377475527214196e-08,1.4517727671985233e-07,5.7704274167771405e-09,0.9993019971153574,Shadowing,1,0.9993022018378168,Shadowing,Shadowing,Shadowing,Shadowing,Shadowing
2023-02-14 12:45:00+08:00,0.0006248337631249445,2.250504516183934e-09,2.4496019397449993e-08,3.4840826827074723e-09,0.9993751360062685,Shadowing,1,0.9993751662368751,Shadowing,Shadowing,Shadowing,Shadowing,Shadowing
2023-02-14 13:00:00+08:00,0.0008735695238357658,3.674703267264253e-10,2.9008917092740233e-10,1.3890593779664194e-09,0.9991264284295454,Shadowing,1,0.9991264304761642,Shadowing,Shadowing,Shadowing,Shadowing,Shadowing
2023-02-14 13:15:00+08:00,0.0027799120239436308,2.6105468469821856e-12,2.2083004777950966e-10,5.699291949030182e-10,0.9972200871826866,Shadowing,1,0.9972200879760563,Shadowing,Shadowing,Shadowing,Shadowing,Shadowing
2023-02-14 13:30:00+08:00,0.0039962560861050815,6.679887001281835e-08,1.563766524128657e-08,8.342833599379197e-09,0.9960036531345262,Shadowing,1,0.9960037439138949,Shadowing,Shadowing,Shadowing,Shadowing,Shadowing
2023-02-14 13:45:00+08:00,0.00015915293269036374,4.907555914571636e-08,1.4870110450742142e-07,2.9143698364405627e-09,0.9998406463762761,Shadowing,1,0.9998408470673097,Shadowing,Shadowing,Shadowing,Shadowing,Shadowing
2023-02-14 14:00:00+08:00,1.418698229427756e-06,0.004553103655494424,0.0077228390563858496,0.8260099737436517,0.16171266484623856,Open-Circuit,1,0.9999985813017706,Open-Circuit,Open-Circuit,Open-Circuit,Open-Circuit,Open-Circuit
2023-02-14 14:15:00+08:00,1.247528465305999e-05,3.7964724489305557e-08,8.810655270000235e-08,9.707687118515503e-10,0.999987397673301,Shadowing,1,0.9999875247153469,Shadowing,Shadowing,Shadowing,Shadowing,Shadowing
2023-02-14 14:30:00+08:00,0.001259208542208885,1.0159137585142995e-08,9.354605920526648e-09,6.660445329430367e-09,0.9987407652836022,Shadowing,1,0.9987407914577912,Shadowing,Shadowing,Shadowing,Shadowing,Shadowing
2023-02-14 14:45:00+08:00,0.003246237079328402,1.0832420217380005e-09,1.4123576530256999e-09,2.0090435673528205e-09,0.9967537584160283,Shadowing,1,0.9967537629206716,Shadowing,Shadowing,Shadowing,Shadowing,Shadowing
2023-02-14 15:00:00+08:00,0.002498855295834375,4.3965362693861775e-10,9.075686628040598e-10,1.3637881192378536e-09,0.9975011419931553,Shadowing,1,0.9975011447041656,Shadowing,Shadowing,Shadowing,Shadowing,Shadowing
2023-02-14 15:15:00+08:00,0.0024172220228300045,5.169595952244141e-11,3.6010840697538365e-10,2.414744912724884e-09,0.9975827751506208,Shadowing,1,0.99758277797717,Shadowing,Shadowing,Shadowing,Shadowing,Shadowing
2023-02-14 15:30:00+08:00,0.012013908627572793,3.345477150055482e-13,1.1072051559938668e-09,9.215200379979658e-10,0.9879860893433674,Shadowing,1,0.9879860913724272,Shadowing,Shadowing,Shadowing,Shadowing,Shadowing
2023-02-14 15:45:00+08:00,0.02344016043723215,3.45748442102393e-14,1.143993867733756e-09,4.491602151504114e-10,0.9765598379695792,Shadowing,1,0.9765598395627678,Shadowing,Shadowing,Shadowing,Shadowing,Shadowing
2023-02-14 16:00:00+08:00,0.0063764228771723015,2.7091159898628478e-14,3.182498605302885e-10,1.054640620842997e-10,0.9936235766990867,Shadowing,1,0.9936235771228277,Shadowing,Shadowing,Shadowing,Shadowing,Shadowing
2023-02-14 16:15:00+08:00,0.04471784864338165,1.8514000768190246e-13,1.1575884515142578e-09,1.139072745190503e-09,0.955282149059772,Shadowing,1,0.9552821513566183,Shadowing,Shadowing,Shadowing,Shadowing,Shadowing
2023-02-14 16:30:00+08:00,0.12261522217635486,3.261166455326333e-13,1.0141317318673323e-09,4.893048849393042e-09,0.8773847719161385,Shadowing,1,0.8773847778236451,Shadowing,Shadowing,Shadowing,Shadowing,Shadowing
2023-02-14 16:45:00+08:00,0.4460931988147583,1.937809007710227e-12,8.319554721268211e-10,4.411020814200366e-08,0.5539067562411404,Shadowing,1,0.5539068011852417,Normal,Shadowing,Shadowing,Shadowing,Shadowing
2023-02-14 17:00:00+08:00,0.7435211472542085,8.10422445755882e-12,5.182081772160165e-10,1.088823704298846e-07,0.25647874333710885,Normal,0,0.2564788527457915,Normal,Normal,Normal,Normal,Normal
2023-02-14 17:15:00+08:00,0.9770763818758272,6.029449854610118e-12,1.7888801607270197e-10,7.307976242329675e-08,0.022923544859492842,Normal,0,0.022923618124172762,Normal,Normal,Normal,Normal,Normal
2023-02-14 17:30:00+08:00,0.9966908253857852,2.8641475987076926e-12,8.663099365496264e-11,3.1433347667133005e-08,0.0033091430913719322,Normal,0,0.0033091746142147604,Normal,Normal,Normal,Normal,Normal
2023-02-14 17:45:00+08:00,0.9991948336000235,1.4410317180104565e-12,4.900246573156709e-11,1.4193809613154954e-08,0.0008051521557235194,Normal,0,0.0008051663999765202,Normal,Normal,Normal,Normal,Normal
2023-02-15 07:30:00+08:00,0.7050788566612226,4.092102886888959e-12,6.785751890376254e-10,6.410074380594245e-08,0.2949210785553662,Normal,0,0.2949211433387774,Normal,Normal,Normal,Shadowing,Normal
2023-02-15 07:45:00+08:00,0.2282616185670933,6.93864794624431e-13,1.1201504047441972e-09,1.4954568489764017e-08,0.7717383653574938,Shadowing,1,0.7717383814329067,Normal,Shadowing,Shadowing,Shadowing,Shadowing
2023-02-15 08:00:00+08:00,0.02689965275129731,8.655640547162075e-14,6.704927586874149e-10,6.429954706100442e-10,0.973100345935128,Shadowing,1,0.9731003472487026,Shadowing,Shadowing,Shadowing,Shadowing,Shadowing
2023-02-15 08:15:00+08:00,0.004293016999650763,1.7096190475855248e-14,2.0344799089621343e-10,9.537647558162293e-11,0.9957069827015076,Shadowing,1,0.9957069830003492,Shadowing,Shadowing,Shadowing,Shadowing,Shadowing
2023-02-15 08:30:00+08:00,0.045497232323212435,7.492882804155246e-14,2.4593925933834478e-09,9.279225477197187e-10,0.9545027642893975,Shadowing,1,0.9545027676767875,Shadowing,Shadowing,Shadowing,Shadowing,Shadowing
2023-02-15 08:45:00+08:00,0.028230109964207606,4.302479080303077e-12,3.010599165927193e-09,5.285675036273926e-09,0.9717698817352158,Shadowing,1,0.9717698900357924,Shadowing,Shadowing,Shadowing,Shadowing,Shadowing
2023-02-15 09:00:00+08:00,0.008116895040656307,1.1985100566058406e-09,4.741192211632753e-09,1.547984688987871e-09,0.9918830974716567,Shadowing,1,0.9918831049593437,Shadowing,Shadowing,Shadowing,Shadowing,Shadowing
2023-02-15 09:15:00+08:00,0.01619811216253981,9.232763782984524e-08,3.19759457538807e-08,5.494905941911824e-09,0.9838017580389706,Shadowing,1,0.9838018878374601,Shadowing,Shadowing,Shadowing,Shadowing,Shadowing
2023-02-15 09:30:00+08:00,0.0050974834018680405,2.961584886238768e-07,5.346395255499296e-07,4.82642815459557e-10,0.994901685317475,Shadowing,1,0.994902516598132,Shadowing,Shadowing,Shadowing,Shadowing,Shadowing
2023-02-15 09:45:00+08:00,0.0003299275577683341,1.6494540518183184e-06,2.3071798940858644e-06,5.408037829821779e-11,0.9996661157542054,Shadowing,1,0.9996700724422317,Shadowing,Shadowing,Shadowing,Shadowing,Shadowing
2023-02-15 10:00:00+08:00,6.333880517679152e-06,4.043939065074039e-05,1.0204500063710734e-05,2.8182232503269136e-12,0.9999430222259494,Shadowing,1,0.9999936661194824,Shadowing,Shadowing,Shadowing,Shadowing,Shadowing
2023-02-15 10:15:00+08:00,1.440897810429441e-05,0.009713386399134102,0.00031160007061969226,7.116725867157456e-14,0.9899606045520709,Shadowing,1,0.9999855910218957,Shadowing,Shadowing,Shadowing,Shadowing,Shadowing
2023-02-15 10:30:00+08:00,2.934597319873546e-06,0.011673490851672694,0.0011183696919526962,4.713612268941484e-10,0.9872052043876935,Shadowing,1,0.9999970654026801,Shadowing,Shadowing,Shadowing,Shadowing,Shadowing
2023-02-15 10:45:00+08:00,6.0181867492824216e-05,1.660922931385558e-05,4.413046981745101e-06,7.745512794998818e-12,0.9999187958484661,Shadowing,1,0.9999398181325072,Shadowing,Shadowing,Shadowing,Shadowing,Shadowing
2023-02-15 11:00:00+08:00,0.0009153976940760363,0.10851130310731864,0.5747431588340461,6.305704584483966e-06,0.31582383465997477,Degradation,1,0.999084602305924,Degradation,Degradation,Shadowing,Degradation,Shadowing
2023-02-15 11:15:00+08:00,0.00011741505049278451,0.15045252492600825,0.6205365211540925,2.2246681687209107e-11,0.22889353884715974,Degradation,1,0.9998825849495072,Degradation,Degradation,Short-Circuit,Degradation,Shadowing
2023-02-15 11:30:00+08:00,5.945191535855516e-05,0.07428827140590513,0.6254136451956634,7.822438033542976e-09,0.3002386236606348,Degradation,1,0.9999405480846414,Degradation,Degradation,Shadowing,Degradation,Shadowing
2023-02-15 11:45:00+08:00,2.5789483354589657e-05,0.17384092653202785,0.6098554730897366,1.3502753315118332e-10,0.2162778107598534,Degradation,1,0.9999742105166454,Degradation,Degradation,Short-Circuit,Degradation,Shadowing
2023-02-15 12:00:00+08:00,2.3877807843552522e-05,0.09339668672110088,0.6231053600676473,4.0162009242639336e-08,0.283474035241399,Degradation,1,0.9999761221921565,Degradation,Degradation,Shadowing,Degradation,Shadowing
2023-02-15 12:15:00+08:00,1.6717161797879964e-05,0.11342269959011379,0.6249473841039773,6.840789860581795e-08,0.2616131307362125,Degradation,1,0.9999832828382021,Degradation,Degradation,Short-Circuit,Degradation,Shadowing
2023-02-15 12:30:00+08:00,1.3279804543955137e-05,0.1317611051268609,0.6297879997152547,1.984309424628341e-07,0.23843741692239787,Degradation,1,0.9999867201954561,Degradation,Degradation,Short-Circuit,Degradation,Shadowing
2023-02-15 12:45:00+08:00,1.0924673047790194e-05,0.16617051689199142,0.6532112899127289,7.56544963494724e-06,0.18059970307259693,Degradation,1,0.9999890753269522,Degradation,Degradation,Short-Circuit,Degradation,Shadowing
2023-02-15 13:00:00+08:00,1.326813901364027e-05,0.1694019950215641,0.6636964323270116,2.0318000336723814e-05,0.16686798651207402,Degradation,1,0.9999867318609864,Degradation,Degradation,Short-Circuit,Degradation,Shadowing
2023-02-15 13:15:00+08:00,2.0948276892835832e-05,0.16893839071272815,0.6795820289122811,6.135555157255366e-05,0.15139727654652532,Degradation,1,0.9999790517231072,Degradation,Degradation,Short-Circuit,Degradation,Shadowing
2023-02-15 13:30:00+08:00,4.3388560069511194e-05,0.16706819087372488,0.7038129839224245,0.0003026031534159476,0.1287728334903651,Degradation,1,0.9999566114399305,Degradation,Degradation,Short-Circuit,Degradation,Degradation
2023-02-15 13:45:00+08:00,0.00010536214392636192,0.15817656885422773,0.7152585634849091,0.0008957700029741508,0.12556373551396277,Degradation,1,0.9998946378560737,Degradation,Degradation,Short-Circuit,Degradation,Degradation
2023-02-15 14:00:00+08:00,0.00010871103967520234,0.14826925421226197,0.7155893509912865,0.0035949886782996434,0.1324376950784767,Degradation,1,0.9998912889603248,Degradation,Degradation,Short-Circuit,Degradation,Degradation
2023-02-15 14:15:00+08:00,0.00013241888884334396,0.1436101326751596,0.5888574107427631,0.01601600694463251,0.2513840307486014,Degradation,1,0.9998675811111567,Degradation,Degradation,Shadowing,Degradation,Degradation
2023-02-15 14:30:00+08:00,8.49247760213202e-05,0.11971492908194403,0.24854453938127524,0.08624134237748501,0.5454142643832743,Shadowing,1,0.9999150752239787,Shadowing,Shadowing,Shadowing,Shadowing,Shadowing
2023-02-15 14:45:00+08:00,1.9388807403282072e-05,0.06049518298090325,0.1292481793866718,0.14448250270411683,0.6657547461209048,Shadowing,1,0.9999806111925967,Shadowing,Shadowing,Shadowing,Shadowing,Open-Circuit
2023-02-15 15:00:00+08:00,3.9878650019919255e-06,0.001576635383302352,0.0004958338834807885,0.0022993946416411384,0.9956241482265737,Shadowing,1,0.999996012134998,Shadowing,Shadowing,Shadowing,Shadowing,Shadowing
2023-02-15 15:15:00+08:00,5.019024960381641e-07,9.961061899846029e-08,1.5733411668221345e-06,7.006135248815543e-09,0.9999978181395829,Shadowing,1,0.999999498097504,Shadowing,Shadowing,Shadowing,Shadowing,Shadowing
2023-02-15 15:30:00+08:00,1.279150786369371e-06,9.218685421051897e-09,7.036042751618954e-08,6.130721345258422e-10,0.9999986406570285,Shadowing,1,0.9999987208492136,Shadowing,Shadowing,Shadowing,Shadowing,Shadowing
2023-02-15 15:45:00+08:00,0.00016661298641292593,1.876348572449912e-09,3.552330211698049e-08,2.372401355867135e-09,0.999833347241535,Shadowing,1,0.999833387013587,Shadowing,Shadowing,Shadowing,Shadowing,Shadowing
2023-02-15 16:00:00+08:00,0.0006227249058122009,1.3805850240259427e-09,9.290807976006808e-09,2.8923711504524748e-09,0.9993772615304237,Shadowing,1,0.9993772750941878,Shadowing,Shadowing,Shadowing,Shadowing,Shadowing
2023-02-15 16:15:00+08:00,0.0005817765464332732,1.4452433831570896e-10,1.4000704587961604e-10,1.3368966486563044e-09,0.9994182218321388,Shadowing,1,0.9994182234535667,Shadowing,Shadowing,Shadowing,Shadowing,Shadowing
2023-02-15 16:30:00+08:00,0.0019306120562022396,2.699738873259902e-12,1.0229069873465793e-10,3.152538274012736e-10,0.9980693875235535,Shadowing,1,0.9980693879437977,Shadowing,Shadowing,Shadowing,Shadowing,Shadowing
2023-02-15 16:45:00+08:00,1.940990124996337e-05,1.1105639399022806e-05,5.184471966391231e-09,7.449487226582712e-14,0.9999694792748046,Shadowing,1,0.9999805900987501,Shadowing,Shadowing,Shadowing,Shadowing,Shadowing
2023-02-15 17:00:00+08:00,0.01596686001165418,1.3335071854667175e-07,1.0798388073694874e-07,3.7316916194188134e-10,0.9840328982805774,Shadowing,1,0.9840331399883459,Shadowing,Shadowing,Shadowing,Shadowing,Shadowing
2023-02-15 17:15:00+08:00,0.8369679707826686,1.059735215783971e-11,7.687871034892704e-10,6.929735582721679e-08,0.16303195914059104,Normal,0,0.1630320292173314,Normal,Normal,Normal,Normal,Normal
2023-02-15 17:30:00+08:00,0.8784791262186659,1.7891963384642014e-11,5.955419122536292e-10,1.0564940639898803e-07,0.12152076751849397,Normal,0,0.12152087378133414,Normal,Normal,Normal,Normal,Normal
2023-02-15 17:45:00+08:00,0.9842245442801802,1.0997888037415292e-11,2.646137725307096e-10,6.397279448741302e-08,0.015775391471413606,Normal,0,0.015775455719819753,Normal,Normal,Normal,Normal,Normal
2023-02-16 07:30:00+08:00,0.9754029260242124,1.0759918409872137e-11,2.681564791496768e-10,7.680626679642588e-08,0.024596996890604426,Normal,0,0.024597073975787587,Normal,Normal,Normal,Normal,Normal
2023-02-16 07:45:00+08:00,0.8160226051937574,1.1007573868304324e-11,6.252172533949695e-10,9.246708056294473e-08,0.18397730170293722,Normal,0,0.18397739480624264,Normal,Normal,Normal,Normal,Normal
2023-02-16 08:00:00+08:00,0.774247489646735,4.09671626908529e-12,8.901984833228746e-10,4.454489512866002e-08,0.22575246491407452,Normal,0,0.22575251035326505,Normal,Normal,Normal,Normal,Normal
2023-02-16 08:15:00+08:00,0.540460652109189,2.6725899593394317e-12,2.067285328715385e-09,2.611284231007492e-08,0.45953931970801065,Normal,0,0.45953934789081097,Normal,Normal,Shadowing,Shadowing,Normal
2023-02-16 08:30:00+08:00,0.28791777584338035,2.7966561869293804e-12,4.7929610485655384e-09,7.756628979348121e-09,0.7120822116042329,Shadowing,1,0.7120822241566196,Normal,Shadowing,Shadowing,Shadowing,Shadowing
2023-02-16 08:45:00+08:00,0.009409861168246898,5.685357565279627e-14,6.434326749532379e-10,1.7743756586881423e-10,0.990590138010826,Shadowing,1,0.9905901388317531,Shadowing,Shadowing,Shadowing,Shadowing,Shadowing
2023-02-16 09:00:00+08:00,0.49321658088269105,1.9307365921759306e-11,4.4153672654401794e-08,1.2669362539270711e-08,0.5067833622749662,Shadowing,1,0.506783419117309,Shadowing,Shadowing,Normal,Shadowing,Normal
2023-02-16 09:15:00+08:00,0.006639595937039569,2.9573287243313094e-07,1.8415205540943755e-07,1.1169031776174676e-09,0.9933599230611294,Shadowing,1,0.9933604040629604,Shadowing,Shadowing,Shadowing,Shadowing,Shadowing
2023-02-16 09:30:00+08:00,0.04054150294172078,2.568414832010169e-07,3.5331399296965913e-07,6.475512859541118e-10,0.9594578862552516,Shadowing,1,0.9594584970582792,Shadowing,Shadowing,Shadowing,Shadowing,Shadowing
2023-02-16 09:45:00+08:00,0.0009748102757036993,2.5880321393987943e-07,3.1905585095601293e-07,1.696242943854513e-09,0.9990246101689884,Shadowing,1,0.9990251897242963,Shadowing,Shadowing,Shadowing,Shadowing,Shadowing
2023-02-16 10:00:00+08:00,1.146101269329538e-06,0.0002892994053491318,2.3449224042534022e-05,1.0430924380595044e-11,0.9996861052589082,Shadowing,1,0.9999988538987307,Shadowing,Shadowing,Shadowing,Shadowing,Shadowing
2023-02-16 10:15:00+08:00,0.0006877483417856435,0.12326565305479427,0.1926459302078209,2.51015209847352e-07,0.6834004173803894,Shadowing,1,0.9993122516582144,Shadowing,Shadowing,Shadowing,Shadowing,Shadowing
2023-02-16 10:30:00+08:00,0.0005000374869175972,0.11884731873839996,0.23898635762503445,2.6187986572762447e-09,0.6416662835308493,Shadowing,1,0.9994999625130824,Shadowing,Shadowing,Shadowing,Shadowing,Shadowing
2023-02-16 10:45:00+08:00,0.00023613483310883145,0.07503199797519136,0.6536003096713522,1.8684550780839353e-06,0.2711296890652696,Degradation,1,0.9997638651668912,Degradation,Degradation,Shadowing,Degradation,Shadowing
2023-02-16 11:00:00+08:00,0.00013481938634028572,0.1422829348012912,0.7102854796091431,0.0017172353890564335,0.14557953081416894,Degradation,1,0.9998651806136597,Degradation,Degradation,Shadowing,Degradation,Degradation
2023-02-16 11:15:00+08:00,0.00012189450139476006,0.13329123757841652,0.701825988740574,0.00014635366110909008,0.16461452551850558,Degradation,1,0.9998781054986052,Degradation,Degradation,Short-Circuit,Degradation,Degradation
2023-02-16 11:30:00+08:00,0.004208063461845704,0.8407065139553932,0.14593043049395013,3.2377311898245664e-11,0.009154992056433626,Short-Circuit,1,0.9957919365381543,Short-Circuit,Short-Circuit,Short-Circuit,Short-Circuit,Short-Circuit
2023-02-16 11:45:00+08:00,0.0004963555997605429,0.7944161273013526,0.19734623807371632,1.5453843382019764e-12,0.007741279023624992,Short-Circuit,1,0.9995036444002394,Short-Circuit,Short-Circuit,Short-Circuit,Short-Circuit,Short-Circuit
2023-02-16 12:00:00+08:00,1.1446233969017319e-05,0.019510960550570257,0.263785753531502,0.7077578296183126,0.008934010065646137,Open-Circuit,1,0.999988553766031,Open-Circuit,Open-Circuit,Open-Circuit,Degradation,Open-Circuit
2023-02-16 12:15:00+08:00,2.0619880566381248e-06,0.20040014378735357,0.600477454004915,1.5900959943822993e-13,0.19912034021951563,Degradation,1,0.9999979380119434,Degradation,Degradation,Short-Circuit,Degradation,Shadowing
2023-02-16 12:30:00+08:00,7.5414533452042715e-06,0.1513493375009654,0.628585256535356,3.0263083342111287e-07,0.22005756187950012,Degradation,1,0.9999924585466547,Degradation,Degradation,Short-Circuit,Degradation,Shadowing
2023-02-16 12:45:00+08:00,0.00014026060195703274,0.1426384363712114,0.5978584351507829,0.011746595156026673,0.24761627272002196,Degradation,1,0.999859739398043,Degradation,Degradation,Shadowing,Degradation,Degradation
2023-02-16 13:00:00+08:00,4.551429362847687e-06,4.112093684924289e-06,6.260906345173029e-06,2.3939897100947292e-09,0.9999850731766173,Shadowing,1,0.9999954485706372,Shadowing,Shadowing,Shadowing,Shadowing,Shadowing
2023-02-16 13:15:00+08:00,0.0010583513146666921,1.7744944407789605e-07,2.396059892357708e-07,3.640614125182204e-09,0.9989412279892859,Shadowing,1,0.9989416486853333,Shadowing,Shadowing,Shadowing,Shadowing,Shadowing
2023-02-16 13:30:00+08:00,0.00039034262645975924,2.3383934033561078e-07,2.841737367572947e-07,2.34264669871411e-09,0.9996091370178165,Shadowing,1,0.9996096573735402,Shadowing,Shadowing,Shadowing,Shadowing,Shadowing
2023-02-16 13:45:00+08:00,0.00016348850049823196,2.1346548480708703e-07,8.638004782762036e-07,3.575362400572801e-10,0.9998354338760024,Shadowing,1,0.9998365114995018,Shadowing,Shadowing,Shadowing,Shadowing,Shadowing
2023-02-16 14:00:00+08:00,6.91665258648485e-05,0.0954941946669384,0.21437178511249036,0.014831808769669382,0.675233044925037,Shadowing,1,0.9999308334741351,Shadowing,Shadowing,Degradation,Shadowing,Shadowing
2023-02-16 14:15:00+08:00,2.06680000851068e-05,0.00010511290982541629,1.7898078829132814e-05,1.3268265072716952e-12,0.9998563210099336,Shadowing,1,0.9999793319999148,Shadowing,Shadowing,Shadowing,Shadowing,Shadowing
2023-02-16 14:30:00+08:00,5.979947749843102e-06,0.02036598146850705,0.014783765373840263,2.5722924056210082e-05,0.9648185502858467,Shadowing,1,0.9999940200522501,Shadowing,Shadowing,Shadowing,Shadowing,Shadowing
2023-02-16 14:45:00+08:00,4.068280345354348e-06,0.002157600636919996,0.0005473767631576491,0.0005998856235911952,0.9966910686959858,Shadowing,1,0.9999959317196546,Shadowing,Shadowing,Shadowing,Shadowing,Shadowing
2023-02-16 15:00:00+08:00,3.1523937165830896e-06,0.00010633498967781579,4.4178881609965996e-05,6.69090374370558e-08,0.9998462668259581,Shadowing,1,0.9999968476062834,Shadowing,Shadowing,Shadowing,Shadowing,Shadowing
2023-02-16 15:15:00+08:00,0.3347547808869157,5.174753049992647e-09,4.1939279140857816e-07,9.700688326139986e-10,0.6652447935754711,Shadowing,1,0.6652452191130843,Shadowing,Shadowing,Shadowing,Shadowing,Shadowing
2023-02-16 15:30:00+08:00,0.33020541706674705,1.7423035308655434e-11,8.58225295603636e-08,2.30665444313311e-09,0.6697944947866459,Shadowing,1,0.669794582933253,Shadowing,Shadowing,Normal,Shadowing,Shadowing
2023-02-16 15:45:00+08:00,0.024453010376659222,1.1061993836514393e-13,1.1728583207090768e-09,3.9428825259745595e-10,0.9755469880560836,Shadowing,1,0.9755469896233407,Shadowing,Shadowing,Shadowing,Shadowing,Shadowing
2023-02-16 16:00:00+08:00,0.13892044228964645,8.964651190580651e-13,3.024347933469652e-09,2.97200192910872e-09,0.8610795517131071,Shadowing,1,0.8610795577103536,Shadowing,Shadowing,Shadowing,Shadowing,Shadowing
2023-02-16 16:15:00+08:00,0.19212732575511757,1.2604390908723563e-12,2.9481482123902005e-09,5.723446375715124e-09,0.8078726655720272,Shadowing,1,0.8078726742448824,Shadowing,Shadowing,Shadowing,Shadowing,Shadowing
2023-02-16 16:30:00+08:00,0.11099798235697467,5.666536904900194e-13,2.0538437596196336e-09,3.0811405403271676e-09,0.8890020125074743,Shadowing,1,0.8890020176430253,Shadowing,Shadowing,Shadowing,Shadowing,Shadowing
2023-02-16 16:45:00+08:00,0.43793418925332295,1.934067076445364e-12,1.9881261356532664e-09,2.1687254894206517e-08,0.5620657870693619,Shadowing,1,0.562065810746677,Normal,Shadowing,Shadowing,Shadowing,Shadowing
2023-02-16 17:00:00+08:00,0.6789067032979943,2.9007505525393512e-12,1.0726326818434632e-09,3.873572644769544e-08,0.32109325689074575,Normal,0,0.3210932967020057,Normal,Normal,Normal,Normal,Normal
2023-02-16 17:15:00+08:00,0.8119317234164468,1.0843537276869973e-11,5.820886246918668e-10,9.973545920331459e-08,0.1880681762551617,Normal,0,0.18806827658355318,Normal,Normal,Normal,Normal,Normal
2023-02-16 17:30:00+08:00,0.9885692045336615,7.788784188019207e-12,2.004617826764724e-10,5.549502204707274e-08,0.011430739763065934,Normal,0,0.011430795466338517,Normal,Normal,Normal,Normal,Normal
2023-02-16 17:45:00+08:00,0.9984630859332334,2.827205546261201e-12,8.753147202860432e-11,2.0605258807505497e-08,0.0015368933711490704,Normal,0,0.0015369140667665926,Normal,Normal,Normal,Normal,Normal
2023-02-17 07:30:00+08:00,0.18983363322815192,6.345632220984876e-13,5.629272904371126e-10,2.069741776774308e-08,0.8101663455108683,Shadowing,1,0.8101663667718481,Normal,Shadowing,Shadowing,Shadowing,Shadowing
2023-02-17 07:45:00+08:00,0.027887328669589772,4.815310676286747e-14,3.4855334447407403e-10,7.038177185049328e-10,0.9721126702779911,Shadowing,1,0.9721126713304102,Shadowing,Shadowing,Shadowing,Shadowing,Shadowing
2023-02-17 08:00:00+08:00,0.0022506294940871003,2.3333924743437436e-15,5.015240072175517e-11,1.5919938805552248e-11,0.9977493704398382,Shadowing,1,0.997749370505913,Shadowing,Shadowing,Shadowing,Shadowing,Shadowing
2023-02-17 08:15:00+08:00,0.004869101870429763,7.430916892580268e-15,3.4041296386379716e-10,4.994486126287695e-11,0.9951308977392049,Shadowing,1,0.9951308981295702,Shadowing,Shadowing,Shadowing,Shadowing,Shadowing
2023-02-17 08:30:00+08:00,0.003277215333452254,1.4246125624521025e-11,4.3559619644664985e-10,1.6958392513832507e-09,0.9967227825208662,Shadowing,1,0.9967227846665477,Shadowing,Shadowing,Shadowing,Shadowing,Shadowing
2023-02-17 08:45:00+08:00,0.0028570595389958925,1.145384253839766e-09,8.440088266783637e-10,3.0566241812363436e-09,0.9971429354149868,Shadowing,1,0.9971429404610042,Shadowing,Shadowing,Shadowing,Shadowing,Shadowing
2023-02-17 09:00:00+08:00,0.0007620401494896473,1.4551873472960575e-08,6.689551678998242e-08,7.100238943815164e-09,0.9992378713028811,Shadowing,1,0.9992379598505103,Shadowing,Shadowing,Shadowing,Shadowing,Shadowing
2023-02-17 09:15:00+08:00,0.0003539257993721765,1.4072095059511657e-07,2.300532015193636e-07,3.3069336926353784e-09,0.999645700119542,Shadowing,1,0.9996460742006278,Shadowing,Shadowing,Shadowing,Shadowing,Shadowing
2023-02-17 09:30:00+08:00,1.6924465406566163e-05,2.713747042712718e-07,4.4613966355056643e-07,2.5232084358404014e-10,0.9999823577679049,Shadowing,1,0.9999830755345934,Shadowing,Shadowing,Shadowing,Shadowing,Shadowing
2023-02-17 09:45:00+08:00,1.4705269014547152e-06,6.36070389586254e-05,1.0928899578871829e-05,1.8620371906575712e-11,0.9999239935159407,Shadowing,1,0.9999985294730985,Shadowing,Shadowing,Shadowing,Shadowing,Shadowing
2023-02-17 10:00:00+08:00,1.5054424460895064e-06,0.006437600579072861,0.0005300650455383403,4.477020938026459e-11,0.9930308288881726,Shadowing,1,0.999998494557554,Shadowing,Shadowing,Shadowing,Shadowing,Shadowing
2023-02-17 10:15:00+08:00,9.950064699478162e-05,0.13630434268102004,0.02476747414045568,4.5483146820065907e-07,0.8388282277000613,Shadowing,1,0.9999004993530052,Shadowing,Shadowing,Shadowing,Shadowing,Shadowing
2023-02-17 10:30:00+08:00,0.0005089109494716179,0.09912281909223572,0.21354302065337052,1.2942110440752196e-08,0.6868252363628117,Shadowing,1,0.9994910890505284,Shadowing,Shadowing,Shadowing,Shadowing,Shadowing
2023-02-17 10:45:00+08:00,0.000524858735560345,0.06277222431460011,0.5935529823969292,1.1554502232079283e-09,0.34314993339746,Degradation,1,0.9994751412644397,Degradation,Degradation,Shadowing,Degradation,Shadowing
2023-02-17 11:00:00+08:00,0.00016844514942053219,0.08545462311033297,0.6502461055731975,2.12871989910081e-10,0.26413082595417703,Degradation,1,0.9998315548505795,Degradation,Degradation,Shadowing,Degradation,Shadowing
2023-02-17 11:15:00+08:00,5.7707533458729476e-05,0.16702753545500518,0.6141222599229188,3.2353269782381373e-11,0.21879249705626397,Degradation,1,0.9999422924665413,Degradation,Degradation,Short-Circuit,Degradation,Shadowing
2023-02-17 11:30:00+08:00,2.5194272672830895e-05,0.18808613039704764,0.6078063383232986,1.8874523432690833e-11,0.20408233698810646,Degradation,1,0.9999748057273272,Degradation,Degradation,Short-Circuit,Degradation,Shadowing
2023-02-17 11:45:00+08:00,1.407860612460929e-05,0.1674132731499026,0.6078134408881247,4.529763551010773e-10,0.2247592069028716,Degradation,1,0.9999859213938754,Degradation,Degradation,Short-Circuit,Degradation,Shadowing
2023-02-17 12:00:00+08:00,1.2710745714509047e-05,0.13106417473505952,0.6282577149398576,1.5763955394883301e-07,0.24066524193981448,Degradation,1,0.9999872892542855,Degradation,Degradation,Short-Circuit,Degradation,Shadowing
2023-02-17 12:15:00+08:00,7.176579064001748e-06,0.16065674310129247,0.6347377585266323,9.887377949427822e-07,0.2045973330552162,Degradation,1,0.999992823420936,Degradation,Degradation,Short-Circuit,Degradation,Shadowing
2023-02-17 12:30:00+08:00,8.816874912681483e-06,0.16229438378850192,0.6422303057714518,2.340044043056269e-06,0.19546415352109064,Degradation,1,0.9999911831250873,Degradation,Degradation,Short-Circuit,Degradation,Shadowing
2023-02-17 12:45:00+08:00,4.369622435792673e-06,0.18875857019449888,0.6555526103058255,5.7971589627287294e-05,0.15562647828761259,Degradation,1,0.9999956303775642,Degradation,Degradation,Short-Circuit,Degradation,Shadowing
2023-02-17 13:00:00+08:00,5.973464582911726e-06,0.19606037226222367,0.6763078389746633,0.0003256719064914017,0.12730014339203866,Degradation,1,0.9999940265354171,Degradation,Degradation,Short-Circuit,Degradation,Shadowing
2023-02-17 13:15:00+08:00,8.4832418104367e-06,0.1983618223023272,0.6933005017739109,0.0009413252203915538,0.10738786746155993,Degradation,1,0.9999915167581895,Degradation,Degradation,Short-Circuit,Degradation,Degradation
2023-02-17 13:30:00+08:00,1.513956880537765e-05,0.1978665493465722,0.7143635573457752,0.0033752118923411926,0.084379541846506,Degradation,1,0.9999848604311946,Degradation,Degradation,Short-Circuit,Degradation,Degradation
2023-02-17 13:45:00+08:00,4.494739145045296e-05,0.18604117059662334,0.726441986561084,0.004333243116942671,0.08313865233389968,Degradation,1,0.9999550526085496,Degradation,Degradation,Short-Circuit,Degradation,Degradation
2023-02-17 14:00:00+08:00,0.00016253919920654526,0.1462996399207817,0.5103328829112128,0.011064055762785937,0.33214088220601296,Degradation,1,0.9998374608007935,Degradation,Degradation,Shadowing,Degradation,Degradation
2023-02-17 14:15:00+08:00,0.00010440823508173192,0.14434126519853918,0.5763463052372682,0.04346356331442558,0.2357444580146853,Degradation,1,0.9998955917649183,Degradation,Degradation,Shadowing,Degradation,Degradation
2023-02-17 14:30:00+08:00,5.147874908184481e-05,0.09855024988093967,0.202881181478686,0.15001657448967037,0.5485005154016221,Shadowing,1,0.9999485212509182,Shadowing,Shadowing,Degradation,Shadowing,Open-Circuit
2023-02-17 14:45:00+08:00,8.589775350683458e-06,0.013290962364574537,0.0233571207331325,0.06024780616452731,0.903095520962415,Shadowing,1,0.9999914102246493,Shadowing,Shadowing,Shadowing,Shadowing,Shadowing
2023-02-17 15:00:00+08:00,2.586977275054797e-06,0.00040039495423922376,0.0002115262951098935,1.522032492477063e-05,0.9993702714484511,Shadowing,1,0.9999974130227249,Shadowing,Shadowing,Shadowing,Shadowing,Shadowing
2023-02-17 15:15:00+08:00,5.637432876208675e-07,1.5718278135514444e-07,1.752903370224628e-06,8.919627632035898e-09,0.9999975172509332,Shadowing,1,0.9999994362567124,Shadowing,Shadowing,Shadowing,Shadowing,Shadowing
2023-02-17 15:30:00+08:00,5.427753766194223e-06,5.935697831134916e-09,5.8387767928438586e-08,6.31415925384887e-10,0.9999945072913521,Shadowing,1,0.9999945722462338,Shadowing,Shadowing,Shadowing,Shadowing,Shadowing
2023-02-17 15:45:00+08:00,0.00016497751305830162,1.4005767282846005e-09,3.10136347289548e-08,2.2044391678632602e-09,0.9998349878682911,Shadowing,1,0.9998350224869417,Shadowing,Shadowing,Shadowing,Shadowing,Shadowing
2023-02-17 16:00:00+08:00,0.0005631040101163127,1.0754978711569222e-09,7.2592065393924835e-09,2.6054046353346746e-09,0.9994368850497747,Shadowing,1,0.9994368959898837,Shadowing,Shadowing,Shadowing,Shadowing,Shadowing
2023-02-17 16:15:00+08:00,0.00038268141406832434,1.5453192688617676e-10,1.0957692978803217e-10,1.0127254337790249e-09,0.9996173173090973,Shadowing,1,0.9996173185859317,Shadowing,Shadowing,Shadowing,Shadowing,Shadowing
2023-02-17 16:30:00+08:00,0.001583646135404186,4.125249382126345e-12,7.71837908386939e-11,3.3350307041784084e-10,0.9984163534497836,Shadowing,1,0.9984163538645958,Shadowing,Shadowing,Shadowing,Shadowing,Shadowing
2023-02-17 16:45:00+08:00,0.004014048650406598,5.65247266716171e-07,1.0996416282907827e-07,5.031217809750978e-11,0.9959852760878517,Shadowing,1,0.9959859513495934,Shadowing,Shadowing,Shadowing,Shadowing,Shadowing
2023-02-17 17:00:00+08:00,0.0012635798535189633,4.4217173906219197e-07,6.300621435815812e-08,6.963676987217648e-11,0.998735914898891,Shadowing,1,0.998736420146481,Shadowing,Shadowing,Shadowing,Shadowing,Shadowing
2023-02-17 17:15:00+08:00,0.8385411088180472,1.5163782046784532e-11,7.445220631802274e-10,8.65085766999164e-08,0.1614588039136901,Normal,0,0.16145889118195278,Normal,Normal,Normal,Normal,Normal
2023-02-17 17:30:00+08:00,0.9097191173715464,1.9462210113296983e-11,5.589270530412399e-10,1.0310635440120254e-07,0.09028077894371003,Normal,0,0.09028088262845357,Normal,Normal,Normal,Normal,Normal
2023-02-17 17:45:00+08:00,0.9864933674750007,1.1140669596943492e-11,2.6525460953735106e-10,5.988522331923872e-08,0.013506572363380894,Normal,0,0.013506632524999285,Normal,Normal,Normal,Normal,Normal
2023-02-18 07:30:00+08:00,0.9636061816547088,1.564467636427558e-11,3.634174898562154e-10,8.946140413151348e-08,0.03639372850482496,Normal,0,0.03639381834529121,Normal,Normal,Normal,Normal,Normal
2023-02-18 07:45:00+08:00,0.8107175682452059,5.042056348108253e-12,9.316268972654483e-10,4.2537342293307044e-08,0.18928238828078284,Normal,0,0.1892824317547941,Normal,Normal,Normal,Normal,Normal
2023-02-18 08:00:00+08:00,0.3111739192164601,1.4641609416748284e-12,2.1574024263222784e-09,1.3931441557797e-08,0.6888260646932318,Shadowing,1,0.6888260807835399,Normal,Shadowing,Shadowing,Shadowing,Shadowing
2023-02-18 08:15:00+08:00,0.07123348938395005,2.6133072241529563e-13,1.1725631132704992e-09,2.1545092826948472e-09,0.9287665072887161,Shadowing,1,0.92876651061605,Shadowing,Shadowing,Shadowing,Shadowing,Shadowing
2023-02-18 08:30:00+08:00,0.0035311246221370676,7.85077522890538e-15,1.0944601900747765e-10,4.0123357958784556e-11,0.9964688752282858,Shadowing,1,0.9964688753778629,Shadowing,Shadowing,Shadowing,Shadowing,Shadowing
2023-02-18 08:45:00+08:00,0.010292046874016554,5.278414932880228e-13,9.30542238797096e-10,8.15883777611056e-10,0.9897079513790296,Shadowing,1,0.9897079531259835,Shadowing,Shadowing,Shadowing,Shadowing,Shadowing
2023-02-18 09:00:00+08:00,0.5595727776278069,5.850925092219795e-12,3.446002605151753e-08,1.4506565027984535e-08,0.44042717339975124,Normal,0,0.4404272223721931,Normal,Shadowing,Normal,Shadowing,Normal
2023-02-18 09:15:00+08:00,0.041454162067434186,7.208083002939457e-14,2.323168504829506e-09,8.602747210070395e-10,0.9585458347490505,Shadowing,1,0.9585458379325658,Shadowing,Shadowing,Shadowing,Shadowing,Shadowing
2023-02-18 09:30:00+08:00,0.01171115184675147,3.40916638310248e-13,1.084643251561093e-09,9.059665609149308e-10,0.9882888461622977,Shadowing,1,0.9882888481532486,Shadowing,Shadowing,Shadowing,Shadowing,Shadowing
2023-02-18 09:45:00+08:00,0.0022273356442706884,2.7626056929970894e-14,2.9510411882541464e-10,7.151037870048026e-11,0.9977726639890871,Shadowing,1,0.9977726643557293,Shadowing,Shadowing,Shadowing,Shadowing,Shadowing
2023-02-18 10:00:00+08:00,0.013396711883081322,1.6275504082934803e-07,4.645689100802645e-08,3.134976593348359e-09,0.9866030757700102,Shadowing,1,0.9866032881169187,Shadowing,Shadowing,Shadowing,Shadowing,Shadowing
2023-02-18 10:15:00+08:00,0.17558262595999807,9.008111558487792e-09,8.904129916668164e-08,9.661892987532763e-09,0.8244172663286982,Shadowing,1,0.8244173740400019,Shadowing,Shadowing,Shadowing,Shadowing,Shadowing
2023-02-18 10:30:00+08:00,0.010686695569073083,3.850183225655056e-09,6.528851808950095e-09,3.4681535210483024e-09,0.9893132905837383,Shadowing,1,0.9893133044309269,Shadowing,Shadowing,Shadowing,Shadowing,Shadowing
2023-02-18 10:45:00+08:00,0.0048513407335783925,1.69211081524616e-08,2.314543372171141e-08,3.671819408918326e-12,0.9951486191962079,Shadowing,1,0.9951486592664216,Shadowing,Shadowing,Shadowing,Shadowing,Shadowing
2023-02-18 11:00:00+08:00,0.012693167836413933,1.8694540446938692e-12,1.2170401024974065e-09,1.743561838294013e-09,0.9873068292011148,Shadowing,1,0.9873068321635861,Shadowing,Shadowing,Shadowing,Shadowing,Shadowing
2023-02-18 11:15:00+08:00,0.024179203678046546,2.642333177215203e-10,1.0692367098832799e-08,2.147141666188353e-09,0.9758207832182112,Shadowing,1,0.9758207963219534,Shadowing,Shadowing,Shadowing,Shadowing,Shadowing
2023-02-18 11:30:00+08:00,0.00021015811851150167,2.0215598226900053e-10,6.720538966913842e-09,7.134698863545928e-10,0.9997898342453236,Shadowing,1,0.9997898418814885,Shadowing,Shadowing,Shadowing,Shadowing,Shadowing
2023-02-18 11:45:00+08:00,5.052463795033554e-06,0.20030017452078247,0.6013502821436417,3.363175435192615e-13,0.1983444908714444,Degradation,1,0.999994947536205,Degradation,Degradation,Short-Circuit,Degradation,Shadowing
2023-02-18 12:00:00+08:00,7.67464570747887e-06,0.17345245275232712,0.6503900852718474,9.411372290330086e-06,0.17614037595782778,Degradation,1,0.9999923253542925,Degradation,Degradation,Short-Circuit,Degradation,Shadowing
2023-02-18 12:15:00+08:00,2.3216599032568225e-05,0.16460060884839423,0.6782010674690904,4.5898854371053194e-05,0.15712920822911175,Degradation,1,0.9999767834009674,Degradation,Degradation,Short-Circuit,Degradation,Shadowing
2023-02-18 12:30:00+08:00,6.697945785510976e-07,0.00018401778238314115,0.00033012744266493037,0.7839659542029932,0.21551923077738003,Open-Circuit,1,0.9999993302054214,Open-Circuit,Open-Circuit,Open-Circuit,Open-Circuit,Shadowing
2023-02-18 12:45:00+08:00,6.416557972797848e-07,2.912491270304164e-06,7.02501105063507e-06,1.7757423414580373e-07,0.9999892432676477,Shadowing,1,0.9999993583442027,Shadowing,Shadowing,Shadowing,Shadowing,Shadowing
2023-02-18 13:00:00+08:00,2.8912111520592073e-06,0.014137388310679946,0.0028375172097409506,7.556883333473935e-09,0.9830221957115437,Shadowing,1,0.999997108788848,Shadowing,Shadowing,Shadowing,Shadowing,Shadowing
2023-02-18 13:15:00+08:00,0.001476277820264283,4.909935557589319e-08,6.814344082759785e-08,7.675916051748497e-09,0.9985235972610234,Shadowing,1,0.9985237221797357,Shadowing,Shadowing,Shadowing,Shadowing,Shadowing
2023-02-18 13:30:00+08:00,0.0024769040631080546,2.1324957207608007e-12,1.5998341034168033e-10,4.224908816712989e-10,0.9975230953522851,Shadowing,1,0.9975230959368919,Shadowing,Shadowing,Shadowing,Shadowing,Shadowing
2023-02-18 13:45:00+08:00,0.9862412366198156,6.802877111535229e-09,1.5499244265700515e-06,1.700338685283377e-15,0.013757206652879023,Normal,0,0.013758763380184447,Normal,Normal,Normal,Normal,Normal
2023-02-18 14:00:00+08:00,0.9380279087608306,5.921433407949293e-07,0.000436642603615182,1.904162996721313e-14,0.06153485649219448,Normal,0,0.06197209123916936,Normal,Normal,Normal,Normal,Normal
2023-02-18 14:15:00+08:00,0.0005392080707699857,1.9047531313055327e-09,2.5987575720469583e-08,3.0822478644141006e-09,0.9994607609546534,Shadowing,1,0.99946079192923,Shadowing,Shadowing,Shadowing,Shadowing,Shadowing
2023-02-18 14:30:00+08:00,0.0006472357517552795,1.3339386809541516e-09,3.0708862148531057e-09,2.876997084899214e-09,0.9993527569664227,Shadowing,1,0.9993527642482447,Shadowing,Shadowing,Shadowing,Shadowing,Shadowing
2023-02-18 14:45:00+08:00,0.001076728835721506,2.538234796164595e-11,8.285307421072308e-11,1.0724207563707725e-09,0.9989232699836224,Shadowing,1,0.9989232711642785,Shadowing,Shadowing,Shadowing,Shadowing,Shadowing
2023-02-18 15:00:00+08:00,0.06102981898333467,1.0318223701369078e-11,7.605084226788297e-09,9.260964315834357e-09,0.9389701641402987,Shadowing,1,0.9389701810166653,Shadowing,Shadowing,Shadowing,Shadowing,Shadowing
2023-02-18 15:15:00+08:00,2.438923823954103e-06,5.062678992689389e-06,5.596018859235463e-06,1.7173117246376325e-10,0.999986902206593,Shadowing,1,0.9999975610761761,Shadowing,Shadowing,Shadowing,Shadowing,Shadowing
2023-02-18 15:30:00+08:00,0.25120043725158636,3.2080344711435284e-09,1.3324707800056676e-07,6.25117580808634e-09,0.7487994200421253,Shadowing,1,0.7487995627484136,Shadowing,Shadowing,Shadowing,Shadowing,Shadowing
2023-02-18 15:45:00+08:00,0.04656267238035998,3.0453458700857104e-09,3.362375158155688e-08,1.2292362802901265e-08,0.9534372786581798,Shadowing,1,0.9534373276196401,Shadowing,Shadowing,Shadowing,Shadowing,Shadowing
2023-02-18 16:00:00+08:00,0.001570747350937579,8.675094089314003e-14,1.719135719737395e-10,9.037705971365746e-11,0.9984292523866852,Shadowing,1,0.9984292526490625,Shadowing,Shadowing,Shadowing,Shadowing,Shadowing
2023-02-18 16:15:00+08:00,0.0008905096446346659,3.3016088950705934e-15,6.451568673329639e-11,1.9779082070632495e-11,0.9991094902710673,Shadowing,1,0.9991094903553653,Shadowing,Shadowing,Shadowing,Shadowing,Shadowing
2023-02-18 16:30:00+08:00,6.828022849111018e-05,2.5953840428000765e-06,1.815432713045725e-08,4.787970081386407e-12,0.999929106228351,Shadowing,1,0.9999317197715089,Shadowing,Shadowing,Shadowing,Shadowing,Shadowing
2023-02-18 16:45:00+08:00,0.0016406109105109566,7.419162444061611e-07,8.179637171321859e-08,3.370365050501026e-11,0.9983585653431692,Shadowing,1,0.9983593890894891,Shadowing,Shadowing,Shadowing,Shadowing,Shadowing
2023-02-18 17:00:00+08:00,0.6529879044778986,4.4115433023912676e-12,2.4113458387786137e-09,2.5232571082940772e-08,0.3470120678737728,Normal,0,0.34701209552210144,Normal,Normal,Shadowing,Normal,Normal
2023-02-18 17:15:00+08:00,0.81031153390571,5.027423686852122e-12,9.11144837052979e-10,4.356904079172386e-08,0.189688421609077,Normal,0,0.18968846609429002,Normal,Normal,Normal,Normal,Normal
2023-02-18 17:30:00+08:00,0.7637261398786755,4.457934665195954e-12,6.943211431203946e-10,5.908642819239004e-08,0.2362738003361171,Normal,0,0.23627386012132445,Normal,Normal,Normal,Normal,Normal
2023-02-18 17:45:00+08:00,0.9556427219238778,1.0743819590653647e-11,2.8551415749555136e-10,9.591318164561459e-08,0.044357181866682624,Normal,0,0.04435727807612222,Normal,Normal,Normal,Normal,Normal
2023-02-19 07:30:00+08:00,0.9932027126831409,2.969328869290755e-12,9.416701405421824e-11,4.1696640560626084e-08,0.006797245523082043,Normal,0,0.006797287316859135,Normal,Normal,Normal,Normal,Normal
2023-02-19 07:45:00+08:00,0.8948555204340162,1.2179016745552322e-11,3.914447963723867e-10,1.15631818982652e-07,0.10514436353054109,Normal,0,0.10514447956598383,Normal,Normal,Normal,Normal,Normal
2023-02-19 08:00:00+08:00,0.675597209115988,4.169704685659593e-12,6.561905341268896e-10,6.865046313042265e-08,0.3244027215731887,Normal,0,0.324402790884012,Normal,Normal,Normal,Shadowing,Normal
2023-02-19 08:15:00+08:00,0.7015548450898945,6.87276135273154e-12,5.40619702546709e-10,1.006597225524006e-07,0.2984450537028905,Normal,0,0.2984451549101055,Normal,Normal,Normal,Normal,Normal
2023-02-19 08:30:00+08:00,0.6836473273128727,5.012081720945071e-12,6.137077445165045e-10,7.915106947182647e-08,0.3163525929173379,Normal,0,0.3163526726871273,Normal,Normal,Normal,Normal,Normal
2023-02-19 08:45:00+08:00,0.4401294864514331,1.729242065684632e-12,1.625477619076428e-09,2.5919313363637027e-08,0.5598704860020467,Shadowing,1,0.5598705135485669,Normal,Shadowing,Shadowing,Shadowing,Shadowing
2023-02-19 09:00:00+08:00,0.18736317126333082,5.807275107959755e-13,1.2842268685286491e-09,8.206886083065353e-09,0.8126368192449756,Shadowing,1,0.8126368287366692,Shadowing,Shadowing,Shadowing,Shadowing,Shadowing
2023-02-19 09:15:00+08:00,0.012188058593714659,3.1656202495676815e-14,3.3898533352715434e-10,2.2249279409390296e-10,0.9878119408447755,Shadowing,1,0.9878119414062854,Shadowing,Shadowing,Shadowing,Shadowing,Shadowing
2023-02-19 09:30:00+08:00,0.0032720914519197334,6.8312698496593465e-15,9.127978263443312e-11,5.403708199657292e-11,0.9967279084027565,Shadowing,1,0.9967279085480802,Shadowing,Shadowing,Shadowing,Shadowing,Shadowing
2023-02-19 09:45:00+08:00,0.010082462286259808,2.1006649186249688e-14,2.3047690183605999e-10,1.7282229084407375e-10,0.98991753731042,Shadowing,1,0.9899175377137401,Shadowing,Shadowing,Shadowing,Shadowing,Shadowing
2023-02-19 10:00:00+08:00,0.00586976573034826,2.670472790081166e-14,3.1008127849788844e-10,1.0145630962520287e-10,0.9941302338580875,Shadowing,1,0.9941302342696517,Shadowing,Shadowing,Shadowing,Shadowing,Shadowing
2023-02-19 10:15:00+08:00,0.006631998019940184,2.4997694898730295e-11,1.1650078720126732e-09,2.4844814693812708e-09,0.9933679983055729,Shadowing,1,0.9933680019800598,Shadowing,Shadowing,Shadowing,Shadowing,Shadowing
2023-02-19 10:30:00+08:00,1.7747405546225946e-05,3.0008082553727686e-07,4.882778862747227e-07,1.9956176637886822e-10,0.9999814640361802,Shadowing,1,0.9999822525944537,Shadowing,Shadowing,Shadowing,Shadowing,Shadowing
2023-02-19 10:45:00+08:00,0.0003582955996628221,0.4211834691245791,0.3112362644519841,9.563588987388547e-11,0.26722197072813797,Short-Circuit,1,0.9996417044003372,Degradation,Degradation,Short-Circuit,Short-Circuit,Shadowing
2023-02-19 11:00:00+08:00,4.35633091978323e-05,0.16670228961166375,0.6128533397119481,6.791580426081839e-11,0.22040080729927447,Degradation,1,0.9999564366908021,Degradation,Degradation,Short-Circuit,Degradation,Shadowing
2023-02-19 11:15:00+08:00,3.074378816162915e-05,0.17388283500217444,0.6104546738722367,8.612637195923407e-11,0.2156317472513009,Degradation,1,0.9999692562118384,Degradation,Degradation,Short-Circuit,Degradation,Shadowing
2023-02-19 11:30:00+08:00,8.793131619295588e-06,0.19496019013858487,0.6044561573030497,2.1170860505338115e-11,0.20057485940557546,Degradation,1,0.9999912068683807,Degradation,Degradation,Short-Circuit,Degradation,Shadowing
2023-02-19 11:45:00+08:00,6.16509685579272e-06,0.17696927717255634,0.6086708550384448,1.6028071426568988e-09,0.21435370108933607,Degradation,1,0.9999938349031442,Degradation,Degradation,Short-Circuit,Degradation,Shadowing
2023-02-19 12:00:00+08:00,4.197550556686586e-06,0.15829575770305565,0.6189630878118023,7.909944692038091e-08,0.22273687783513835,Degradation,1,0.9999958024494433,Degradation,Degradation,Short-Circuit,Degradation,Shadowing
2023-02-19 12:15:00+08:00,3.304033472864289e-06,0.1815423172181804,0.6368444462170495,5.8411078233500075e-06,0.18160409142347383,Degradation,1,0.9999966959665272,Degradation,Degradation,Short-Circuit,Degradation,Shadowing
2023-02-19 12:30:00+08:00,2.766037217073677e-06,0.1882550550452895,0.6410943123932842,1.9255004884927797e-05,0.17062861151932426,Degradation,1,0.999997233962783,Degradation,Degradation,Short-Circuit,Degradation,Shadowing
2023-02-19 12:45:00+08:00,3.5215895122004295e-06,0.19764195570467352,0.663147005231479,0.0002235714325729268,0.13898394604176245,Degradation,1,0.9999964784104878,Degradation,Degradation,Short-Circuit,Degradation,Shadowing
2023-02-19 13:00:00+08:00,4.348200005061335e-06,0.2000642182427828,0.6755118138989069,0.0005425180326754793,0.12387710162562984,Degradation,1,0.999995651799995,Degradation,Degradation,Short-Circuit,Degradation,Shadowing
2023-02-19 13:15:00+08:00,7.188253523033339e-06,0.19885109612998036,0.6886827438560329,0.0008011288299067208,0.11165784293055703,Degradation,1,0.9999928117464769,Degradation,Degradation,Short-Circuit,Degradation,Shadowing
2023-02-19 13:30:00+08:00,1.9969177867652357e-05,0.1928045879487239,0.7130550155602707,0.0018416803506385603,0.09227874696249908,Degradation,1,0.9999800308221324,Degradation,Degradation,Short-Circuit,Degradation,Degradation
2023-02-19 13:45:00+08:00,6.06778329342153e-05,0.17934895593880062,0.7270919307145384,0.004322767556833519,0.08917566795689322,Degradation,1,0.9999393221670658,Degradation,Degradation,Short-Circuit,Degradation,Degradation
2023-02-19 14:00:00+08:00,7.19749781003241e-05,0.15711259591500898,0.7221011597975286,0.016164973024763524,0.10454929628459846,Degradation,1,0.9999280250218997,Degradation,Degradation,Short-Circuit,Degradation,Degradation
2023-02-19 14:15:00+08:00,1.5219578164620023e-06,0.002654696119577544,0.08460365833526054,0.911443211269102,0.0012969123182434226,Open-Circuit,1,0.9999984780421836,Open-Circuit,Open-Circuit,Open-Circuit,Open-Circuit,Open-Circuit
2023-02-19 14:30:00+08:00,0.00010253111605069158,0.1434546602759424,0.5022967154983535,0.07073973525148924,0.28340635785816415,Degradation,1,0.9998974688839493,Degradation,Degradation,Shadowing,Degradation,Degradation
2023-02-19 14:45:00+08:00,1.3062591894032977e-05,0.027403619535582464,0.08390186214997047,0.04519419643461349,0.8434872592879394,Shadowing,1,0.999986937408106,Shadowing,Shadowing,Shadowing,Shadowing,Shadowing
2023-02-19 15:00:00+08:00,1.4190013556262846e-07,1.796411643073752e-06,1.0359831416953417e-05,3.205097953962665e-05,0.9999556508772647,Shadowing,1,0.9999998580998645,Shadowing,Shadowing,Shadowing,Shadowing,Shadowing
2023-02-19 15:15:00+08:00,0.0001546907379298403,1.3910856474866333e-10,5.313015218684679e-11,2.3068061634626506e-10,0.9998453088391509,Shadowing,1,0.9998453092620702,Shadowing,Shadowing,Shadowing,Shadowing,Shadowing
2023-02-19 15:30:00+08:00,1.4807100209594665e-05,6.101829658716007e-09,7.674769699342344e-08,6.898120148216371e-10,0.9999851093604517,Shadowing,1,0.9999851928997904,Shadowing,Shadowing,Shadowing,Shadowing,Shadowing
2023-02-19 15:45:00+08:00,0.00028365166767492967,4.540857843306716e-10,1.2437395206379183e-08,1.6518628398858863e-09,0.9997163337889813,Shadowing,1,0.999716348332325,Shadowing,Shadowing,Shadowing,Shadowing,Shadowing
2023-02-19 16:00:00+08:00,0.06091869337296466,1.304686375415156e-10,3.546804562672352e-08,2.3519452220555944e-09,0.9390812686765759,Shadowing,1,0.9390813066270354,Shadowing,Shadowing,Shadowing,Shadowing,Shadowing
2023-02-19 16:15:00+08:00,0.0012835109530159997,2.300503987360186e-13,3.5999811494013755e-11,6.99840217713968e-11,0.9987164889407701,Shadowing,1,0.998716489046984,Shadowing,Shadowing,Shadowing,Shadowing,Shadowing
2023-02-19 16:30:00+08:00,0.7521100072504755,2.534323913263413e-10,7.569236121861354e-09,1.8530463576424502e-08,0.24788996639639232,Normal,0,0.2478899927495245,Normal,Normal,Normal,Normal,Shadowing
2023-02-19 16:45:00+08:00,0.8298948500125831,9.649968139521165e-11,4.320273404625569e-09,2.1412059832736764e-08,0.17010512415858395,Normal,0,0.17010514998741688,Normal,Normal,Normal,Normal,Normal
2023-02-19 17:00:00+08:00,0.8632716377556514,1.3564337003243222e-11,1.5943294254870887e-09,2.54491530237714e-08,0.13672833518730176,Normal,0,0.1367283622443486,Normal,Normal,Normal,Normal,Normal
2023-02-19 17:15:00+08:00,0.7665687182686881,4.153326893507142e-12,7.712198844164819e-10,5.22079151755347e-08,0.2334312287480234,Normal,0,0.2334312817313119,Normal,Normal,Normal,Normal,Normal
2023-02-19 17:30:00+08:00,0.9508883671977161,1.7091474238330597e-11,4.0009611455173046e-10,9.886613106568979e-08,0.049111533518965106,Normal,0,0.04911163280228392,Normal,Normal,Normal,Normal,Normal
2023-02-19 17:45:00+08:00,0.9985966810878596,4.140203066063353e-12,1.22399290792095e-10,1.9488709926766875e-08,0.0014032992968910215,Normal,0,0.0014033189121404055,Normal,Normal,Normal,Normal,Normal
2023-02-20 07:30:00+08:00,0.8206661572696735,9.388513775424295e-12,7.080772215535735e-10,7.41984735339755e-08,0.17933376781438728,Normal,0,0.1793338427303265,Normal,Normal,Normal,Normal,Normal
2023-02-20 07:45:00+08:00,0.7002100291536213,4.487791608192289e-12,2.062883891966467e-09,2.5355093306059948e-08,0.29978994342391374,Normal,0,0.2997899708463787,Normal,Normal,Normal,Normal,Normal
2023-02-20 08:00:00+08:00,0.5578085350760732,2.745170615688498e-12,2.0085636237584605e-09,2.6443074942664305e-08,0.44219143646954306,Normal,0,0.4421914649239268,Normal,Normal,Shadowing,Shadowing,Normal
2023-02-20 08:15:00+08:00,0.3126678709005189,1.4544924994727528e-12,2.134020033871063e-09,1.4042765861180723e-08,0.6873321129212406,Shadowing,1,0.6873321290994812,Normal,Shadowing,Shadowing,Shadowing,Shadowing
2023-02-20 08:30:00+08:00,0.5019782567943466,3.094447904901584e-11,1.1725462078855089e-08,1.128698605574282e-08,0.4980217201622608,Normal,0,0.4980217432056534,Normal,Shadowing,Shadowing,Normal,Shadowing
2023-02-20 08:45:00+08:00,0.11713828041489352,8.363825556242558e-12,2.1636145452406265e-08,1.960361096896682e-09,0.882861695980236,Shadowing,1,0.8828617195851065,Shadowing,Shadowing,Shadowing,Shadowing,Shadowing
2023-02-20 09:00:00+08:00,0.24465206976356074,6.293598631205596e-10,2.62401690411201e-07,1.2719177672511461e-09,0.7553476659334712,Shadowing,1,0.7553479302364392,Shadowing,Shadowing,Shadowing,Shadowing,Shadowing
2023-02-20 09:15:00+08:00,0.0038363462476907486,3.493912243979384e-09,1.3428567857232997e-09,4.951271902699825e-09,0.9961636439642684,Shadowing,1,0.9961636537523092,Shadowing,Shadowing,Shadowing,Shadowing,Shadowing
2023-02-20 09:30:00+08:00,0.02274944176436304,6.676206719424289e-07,4.001719982075258e-06,1.8310242460301515e-10,0.9772458887118806,Shadowing,1,0.977250558235637,Shadowing,Shadowing,Shadowing,Shadowing,Shadowing
2023-02-20 09:45:00+08:00,6.919777127323179e-05,6.317743855375764e-10,5.7166694127009977e-08,8.987303432385048e-10,0.9999307435315279,Shadowing,1,0.9999308022287268,Shadowing,Shadowing,Shadowing,Shadowing,Shadowing
2023-02-20 10:00:00+08:00,0.006089080450764551,8.744483477416845e-06,1.556394587404498e-05,3.413885009471412e-11,0.993886611085745,Shadowing,1,0.9939109195492355,Shadowing,Shadowing,Shadowing,Shadowing,Shadowing
2023-02-20 10:15:00+08:00,0.4352118259529161,1.5026005785478843e-07,1.3106587952404571e-06,4.0002948007143286e-11,0.5647867130882279,Shadowing,1,0.5647881740470839,Shadowing,Shadowing,Shadowing,Normal,Shadowing
2023-02-20 10:30:00+08:00,0.024678818608845913,3.723662578638495e-14,1.3077569637981112e-09,4.6340134554269114e-10,0.9753211796199585,Shadowing,1,0.9753211813911541,Shadowing,Shadowing,Shadowing,Shadowing,Shadowing
2023-02-20 10:45:00+08:00,0.2114541257846434,4.20038348067294e-12,1.3991143919224236e-08,2.1526717733595494e-09,0.7885458580673406,Shadowing,1,0.7885458742153566,Normal,Shadowing,Shadowing,Shadowing,Shadowing
2023-02-20 11:00:00+08:00,9.939840746409915e-07,0.0007700881223319663,3.6911462091189876e-05,5.663317780255142e-12,0.9991920064258389,Shadowing,1,0.9999990060159254,Shadowing,Shadowing,Shadowing,Shadowing,Shadowing
2023-02-20 11:15:00+08:00,0.0008131515058462865,0.11716765287729711,0.42724172267976035,1.0253935332073466e-05,0.4547672190017641,Shadowing,1,0.9991868484941537,Degradation,Shadowing,Degradation,Degradation,Shadowing
2023-02-20 11:30:00+08:00,0.00021805542180207364,0.04576326414554506,0.6767958136921532,2.1486352577193887e-09,0.27722286459186446,Degradation,1,0.9997819445781979,Degradation,Degradation,Shadowing,Degradation,Shadowing
2023-02-20 11:45:00+08:00,3.73720352301143e-05,0.16475131595610626,0.6124043906136636,1.2211538702043342e-10,0.22280692127288476,Degradation,1,0.9999626279647699,Degradation,Degradation,Short-Circuit,Degradation,Shadowing
2023-02-20 12:00:00+08:00,6.085271194379369e-05,0.06585477773370879,0.6269561111712278,3.419630541352584e-08,0.3071282241868141,Degradation,1,0.9999391472880562,Degradation,Degradation,Shadowing,Degradation,Shadowing
2023-02-20 12:15:00+08:00,0.0005813796538441331,0.11626869864459746,0.5481838881146862,3.995155678117252e-05,0.3349260820300911,Degradation,1,0.9994186203461559,Degradation,Degradation,Shadowing,Degradation,Shadowing
2023-02-20 12:30:00+08:00,0.0001436602879295663,0.08202007777194713,0.654669637475893,1.9213579660598633e-06,0.2631647031062642,Degradation,1,0.9998563397120704,Degradation,Degradation,Shadowing,Degradation,Shadowing
2023-02-20 12:45:00+08:00,3.817514562442725e-05,0.08697731874913306,0.19259204654713669,0.05624556113493303,0.6641468984231729,Shadowing,1,0.9999618248543756,Shadowing,Shadowing,Degradation,Shadowing,Shadowing
2023-02-20 13:00:00+08:00,0.0010234028588038554,0.10321549578377769,0.5490023993980124,1.7921406336442663e-06,0.34675690981877233,Degradation,1,0.9989765971411961,Degradation,Shadowing,Degradation,Degradation,Shadowing
2023-02-20 13:15:00+08:00,0.0005729218387899211,0.11326174520932697,0.609411923982584,3.277620420425482e-05,0.2767206327650949,Degradation,1,0.9994270781612101,Degradation,Degradation,Shadowing,Degradation,Shadowing
2023-02-20 13:30:00+08:00,0.0003227448960329899,0.12778804678756717,0.6203473391705772,0.0003434017928591159,0.2511984673529636,Degradation,1,0.999677255103967,Degradation,Degradation,Shadowing,Degradation,Degradation
2023-02-20 13:45:00+08:00,8.521367544842165e-05,0.09283208260117075,0.12223538364399944,0.00021134752497670026,0.7846359725544049,Shadowing,1,0.9999147863245516,Shadowing,Shadowing,Degradation,Shadowing,Shadowing
2023-02-20 14:00:00+08:00,2.633972161577342e-05,0.05246671417592076,0.17931622547205284,0.0046998471007754505,0.7634908735296351,Shadowing,1,0.9999736602783842,Shadowing,Shadowing,Degradation,Shadowing,Shadowing
2023-02-20 14:15:00+08:00,0.14226940152665646,8.939812455599393e-08,4.833981598375783e-07,3.057565722461123e-10,0.8577300253713027,Shadowing,1,0.8577305984733435,Shadowing,Shadowing,Shadowing,Shadowing,Shadowing
2023-02-20 14:30:00+08:00,0.010789348473168796,3.216658986216586e-07,3.4631163429710907e-07,4.707927872713915e-10,0.9892099830785055,Shadowing,1,0.9892106515268312,Shadowing,Shadowing,Shadowing,Shadowing,Shadowing
2023-02-20 14:45:00+08:00,5.787963037614357e-05,2.1772941098832102e-07,2.836767232922558e-07,1.588346777380858e-09,0.9999416173751428,Shadowing,1,0.9999421203696238,Shadowing,Shadowing,Shadowing,Shadowing,Shadowing
2023-02-20 15:00:00+08:00,4.545346598966531e-06,8.973772155312742e-08,1.1660636376637096e-07,9.607285074683507e-10,0.9999952473485874,Shadowing,1,0.999995454653401,Shadowing,Shadowing,Shadowing,Shadowing,Shadowing
2023-02-20 15:15:00+08:00,0.00026992614257195536,8.16853552373401e-08,1.833090547867133e-07,3.6237888344207794e-09,0.9997298052392292,Shadowing,1,0.9997300738574281,Shadowing,Shadowing,Shadowing,Shadowing,Shadowing
2023-02-20 15:30:00+08:00,0.011321098859034876,2.0248897097546536e-08,8.502785948717229e-09,7.799249858130162e-09,0.9886788645900321,Shadowing,1,0.9886789011409651,Shadowing,Shadowing,Shadowing,Shadowing,Shadowing
2023-02-20 15:45:00+08:00,0.01386426661205455,1.0708443543573201e-08,6.82472367238505e-09,7.596594715208912e-09,0.9861357082581836,Shadowing,1,0.9861357333879455,Shadowing,Shadowing,Shadowing,Shadowing,Shadowing
2023-02-20 16:00:00+08:00,0.0025554931729885495,6.921538426914935e-12,2.464891239684074e-10,9.198183693822274e-10,0.9974445056537824,Shadowing,1,0.9974445068270115,Shadowing,Shadowing,Shadowing,Shadowing,Shadowing
2023-02-20 16:15:00+08:00,0.002766113653595848,7.202424097818916e-14,3.6466753642044755e-10,1.3628852075994905e-10,0.9972338858453762,Shadowing,1,0.9972338863464042,Shadowing,Shadowing,Shadowing,Shadowing,Shadowing
2023-02-20 16:30:00+08:00,0.001149729411577512,1.1218897540638384e-14,1.3059511512920067e-10,3.60270535978216e-11,0.9988502704217892,Shadowing,1,0.9988502705884225,Shadowing,Shadowing,Shadowing,Shadowing,Shadowing
2023-02-20 16:45:00+08:00,0.49534605434356554,1.7273596248933424e-11,9.553561159349668e-09,1.2832249737632033e-08,0.5046539232533499,Shadowing,1,0.5046539456564345,Normal,Shadowing,Shadowing,Normal,Shadowing
2023-02-20 17:00:00+08:00,0.672632033711329,1.6250355823086846e-09,9.095396361315928e-09,1.5480762618264497e-08,0.3273679400874765,Normal,0,0.32736796628867104,Normal,Normal,Normal,Normal,Shadowing
2023-02-20 17:15:00+08:00,0.8309312887672788,6.200402412680878e-12,9.589860776423104e-10,4.162942525871327e-08,0.16906866863810932,Normal,0,0.16906871123272116,Normal,Normal,Normal,Normal,Normal
2023-02-20 17:30:00+08:00,0.8332546370626609,1.3474315891177603e-11,7.217545686428969e-10,8.501644276732013e-08,0.16674527718566765,Normal,0,0.1667453629373391,Normal,Normal,Normal,Normal,Normal
2023-02-20 17:45:00+08:00,0.9471583452938972,2.004820131961125e-11,4.5219118808415167e-10,9.958803633233124e-08,0.052841554645827085,Normal,0,0.0528416547061028,Normal,Normal,Normal,Normal,Normal
2023-02-21 07:30:00+08:00,0.9789587322768323,1.12566699399803e-11,2.739327732234713e-10,7.212785813322089e-08,0.021041195310120015,Normal,0,0.021041267723167723,Normal,Normal,Normal,Normal,Normal
2023-02-21 07:45:00+08:00,0.8583605009014603,2.2049871266230588e-11,7.152164444245026e-10,1.0154891366529915e-07,0.14163939681235965,Normal,0,0.14163949909853968,Normal,Normal,Normal,Normal,Normal
2023-02-21 08:00:00+08:00,0.49830456074806284,1.8798103500233085e-12,1.1950022183992451e-09,3.36122331283409e-08,0.501695404442822,Shadowing,1,0.5016954392519372,Normal,Shadowing,Shadowing,Shadowing,Shadowing
2023-02-21 08:15:00+08:00,0.09358700514414345,4.0841239130117273e-13,1.5849244767947722e-09,2.777125261457662e-09,0.9064129904933983,Shadowing,1,0.9064129948558566,Shadowing,Shadowing,Shadowing,Shadowing,Shadowing
2023-02-21 08:30:00+08:00,3.1444568256720737e-06,5.4223907788324125e-06,1.1127622601291902e-09,2.7074252850333497e-14,0.9999914320396062,Shadowing,1,0.9999968555431743,Shadowing,Shadowing,Shadowing,Shadowing,Shadowing
2023-02-21 08:45:00+08:00,0.04145703166313462,8.629595228082745e-08,1.1798440542669929e-07,7.601844159254065e-10,0.9585427632963233,Shadowing,1,0.9585429683368654,Shadowing,Shadowing,Shadowing,Shadowing,Shadowing
2023-02-21 09:00:00+08:00,0.009715330847537207,2.564742035406642e-14,2.9835601074815436e-10,1.5441335846932757e-10,0.9902846686996677,Shadowing,1,0.9902846691524628,Shadowing,Shadowing,Shadowing,Shadowing,Shadowing
2023-02-21 09:15:00+08:00,0.05132896716056527,8.61334013068637e-10,3.54151004622356e-08,8.194966582534565e-09,0.9486709883680338,Shadowing,1,0.9486710328394348,Shadowing,Shadowing,Shadowing,Shadowing,Shadowing
2023-02-21 09:30:00+08:00,0.2566231809320517,2.6183197384998718e-09,1.6544769212686365e-07,3.881873653284003e-09,0.7433766471200627,Shadowing,1,0.7433768190679483,Shadowing,Shadowing,Shadowing,Shadowing,Shadowing
2023-02-21 09:45:00+08:00,0.07371505796540348,1.8061854570298431e-06,3.2660723020906372e-06,1.1644947188066325e-10,0.926279869660388,Shadowing,1,0.9262849420345965,Shadowing,Shadowing,Shadowing,Shadowing,Shadowing
2023-02-21 10:00:00+08:00,4.574411538084117e-06,1.6900769313421067e-05,8.255407346929699e-06,7.423617416087454e-12,0.9999702694043779,Shadowing,1,0.9999954255884619,Shadowing,Shadowing,Shadowing,Shadowing,Shadowing
2023-02-21 10:15:00+08:00,1.385074274862852e-06,0.00012751838307576536,1.4865391109992394e-05,8.962179681030544e-12,0.9998562311425774,Shadowing,1,0.9999986149257252,Shadowing,Shadowing,Shadowing,Shadowing,Shadowing
2023-02-21 10:30:00+08:00,4.746299600971215e-05,2.0273171961526516e-06,1.2394500132520984e-06,2.8058758002297715e-11,0.9999492702087223,Shadowing,1,0.9999525370039903,Shadowing,Shadowing,Shadowing,Shadowing,Shadowing
2023-02-21 10:45:00+08:00,8.070106481610354e-06,0.020766109229198398,0.005095390297734203,1.4821849050387658e-08,0.9741304155447368,Shadowing,1,0.9999919298935184,Shadowing,Shadowing,Shadowing,Shadowing,Shadowing
2023-02-21 11:00:00+08:00,1.0622894875508645e-05,0.022929272770133673,0.0007941875355739732,1.8381671359086473e-10,0.9762659166156002,Shadowing,1,0.9999893771051245,Shadowing,Shadowing,Shadowing,Shadowing,Shadowing
2023-02-21 11:15:00+08:00,0.0003463345355076646,0.20816783730559854,0.49583560066987564,9.878565868411505e-11,0.2956502273902325,Degradation,1,0.9996536654644923,Degradation,Degradation,Short-Circuit,Degradation,Shadowing
2023-02-21 11:30:00+08:00,0.0003142964278784582,0.1308968051868567,0.5469313301784533,1.4987081874290346e-10,0.32185756805694077,Degradation,1,0.9996857035721215,Degradation,Degradation,Short-Circuit,Degradation,Shadowing
2023-02-21 11:45:00+08:00,2.971923158606175e-05,0.17958430607381934,0.6095717106887781,4.772605075210999e-11,0.21081426395809041,Degradation,1,0.999970280768414,Degradation,Degradation,Short-Circuit,Degradation,Shadowing
2023-02-21 12:00:00+08:00,1.475938613544974e-05,0.19436346371736962,0.6055582279823126,1.3263403078905275e-11,0.20006354890091896,Degradation,1,0.9999852406138645,Degradation,Degradation,Short-Circuit,Degradation,Shadowing
2023-02-21 12:15:00+08:00,4.793033688081946e-05,0.08230468831682632,0.6218298534153711,6.91565013399504e-09,0.29581752101527153,Degradation,1,0.9999520696631192,Degradation,Degradation,Shadowing,Degradation,Shadowing
2023-02-21 12:30:00+08:00,4.0504320949521595e-05,0.09982090885654217,0.6185998035111102,3.869566421571081e-09,0.28153877944183164,Degradation,1,0.9999594956790505,Degradation,Degradation,Shadowing,Degradation,Shadowing
2023-02-21 12:45:00+08:00,3.21917088676079e-05,0.08705776581948559,0.6261156296250221,6.485605260986091e-08,0.2867943479905722,Degradation,1,0.9999678082911324,Degradation,Degradation,Shadowing,Degradation,Shadowing
2023-02-21 13:00:00+08:00,4.597403068007208e-05,0.10508800596671755,0.6473886376179302,1.102439997998331e-06,0.2474762799446742,Degradation,1,0.9999540259693199,Degradation,Degradation,Shadowing,Degradation,Shadowing
2023-02-21 13:15:00+08:00,6.657942289268581e-05,0.10531365537646409,0.6594780021254264,3.6887691393607426e-06,0.23513807430607744,Degradation,1,0.9999334205771073,Degradation,Degradation,Shadowing,Degradation,Shadowing
2023-02-21 13:30:00+08:00,0.0001423122110301204,0.10319842563167816,0.6795377768150562,1.907718889982615e-05,0.21710240815333562,Degradation,1,0.9998576877889699,Degradation,Degradation,Shadowing,Degradation,Shadowing
2023-02-21 13:45:00+08:00,0.0003139703968863666,0.11718835117487189,0.6787883054416999,0.00010742428565219337,0.2036019487008897,Degradation,1,0.9996860296031136,Degradation,Degradation,Shadowing,Degradation,Degradation
2023-02-21 14:00:00+08:00,0.0002982291723207666,0.1330947401087469,0.5726276215591948,0.0005945416035051658,0.29338486755623244,Degradation,1,0.9997017708276792,Degradation,Degradation,Shadowing,Degradation,Degradation
2023-02-21 14:15:00+08:00,0.00018886788980903863,0.11581995430620735,0.289263655637048,0.002163286444996558,0.5925642357219391,Shadowing,1,0.999811132110191,Shadowing,Shadowing,Degradation,Shadowing,Shadowing
2023-02-21 14:30:00+08:00,1.6883401109897105e-05,0.0326336741727289,0.12087772363144908,0.001952516723602302,0.8445192020711099,Shadowing,1,0.99998311659889,Shadowing,Shadowing,Degradation,Shadowing,Shadowing
2023-02-21 14:45:00+08:00,3.998657553594009e-06,0.002951425723981133,0.0006620942829002936,0.00021832823535268791,0.9961641531002122,Shadowing,1,0.9999960013424464,Shadowing,Shadowing,Shadowing,Shadowing,Shadowing
2023-02-21 15:00:00+08:00,3.927651980157531e-06,2.6071781634104478e-05,1.8069895026791436e-05,2.4374427734651773e-08,0.9999519062969313,Shadowing,1,0.9999960723480198,Shadowing,Shadowing,Shadowing,Shadowing,Shadowing
2023-02-21 15:15:00+08:00,2.7576775057582752e-06,1.9418235780850887e-07,2.965234734503395e-07,8.534169174724126e-10,0.999996750763246,Shadowing,1,0.9999972423224942,Shadowing,Shadowing,Shadowing,Shadowing,Shadowing
2023-02-21 15:30:00+08:00,0.00032573338408967807,4.25169768849309e-08,1.3777600733095645e-07,4.183463803828388e-09,0.9996740821394623,Shadowing,1,0.9996742666159103,Shadowing,Shadowing,Shadowing,Shadowing,Shadowing
2023-02-21 15:45:00+08:00,0.0008011303345839089,1.0826345400715635e-08,3.574087341047134e-08,6.444680162411564e-09,0.9991988166535171,Shadowing,1,0.999198869665416,Shadowing,Shadowing,Shadowing,Shadowing,Shadowing
2023-02-21 16:00:00+08:00,0.00208783586546635,6.694741556435683e-10,8.628774456526037e-10,1.6602870883704882e-09,0.997912160941895,Shadowing,1,0.9979121641345337,Shadowing,Shadowing,Shadowing,Shadowing,Shadowing
2023-02-21 16:15:00+08:00,0.004018941810033836,6.895257571339595e-12,4.927527288488888e-10,1.3657658705873625e-09,0.9959810563245522,Shadowing,1,0.9959810581899662,Shadowing,Shadowing,Shadowing,Shadowing,Shadowing
2023-02-21 16:30:00+08:00,0.0014223350898797847,4.175738942289207e-13,2.052105215080553e-11,1.2444511093821203e-10,0.9985776647647366,Shadowing,1,0.9985776649101202,Shadowing,Shadowing,Shadowing,Shadowing,Shadowing
2023-02-21 16:45:00+08:00,0.24607093176458505,2.2562109108948102e-12,4.717748589362322e-09,5.682887596946143e-09,0.7539290578325224,Shadowing,1,0.753929068235415,Normal,Shadowing,Shadowing,Shadowing,Shadowing
2023-02-21 17:00:00+08:00,0.8164321469077158,3.8374083221878246e-11,3.545768224493259e-09,2.2243820914753426e-08,0.18356782726432094,Normal,0,0.18356785309228418,Normal,Normal,Normal,Normal,Normal
2023-02-21 17:15:00+08:00,0.8509844205526201,8.389301257683081e-12,1.1569499562587786e-09,3.4424215350203115e-08,0.14901554385782526,Normal,0,0.14901557944737986,Normal,Normal,Normal,Normal,Normal
2023-02-21 17:30:00+08:00,0.8470591197489645,1.3701626731002748e-11,8.042425058970822e-10,7.397151752831284e-08,0.1529408054615738,Normal,0,0.15294088025103547,Normal,Normal,Normal,Normal,Normal
2023-02-21 17:45:00+08:00,0.9746334732926007,1.6513422458321346e-11,3.6653852925915567e-10,7.792317779613435e-08,0.025366448401169483,Normal,0,0.02536652670739925,Normal,Normal,Normal,Normal,Normal
2023-02-22 07:30:00+08:00,0.31940724271641363,1.064224322522569e-12,9.754505281065915e-10,2.6286542048907115e-08,0.6805927300205296,Shadowing,1,0.6805927572835864,Normal,Shadowing,Shadowing,Shadowing,Shadowing
2023-02-22 07:45:00+08:00,0.019625167653124016,3.996193354878544e-14,3.5208182256320264e-10,4.193993698185174e-10,0.9803748315753549,Shadowing,1,0.980374832346876,Shadowing,Shadowing,Shadowing,Shadowing,Shadowing
2023-02-22 08:00:00+08:00,0.0037817273587593186,1.276072024022389e-14,1.5642274136131576e-10,7.513767350116333e-11,0.9962182724096674,Shadowing,1,0.9962182726412406,Shadowing,Shadowing,Shadowing,Shadowing,Shadowing
2023-02-22 08:15:00+08:00,0.017231639826492444,5.340226516864778e-14,1.3277308670100805e-09,4.2832335476961374e-10,0.9827683584173998,Shadowing,1,0.9827683601735075,Shadowing,Shadowing,Shadowing,Shadowing,Shadowing
2023-02-22 08:30:00+08:00,0.011000807146292374,7.910911746683451e-12,1.5006289082399078e-09,2.3797790624046535e-09,0.9889991889653889,Shadowing,1,0.9889991928537076,Shadowing,Shadowing,Shadowing,Shadowing,Shadowing
2023-02-22 08:45:00+08:00,0.007048447226651984,2.2794129896584683e-09,4.029030858050854e-09,2.214395630348517e-09,0.9929515442505086,Shadowing,1,0.992951552773348,Shadowing,Shadowing,Shadowing,Shadowing,Shadowing
2023-02-22 09:00:00+08:00,0.013186759185683272,9.680304969522056e-08,2.864958147871392e-08,5.945734248360233e-09,0.9868131094159514,Shadowing,1,0.9868132408143168,Shadowing,Shadowing,Shadowing,Shadowing,Shadowing
2023-02-22 09:15:00+08:00,0.005763319791393264,3.087156133987051e-07,6.340090103187952e-07,4.214696081272659e-10,0.9942357370625133,Shadowing,1,0.9942366802086068,Shadowing,Shadowing,Shadowing,Shadowing,Shadowing
2023-02-22 09:30:00+08:00,0.001002916955392982,3.152610652343377e-06,4.535807544778316e-06,4.6795268128110196e-11,0.9989893945796148,Shadowing,1,0.998997083044607,Shadowing,Shadowing,Shadowing,Shadowing,Shadowing
2023-02-22 09:45:00+08:00,1.6958118661125016e-05,9.537149569036705e-05,1.6960363896668082e-05,1.506573181539162e-12,0.9998707100202452,Shadowing,1,0.9999830418813389,Shadowing,Shadowing,Shadowing,Shadowing,Shadowing
2023-02-22 10:00:00+08:00,4.492612151470972e-06,0.004896063813135709,0.00023363225994158776,1.7565654871429492e-13,0.9948658113145955,Shadowing,1,0.9999955073878485,Shadowing,Shadowing,Shadowing,Shadowing,Shadowing
2023-02-22 10:15:00+08:00,4.233109536205618e-05,0.10709769576867682,0.004521388980107008,8.271275431400984e-09,0.8883385758845787,Shadowing,1,0.999957668904638,Shadowing,Shadowing,Shadowing,Shadowing,Shadowing
2023-02-22 10:30:00+08:00,0.0002929132504244633,0.7771192623589913,0.06565183282898743,1.2019456445758556e-10,0.15693599144140224,Short-Circuit,1,0.9997070867495755,Short-Circuit,Shadowing,Short-Circuit,Short-Circuit,Short-Circuit
2023-02-22 10:45:00+08:00,0.00029799832275499043,0.48570568950227366,0.4364799835019726,8.323133019180418e-12,0.07751632866467546,Short-Circuit,1,0.999702001677245,Degradation,Degradation,Short-Circuit,Degradation,Short-Circuit
2023-02-22 11:00:00+08:00,0.00011658454017486582,0.23345203570017364,0.6142373359847396,2.9059406430926958e-12,0.152194043772006,Degradation,1,0.9998834154598252,Degradation,Degradation,Short-Circuit,Degradation,Shadowing
2023-02-22 11:15:00+08:00,4.538493980968816e-05,0.2058480700643893,0.609132544625247,9.558185908584323e-13,0.1849740003695982,Degradation,1,0.9999546150601903,Degradation,Degradation,Short-Circuit,Degradation,Shadowing
2023-02-22 11:30:00+08:00,2.1955175254032006e-05,0.20168046893018668,0.6049242094770562,3.5017766682153407e-13,0.19337336641715294,Degradation,1,0.999978044824746,Degradation,Degradation,Short-Circuit,Degradation,Shadowing
2023-02-22 11:45:00+08:00,1.4859178446569986e-05,0.19373415960993495,0.6057014390369961,1.599945976932562e-11,0.20054954215862292,Degradation,1,0.9999851408215534,Degradation,Degradation,Short-Circuit,Degradation,Shadowing
2023-02-22 12:00:00+08:00,1.4363120103809332e-05,0.1637785622467611,0.6080791275088187,5.720898461681924e-10,0.22812794655222665,Degradation,1,0.9999856368798962,Degradation,Degradation,Short-Circuit,Degradation,Shadowing
2023-02-22 12:15:00+08:00,1.6109138448504845e-05,0.1079421686253127,0.6214585911413384,3.428070436739768e-08,0.2705830968141961,Degradation,1,0.9999838908615515,Degradation,Degradation,Short-Circuit,Degradation,Shadowing
2023-02-22 12:30:00+08:00,1.648462190979719e-05,0.11129902107377457,0.6235676051984764,5.24593386082173e-08,0.26511683664650065,Degradation,1,0.9999835153780902,Degradation,Degradation,Short-Circuit,Degradation,Shadowing
2023-02-22 12:45:00+08:00,1.7592881957271653e-05,0.1294491116173767,0.6358871583917698,4.1335255859004876e-07,0.23464572375633766,Degradation,1,0.9999824071180428,Degradation,Degradation,Short-Circuit,Degradation,Shadowing
2023-02-22 13:00:00+08:00,2.203541658602275e-05,0.1391044114029089,0.6505075718417268,2.338932209971717e-06,0.21036364240656819,Degradation,1,0.9999779645834139,Degradation,Degradation,Short-Circuit,Degradation,Shadowing
2023-02-22 13:15:00+08:00,3.518956704233395e-05,0.13530882186084886,0.6635904347756363,7.007095353990528e-06,0.20105854670111864,Degradation,1,0.9999648104329577,Degradation,Degradation,Short-Circuit,Degradation,Shadowing
2023-02-22 13:30:00+08:00,6.486918244430358e-05,0.13528552630756135,0.6859830750192673,3.664907435285633e-05,0.1786298804163743,Degradation,1,0.9999351308175557,Degradation,Degradation,Short-Circuit,Degradation,Shadowing
2023-02-22 13:45:00+08:00,0.00014998656787729704,0.13003874885838848,0.7017426632498285,0.0001730925300227161,0.16789550879388304,Degradation,1,0.9998500134321227,Degradation,Degradation,Shadowing,Degradation,Degradation
2023-02-22 14:00:00+08:00,0.00020090148233313965,0.1304363388826758,0.6856849469994731,0.0007833670913571448,0.18289444554416073,Degradation,1,0.9997990985176669,Degradation,Degradation,Shadowing,Degradation,Degradation
2023-02-22 14:15:00+08:00,0.00019924471452031117,0.1438451541060444,0.5108117276137479,0.004455274331281516,0.34068859923440586,Degradation,1,0.9998007552854797,Degradation,Degradation,Shadowing,Degradation,Degradation
2023-02-22 14:30:00+08:00,5.566923248721931e-05,0.09578497663304315,0.20634815157091713,0.030093618466411832,0.6677175840971407,Shadowing,1,0.9999443307675128,Shadowing,Shadowing,Degradation,Shadowing,Shadowing
2023-02-22 14:45:00+08:00,8.332495499562927e-06,0.015262805268263022,0.019523976309267242,0.012571804738656048,0.952633081188314,Shadowing,1,0.9999916675045004,Shadowing,Shadowing,Shadowing,Shadowing,Shadowing
2023-02-22 15:00:00+08:00,2.583018655635835e-06,0.0003843523050473875,0.00017198672259014598,3.895467669023806e-06,0.9994371824860379,Shadowing,1,0.9999974169813444,Shadowing,Shadowing,Shadowing,Shadowing,Shadowing
2023-02-22 15:15:00+08:00,1.1843047928861968e-06,5.286984341994813e-07,2.3401550834282644e-06,8.545636673695113e-09,0.9999959382960528,Shadowing,1,0.9999988156952071,Shadowing,Shadowing,Shadowing,Shadowing,Shadowing
2023-02-22 15:30:00+08:00,8.45992704184886e-06,1.607843188944964e-08,6.501052306154859e-08,8.012250420956648e-10,0.9999914581827781,Shadowing,1,0.9999915400729581,Shadowing,Shadowing,Shadowing,Shadowing,Shadowing
2023-02-22 15:45:00+08:00,0.00020503946787749894,2.7230314314226404e-09,3.73267618409185e-08,2.9231139536584874e-09,0.9997949175592152,Shadowing,1,0.9997949605321225,Shadowing,Shadowing,Shadowing,Shadowing,Shadowing
2023-02-22 16:00:00+08:00,0.0006472100627287492,1.7579468796419889e-09,9.984096385692973e-09,3.2049941603826827e-09,0.9993527749902338,Shadowing,1,0.9993527899372713,Shadowing,Shadowing,Shadowing,Shadowing,Shadowing
2023-02-22 16:15:00+08:00,0.0005509184075727986,1.875290653200125e-10,1.5344105638701628e-10,1.2079649453191669e-09,0.9994490800434921,Shadowing,1,0.9994490815924272,Shadowing,Shadowing,Shadowing,Shadowing,Shadowing
2023-02-22 16:30:00+08:00,0.0017173822377311069,4.376676945906151e-12,9.506403681699879e-11,3.780834325058701e-10,0.9982826172847448,Shadowing,1,0.9982826177622689,Shadowing,Shadowing,Shadowing,Shadowing,Shadowing
2023-02-22 16:45:00+08:00,0.412807451221502,1.4001509434268614e-11,1.053185649076271e-08,8.387133904096892e-09,0.5871925298455061,Shadowing,1,0.587192548778498,Normal,Shadowing,Shadowing,Shadowing,Shadowing
2023-02-22 17:00:00+08:00,0.00017084651861071757,1.740645218980913e-06,2.8576065338139822e-08,9.03414558099323e-12,0.999827384251071,Shadowing,1,0.9998291534813892,Shadowing,Shadowing,Shadowing,Shadowing,Shadowing
2023-02-22 17:15:00+08:00,0.858675939635749,1.336106068004243e-11,8.891370645505747e-10,6.223662235897104e-08,0.1413239972251305,Normal,0,0.14132406036425105,Normal,Normal,Normal,Normal,Normal
2023-02-22 17:30:00+08:00,0.863082724932909,2.2534060790899485e-11,7.138606894947299e-10,1.012128663009701e-07,0.1369171731178299,Normal,0,0.13691727506709095,Normal,Normal,Normal,Normal,Normal
2023-02-22 17:45:00+08:00,0.9709615015925646,1.9697494404509248e-11,4.185383373338604e-10,8.219140706027642e-08,0.029038415777792436,Normal,0,0.029038498407435442,Normal,Normal,Normal,Normal,Normal
2023-02-23 07:30:00+08:00,0.6979707275092335,3.1084900417739015e-12,9.2284199498755e-10,4.540547736071274e-08,0.3020292261593386,Normal,0,0.3020292724907665,Normal,Normal,Normal,Normal,Normal
2023-02-23 07:45:00+08:00,0.7679134740712676,1.1521294523834321e-10,6.273566071751536e-09,1.9795052541947958e-08,0.2320864997449008,Normal,0,0.23208652592873236,Normal,Normal,Normal,Normal,Shadowing
2023-02-23 08:00:00+08:00,0.008868835980926141,5.3128420792988216e-14,6.01923901589384e-10,1.6756718865357484e-10,0.9911311632495297,Shadowing,1,0.9911311640190739,Shadowing,Shadowing,Shadowing,Shadowing,Shadowing
2023-02-23 08:15:00+08:00,0.06956376007117557,2.362202950829279e-12,1.5031726221052032e-08,7.639793925306285e-10,0.9304362241307566,Shadowing,1,0.9304362399288244,Shadowing,Shadowing,Shadowing,Shadowing,Shadowing
2023-02-23 08:30:00+08:00,0.01955123462341172,4.086345598396421e-12,2.115909289140542e-09,3.877580588367561e-09,0.9804487593790121,Shadowing,1,0.9804487653765883,Shadowing,Shadowing,Shadowing,Shadowing,Shadowing
2023-02-23 08:45:00+08:00,0.010107938691640079,4.5430824988048395e-10,4.878085679098737e-09,1.0366883667212e-09,0.9898920549392776,Shadowing,1,0.9898920613083599,Shadowing,Shadowing,Shadowing,Shadowing,Shadowing
2023-02-23 09:00:00+08:00,0.02202728547532658,3.317188741855246e-08,2.2182456715855267e-08,8.927020417823907e-09,0.9779726502433089,Shadowing,1,0.9779727145246734,Shadowing,Shadowing,Shadowing,Shadowing,Shadowing
2023-02-23 09:15:00+08:00,0.00825783940619138,2.9894707934203143e-07,1.7824748362738574e-07,9.253753352456418e-10,0.9917416824738703,Shadowing,1,0.9917421605938086,Shadowing,Shadowing,Shadowing,Shadowing,Shadowing
2023-02-23 09:30:00+08:00,0.0018329723635165326,6.39635624629383e-07,1.533727194821336e-06,1.3392242876707529e-10,0.9981648541397415,Shadowing,1,0.9981670276364835,Shadowing,Shadowing,Shadowing,Shadowing,Shadowing
2023-02-23 09:45:00+08:00,8.514321926645086e-06,7.66906048089204e-06,5.628306979916685e-06,9.231186818645296e-12,0.9999781883013815,Shadowing,1,0.9999914856780734,Shadowing,Shadowing,Shadowing,Shadowing,Shadowing
2023-02-23 10:00:00+08:00,1.3283299173782805e-06,0.001975470970348332,7.769318054593309e-05,3.629364335281574e-13,0.9979455075188255,Shadowing,1,0.9999986716700826,Shadowing,Shadowing,Shadowing,Shadowing,Shadowing
2023-02-23 10:15:00+08:00,3.2130978781088335e-06,0.01157579599207811,0.0008570887862460579,2.9463459050666815e-10,0.9875639018291631,Shadowing,1,0.9999967869021219,Shadowing,Shadowing,Shadowing,Shadowing,Shadowing
2023-02-23 10:30:00+08:00,0.00010067537370705146,0.19965708143839125,0.023621700517505055,1.2263908652827778e-08,0.7766205304064879,Shadowing,1,0.9998993246262929,Shadowing,Shadowing,Shadowing,Shadowing,Shadowing
2023-02-23 10:45:00+08:00,0.0003861244967771048,0.15108734372427593,0.3265462013902376,5.740962905052315e-10,0.5219803298146131,Shadowing,1,0.9996138755032229,Shadowing,Shadowing,Shadowing,Degradation,Shadowing
2023-02-23 11:00:00+08:00,0.000300152354651771,0.08820443185421094,0.6246022536230481,1.7034035340251303e-10,0.2868931619977487,Degradation,1,0.9996998476453482,Degradation,Degradation,Shadowing,Degradation,Shadowing
2023-02-23 11:15:00+08:00,0.00016344483344517193,0.11500448336525063,0.6356405921838723,7.596797923410828e-11,0.24919147954146403,Degradation,1,0.9998365551665548,Degradation,Degradation,Short-Circuit,Degradation,Shadowing
2023-02-23 11:30:00+08:00,7.296201510087134e-05,0.16939082033567474,0.6138438413316193,1.6861478633661512e-11,0.21669237630074348,Degradation,1,0.9999270379848991,Degradation,Degradation,Short-Circuit,Degradation,Shadowing
2023-02-23 11:45:00+08:00,3.959529521528408e-05,0.17113482260467303,0.6117945814664878,5.7676584335477464e-11,0.21703100057594735,Degradation,1,0.9999604047047848,Degradation,Degradation,Short-Circuit,Degradation,Shadowing
2023-02-23 12:00:00+08:00,2.6030098553167783e-05,0.15645726334402357,0.6114063162548031,4.664612740864414e-10,0.2321103898361589,Degradation,1,0.9999739699014468,Degradation,Degradation,Short-Circuit,Degradation,Shadowing
2023-02-23 12:15:00+08:00,3.114752610805035e-05,0.08514726037681626,0.6247840199725869,5.1347429348906904e-08,0.2900375207770594,Degradation,1,0.999968852473892,Degradation,Degradation,Shadowing,Degradation,Shadowing
2023-02-23 12:30:00+08:00,3.0112737278976442e-05,0.09157835131068606,0.6266417576586845,7.243046163656082e-08,0.2817497058628889,Degradation,1,0.9999698872627211,Degradation,Degradation,Shadowing,Degradation,Shadowing
2023-02-23 12:45:00+08:00,3.2140165563283034e-05,0.11221431312715655,0.6415922811944653,6.272073240768625e-07,0.24616063830549084,Degradation,1,0.9999678598344367,Degradation,Degradation,Short-Circuit,Degradation,Shadowing
2023-02-23 13:00:00+08:00,4.3377380171466846e-05,0.13104403835333706,0.6672715894853065,8.95078265876116e-06,0.20163204399852627,Degradation,1,0.9999566226198285,Degradation,Degradation,Short-Circuit,Degradation,Shadowing
2023-02-23 13:15:00+08:00,7.18263460098956e-05,0.12958477203429106,0.68422182164079,2.9928644616802837e-05,0.186091651334292,Degradation,1,0.9999281736539901,Degradation,Degradation,Short-Circuit,Degradation,Shadowing
2023-02-23 13:30:00+08:00,0.0001390881419403868,0.1250166727991316,0.6977666414656525,0.00010305994261940303,0.17697453765065616,Degradation,1,0.9998609118580596,Degradation,Degradation,Shadowing,Degradation,Degradation
2023-02-23 13:45:00+08:00,0.000193111849173981,0.1290077881435741,0.6987697243683393,0.0004398033749856851,0.1715895722639269,Degradation,1,0.999806888150826,Degradation,Degradation,Shadowing,Degradation,Degradation
2023-02-23 14:00:00+08:00,0.00019194421572152348,0.13404300556636886,0.6473707732523077,0.001994676208374082,0.2163996007572279,Degradation,1,0.9998080557842784,Degradation,Degradation,Shadowing,Degradation,Degradation
2023-02-23 14:15:00+08:00,0.0001730167827554124,0.1446357660797901,0.397153699752291,0.009778692326552188,0.44825882505861137,Shadowing,1,0.9998269832172446,Degradation,Shadowing,Shadowing,Degradation,Shadowing
2023-02-23 14:30:00+08:00,2.81441926528418e-05,0.07695523881335656,0.17784586697303184,0.08058927583035023,0.6645814741906085,Shadowing,1,0.9999718558073472,Shadowing,Shadowing,Degradation,Shadowing,Shadowing
2023-02-23 14:45:00+08:00,6.932157616234785e-06,0.008763006818852188,0.006197051704379895,0.02644340544408354,0.9585896038750681,Shadowing,1,0.9999930678423837,Shadowing,Shadowing,Shadowing,Shadowing,Shadowing
2023-02-23 15:00:00+08:00,3.021993448062968e-06,0.0002700237643366723,0.00012089790582155881,9.735224301113773e-07,0.9996050828139635,Shadowing,1,0.999996978006552,Shadowing,Shadowing,Shadowing,Shadowing,Shadowing
2023-02-23 15:15:00+08:00,8.396068390654258e-07,1.5601793115169855e-07,1.5084765242332502e-06,4.082101315071755e-09,0.9999974918166042,Shadowing,1,0.999999160393161,Shadowing,Shadowing,Shadowing,Shadowing,Shadowing
2023-02-23 15:30:00+08:00,3.0325854582714037e-05,1.5764726073094087e-08,1.4337893003481148e-07,9.171017604937687e-10,0.9999695140846594,Shadowing,1,0.9999696741454173,Shadowing,Shadowing,Shadowing,Shadowing,Shadowing
2023-02-23 15:45:00+08:00,0.0002696210721757314,3.0024509597167385e-09,3.521236639545431e-08,3.197902153871352e-09,0.9997303375151049,Shadowing,1,0.9997303789278242,Shadowing,Shadowing,Shadowing,Shadowing,Shadowing
2023-02-23 16:00:00+08:00,0.0006940688096374889,1.7003190208987943e-09,4.2760259817883075e-09,3.1804336309048336e-09,0.9993059220335839,Shadowing,1,0.9993059311903625,Shadowing,Shadowing,Shadowing,Shadowing,Shadowing
2023-02-23 16:15:00+08:00,0.0005573390301794757,1.4176422747402841e-10,1.3515479338957285e-10,1.3115838105224691e-09,0.9994426593813177,Shadowing,1,0.9994426609698205,Shadowing,Shadowing,Shadowing,Shadowing,Shadowing
2023-02-23 16:30:00+08:00,0.0017316080214926644,3.5855402124940193e-12,8.945128405411303e-11,3.3848161863230993e-10,0.998268391546989,Shadowing,1,0.9982683919785074,Shadowing,Shadowing,Shadowing,Shadowing,Shadowing
2023-02-23 16:45:00+08:00,0.15239217047029113,1.1703604954602569e-12,5.909813195457266e-09,1.2315711589792553e-09,0.8476078223871543,Shadowing,1,0.8476078295297089,Normal,Shadowing,Shadowing,Shadowing,Shadowing
2023-02-23 17:00:00+08:00,4.158663785255328e-06,5.98583640281012e-06,1.2650750222517644e-09,3.386181840845506e-14,0.9999898542347031,Shadowing,1,0.9999958413362148,Shadowing,Shadowing,Shadowing,Shadowing,Shadowing
2023-02-23 17:15:00+08:00,0.856318993247173,1.3206570519732124e-11,8.7205469226328e-10,6.390288510934545e-08,0.1436809419646807,Normal,0,0.14368100675282702,Normal,Normal,Normal,Normal,Normal
2023-02-23 17:30:00+08:00,0.8612825637745258,2.2765286072670365e-11,7.226950807492185e-10,1.0102981357832136e-07,0.13871733445020037,Normal,0,0.13871743622547417,Normal,Normal,Normal,Normal,Normal
2023-02-23 17:45:00+08:00,0.9721228171537408,1.9734004205180248e-11,4.178011785348879e-10,8.089852181386855e-08,0.02787710151020207,Normal,0,0.027877182846259174,Normal,Normal,Normal,Normal,Normal
2023-02-24 07:30:00+08:00,0.6478369862905823,2.7120367808035912e-12,1.0681488358527677e-09,3.960212506134054e-08,0.3521629730364318,Normal,0,0.3521630137094177,Normal,Normal,Normal,Shadowing,Normal
2023-02-24 07:45:00+08:00,0.12459521448528998,4.752602499892574e-13,1.458024441712918e-09,4.234718729216569e-09,0.8754047798214917,Shadowing,1,0.87540478551471,Shadowing,Shadowing,Shadowing,Shadowing,Shadowing
2023-02-24 08:00:00+08:00,0.02725906403640315,1.2711244596652037e-13,1.3683395898860038e-09,4.054398592975866e-10,0.9727409341896902,Shadowing,1,0.9727409359635969,Shadowing,Shadowing,Shadowing,Shadowing,Shadowing
2023-02-24 08:15:00+08:00,0.011697678803634613,4.573916437670452e-14,7.440640416234404e-10,4.151694101831962e-10,0.9883023200370863,Shadowing,1,0.9883023211963654,Shadowing,Shadowing,Shadowing,Shadowing,Shadowing
2023-02-24 08:30:00+08:00,0.07499898400263638,4.838849651543131e-13,4.569098894526251e-09,4.6329067285829374e-09,0.9250010067948742,Shadowing,1,0.9250010159973636,Shadowing,Shadowing,Shadowing,Shadowing,Shadowing
2023-02-24 08:45:00+08:00,0.587626460652709,3.5650053193920274e-12,4.193727128738616e-08,9.265023640568492e-09,0.41237348814143104,Normal,0,0.41237353934729104,Shadowing,Shadowing,Normal,Normal,Normal
2023-02-24 09:00:00+08:00,0.020179782412197218,7.696859115307966e-09,1.358931005254408e-08,6.993552388825668e-09,0.9798201893080813,Shadowing,1,0.9798202175878028,Shadowing,Shadowing,Shadowing,Shadowing,Shadowing
2023-02-24 09:15:00+08:00,0.021159086461521974,1.0697493897512454e-07,5.570166625407058e-08,2.6184097868130625e-09,0.9788407482434629,Shadowing,1,0.978840913538478,Shadowing,Shadowing,Shadowing,Shadowing,Shadowing
2023-02-24 09:30:00+08:00,0.005064088872051734,3.154932934697092e-07,6.989224648599815e-07,3.671135988022965e-10,0.9949348963450764,Shadowing,1,0.9949359111279482,Shadowing,Shadowing,Shadowing,Shadowing,Shadowing
2023-02-24 09:45:00+08:00,0.000356224499487631,1.3655415620349703e-06,2.533636755455304e-06,6.165480544327432e-11,0.9996398762605401,Shadowing,1,0.9996437755005124,Shadowing,Shadowing,Shadowing,Shadowing,Shadowing
2023-02-24 10:00:00+08:00,8.626804268726201e-06,1.5226832423389052e-05,6.997688790087291e-06,4.617865072358144e-12,0.9999691486698998,Shadowing,1,0.9999913731957313,Shadowing,Shadowing,Shadowing,Shadowing,Shadowing
2023-02-24 10:15:00+08:00,9.214539873612375e-07,0.002069588832042109,8.762862748579743e-05,4.914582233818517e-13,0.9978418610859933,Shadowing,1,0.9999990785460127,Shadowing,Shadowing,Shadowing,Shadowing,Shadowing
2023-02-24 10:30:00+08:00,4.63299624715886e-06,0.016795669519635476,0.0019404319826980486,2.4082336463743065e-09,0.9812592630931858,Shadowing,1,0.9999953670037528,Shadowing,Shadowing,Shadowing,Shadowing,Shadowing
2023-02-24 10:45:00+08:00,0.00010548777950663253,0.14247714329783956,0.030242805795057913,1.1603444897262444e-07,0.827174447093147,Shadowing,1,0.9998945122204934,Shadowing,Shadowing,Shadowing,Shadowing,Shadowing
2023-02-24 11:00:00+08:00,0.0008531351911136758,0.0964697953367315,0.2696000790283946,2.583137334897891e-08,0.6330769646123868,Shadowing,1,0.9991468648088864,Shadowing,Shadowing,Shadowing,Shadowing,Shadowing
2023-02-24 11:15:00+08:00,0.0006577439466052129,0.05824252021032154,0.5993386972169473,7.681099956781492e-09,0.34176103094502613,Degradation,1,0.9993422560533948,Degradation,Degradation,Degradation,Degradation,Shadowing
2023-02-24 11:30:00+08:00,0.00030281141826834357,0.042046561191018184,0.6900751606694117,1.7986457119140785e-09,0.26757546492265605,Degradation,1,0.9996971885817316,Degradation,Degradation,Shadowing,Degradation,Shadowing
2023-02-24 11:45:00+08:00,0.00015413865281040614,0.05947774400504251,0.656928626367257,1.5838111629835837e-09,0.28343948939107905,Degradation,1,0.9998458613471896,Degradation,Degradation,Shadowing,Degradation,Shadowing
2023-02-24 12:00:00+08:00,0.00012477274564833105,0.05255631833558474,0.6502954342272194,5.224074573270009e-09,0.297023469467473,Degradation,1,0.9998752272543516,Degradation,Degradation,Shadowing,Degradation,Shadowing
2023-02-24 12:15:00+08:00,0.0001346734312324827,0.071151175343063,0.6425487983386342,4.536390802869315e-07,0.28616489924799005,Degradation,1,0.9998653265687675,Degradation,Degradation,Shadowing,Degradation,Shadowing
2023-02-24 12:30:00+08:00,0.00012181735737241625,0.08025516109684443,0.6494689529990192,1.1211876091979417e-06,0.27015294735915474,Degradation,1,0.9998781826426276,Degradation,Degradation,Shadowing,Degradation,Shadowing
2023-02-24 12:45:00+08:00,0.00015163623165867968,0.09986484926625647,0.6767176301691299,1.4637864547360304e-05,0.2232512464684075,Degradation,1,0.9998483637683413,Degradation,Degradation,Shadowing,Degradation,Shadowing
2023-02-24 13:00:00+08:00,0.0001782557176065956,0.12619625301371581,0.6991905106705659,0.00017440370057349107,0.1742605768975381,Degradation,1,0.9998217442823935,Degradation,Degradation,Shadowing,Degradation,Degradation
2023-02-24 13:15:00+08:00,0.0002048048425875771,0.12768343887844008,0.695067805393443,0.0004585699910700028,0.17658538089445924,Degradation,1,0.9997951951574124,Degradation,Degradation,Shadowing,Degradation,Degradation
2023-02-24 13:30:00+08:00,0.00018418137711475132,0.13507467293234168,0.6402840727788701,0.002539406266827826,0.22191766664484555,Degradation,1,0.9998158186228853,Degradation,Degradation,Shadowing,Degradation,Degradation
2023-02-24 13:45:00+08:00,0.0001709111635578233,0.14502204912224842,0.40241027567160437,0.010380733571789154,0.4420160304708003,Shadowing,1,0.9998290888364422,Degradation,Shadowing,Shadowing,Degradation,Shadowing
2023-02-24 14:00:00+08:00,5.360613565678388e-05,0.0965451054457231,0.20444444041729012,0.03887001997707495,0.660086828024255,Shadowing,1,0.9999463938643433,Shadowing,Shadowing,Degradation,Shadowing,Shadowing
2023-02-24 14:15:00+08:00,8.875753841186484e-06,0.01699988846051202,0.027019355767486243,0.01115204119997337,0.9448198388181872,Shadowing,1,0.9999911242461588,Shadowing,Shadowing,Shadowing,Shadowing,Shadowing
2023-02-24 14:30:00+08:00,3.261748197037606e-06,0.001166898514359685,0.0003499028535076409,0.00029230963209778154,0.9981876272518377,Shadowing,1,0.9999967382518029,Shadowing,Shadowing,Shadowing,Shadowing,Shadowing
2023-02-24 14:45:00+08:00,2.558301895605136e-06,1.2425985738506114e-05,1.4719343310211708e-05,8.409388410415952e-08,0.9999702122751716,Shadowing,1,0.9999974416981045,Shadowing,Shadowing,Shadowing,Shadowing,Shadowing
2023-02-24 15:00:00+08:00,7.025776587983178e-07,4.332289295770891e-08,2.802180179162253e-07,8.738960521568548e-10,0.9999989730075344,Shadowing,1,0.9999992974223412,Shadowing,Shadowing,Shadowing,Shadowing,Shadowing
2023-02-24 15:15:00+08:00,6.330576196093705e-05,1.6755631255224926e-08,1.256415967241033e-07,1.1682562792904534e-09,0.9999365506725549,Shadowing,1,0.9999366942380391,Shadowing,Shadowing,Shadowing,Shadowing,Shadowing
2023-02-24 15:30:00+08:00,0.0005078172820966335,1.317423700228493e-08,7.342032125876122e-08,4.994752853207243e-09,0.9994920911285924,Shadowing,1,0.9994921827179034,Shadowing,Shadowing,Shadowing,Shadowing,Shadowing
2023-02-24 15:45:00+08:00,0.0018906178801798416,3.1321086015163943e-09,1.4870043576658654e-09,4.003933438974909e-09,0.998109373496774,Shadowing,1,0.9981093821198201,Shadowing,Shadowing,Shadowing,Shadowing,Shadowing
2023-02-24 16:00:00+08:00,0.0012448537404310864,1.0536120411926702e-10,2.0394829285900385e-10,1.8553341043313817e-09,0.9987551440949254,Shadowing,1,0.998755146259569,Shadowing,Shadowing,Shadowing,Shadowing,Shadowing
2023-02-24 16:15:00+08:00,0.002384985614156777,2.664329888837522e-12,1.585490718218358e-10,4.637207200862346e-10,0.9976150137609091,Shadowing,1,0.9976150143858432,Shadowing,Shadowing,Shadowing,Shadowing,Shadowing
2023-02-24 16:30:00+08:00,0.002248708802506996,4.833417804697951e-15,1.8548031340595872e-10,2.9231985797517426e-11,0.9977512909827759,Shadowing,1,0.997751291197493,Shadowing,Shadowing,Shadowing,Shadowing,Shadowing
2023-02-24 16:45:00+08:00,0.43231438259974536,6.891904223532991e-12,6.302868913302191e-09,1.3191556291559418e-08,0.5676855978989376,Shadowing,1,0.5676856174002547,Normal,Shadowing,Shadowing,Shadowing,Shadowing
2023-02-24 17:00:00+08:00,0.7550301177043476,1.2117544369146945e-09,6.682425313488061e-09,2.0694473302179813e-08,0.24496985370699936,Normal,0,0.24496988229565242,Normal,Normal,Normal,Normal,Shadowing
2023-02-24 17:15:00+08:00,0.8479818953177917,7.753754270426996e-12,1.0333990914513732e-09,3.8797137356655955e-08,0.15201806484391808,Normal,0,0.15201810468220833,Normal,Normal,Normal,Normal,Normal
2023-02-24 17:30:00+08:00,0.8448036172922719,1.518247090788444e-11,7.819469959257461e-10,8.111371491053032e-08,0.15519630079688373,Normal,0,0.15519638270772806,Normal,Normal,Normal,Normal,Normal
2023-02-24 17:45:00+08:00,0.9575623643445865,2.2816848092839506e-11,4.787465811222129e-10,9.325721487991953e-08,0.042437541896635164,Normal,0,0.042437635655413475,Normal,Normal,Normal,Normal,Normal
2023-02-25 07:30:00+08:00,0.8024106961929489,4.791656842976541e-12,9.974726771073205e-10,3.935531505904782e-08,0.1975892634494717,Normal,0,0.1975893038070511,Normal,Normal,Normal,Normal,Normal
2023-02-25 07:45:00+08:00,0.3688540622206329,1.893144739387116e-12,2.3707414481804707e-09,1.7041916394206455e-08,0.631145918364816,Shadowing,1,0.6311459377793671,Normal,Shadowing,Shadowing,Shadowing,Shadowing
2023-02-25 08:00:00+08:00,0.050034226148319226,2.5816397294447537e-13,2.0616666714914007e-09,7.650489906732962e-10,0.9499657710247069,Shadowing,1,0.9499657738516808,Shadowing,Shadowing,Shadowing,Shadowing,Shadowing
2023-02-25 08:15:00+08:00,0.010266611764779287,7.32683636094372e-14,9.304053945258567e-10,3.4255636485703465e-10,0.9897333869621857,Shadowing,1,0.9897333882352207,Shadowing,Shadowing,Shadowing,Shadowing,Shadowing
2023-02-25 08:30:00+08:00,0.3459933955548659,7.506226025000267e-13,1.3610187482854886e-08,1.3713900757739512e-08,0.6540065771202952,Shadowing,1,0.654006604445134,Shadowing,Shadowing,Shadowing,Shadowing,Shadowing
2023-02-25 08:45:00+08:00,0.10367902628291825,4.0078494252345574e-11,1.8768196789986843e-08,1.3746929479487519e-08,0.896320941161877,Shadowing,1,0.8963209737170817,Shadowing,Shadowing,Shadowing,Shadowing,Shadowing
2023-02-25 09:00:00+08:00,0.05615024060538928,3.1693222923366633e-09,3.7051003270720336e-08,1.5280626577553865e-08,0.9438497038936585,Shadowing,1,0.9438497593946107,Shadowing,Shadowing,Shadowing,Shadowing,Shadowing
2023-02-25 09:15:00+08:00,0.05406387325836903,3.8815748230010084e-08,7.093889698578924e-08,3.9509003536098424e-09,0.9459360130360854,Shadowing,1,0.945936126741631,Shadowing,Shadowing,Shadowing,Shadowing,Shadowing
2023-02-25 09:30:00+08:00,0.011663538893683104,3.7083638170359846e-07,1.2049063546426277e-06,2.5046752820903587e-10,0.988334885113113,Shadowing,1,0.9883364611063169,Shadowing,Shadowing,Shadowing,Shadowing,Shadowing
2023-02-25 09:45:00+08:00,0.002599100177880675,4.607097087197663e-06,8.272367732882707e-06,4.3771890454173e-11,0.9973880203135274,Shadowing,1,0.9974008998221193,Shadowing,Shadowing,Shadowing,Shadowing,Shadowing
2023-02-25 10:00:00+08:00,2.1787529142102818e-05,8.306371073067894e-05,1.578061551107388e-05,1.2086360388212206e-12,0.9998793681434076,Shadowing,1,0.9999782124708579,Shadowing,Shadowing,Shadowing,Shadowing,Shadowing
2023-02-25 10:15:00+08:00,2.590010508182045e-06,0.0035647137243748363,0.00019422280206725706,2.080925136807456e-13,0.9962384734628416,Shadowing,1,0.9999974099894918,Shadowing,Shadowing,Shadowing,Shadowing,Shadowing
2023-02-25 10:30:00+08:00,2.27973557922287e-05,0.05854860419775064,0.005100255330884651,1.3483818993109703e-08,0.9363283296317535,Shadowing,1,0.9999772026442078,Shadowing,Shadowing,Shadowing,Shadowing,Shadowing
2023-02-25 10:45:00+08:00,0.00016729337157048944,0.30606341928066116,0.0561728839950071,2.004022855534872e-09,0.6375964013487384,Shadowing,1,0.9998327066284295,Shadowing,Shadowing,Shadowing,Shadowing,Short-Circuit
2023-02-25 11:00:00+08:00,0.0004180815490914212,0.12049524893628391,0.4530639221828402,3.8241682598015576e-10,0.4260227469493677,Degradation,1,0.9995819184509086,Degradation,Degradation,Shadowing,Degradation,Shadowing
2023-02-25 11:15:00+08:00,0.00027615767745034194,0.09375615779717508,0.6254851807926254,1.3843454334241682e-10,0.2804825035943145,Degradation,1,0.9997238423225496,Degradation,Degradation,Shadowing,Degradation,Shadowing
2023-02-25 11:30:00+08:00,0.00012505921022672804,0.14809908291139418,0.6215511193779497,2.431445466379169e-11,0.23022473847611497,Degradation,1,0.9998749407897732,Degradation,Degradation,Short-Circuit,Degradation,Shadowing
2023-02-25 11:45:00+08:00,7.952790992060372e-05,0.1711077868859811,0.6132292134570703,1.0923139103623675e-11,0.21558347173610493,Degradation,1,0.9999204720900794,Degradation,Degradation,Short-Circuit,Degradation,Shadowing
2023-02-25 12:00:00+08:00,4.3665253316555215e-05,0.18016176794993727,0.6106045464666753,1.7342167691964137e-11,0.20919002031272882,Degradation,1,0.9999563347466834,Degradation,Degradation,Short-Circuit,Degradation,Shadowing
2023-02-25 12:15:00+08:00,4.954197558179321e-05,0.08852489923218126,0.6217040290547604,4.9980543110682244e-09,0.28972152473942214,Degradation,1,0.9999504580244182,Degradation,Degradation,Shadowing,Degradation,Shadowing
2023-02-25 12:30:00+08:00,4.13992611291123e-05,0.10213703732508159,0.6186693538687625,3.405124801028687e-09,0.27915220613990205,Degradation,1,0.9999586007388709,Degradation,Degradation,Shadowing,Degradation,Shadowing
2023-02-25 12:45:00+08:00,4.489287325191167e-05,0.07050749298228073,0.6231852216571376,2.7309990860905307e-08,0.306262365177339,Degradation,1,0.9999551071267481,Degradation,Degradation,Shadowing,Degradation,Shadowing
2023-02-25 13:00:00+08:00,9.739960539323835e-05,0.08268943043035769,0.647414296568263,9.111752099539851e-07,0.2697979622207762,Degradation,1,0.9999026003946068,Degradation,Degradation,Shadowing,Degradation,Shadowing
2023-02-25 13:15:00+08:00,0.0007343981634811883,0.08010839523780376,0.6351285459400743,1.8297535630536172e-06,0.28402683090507785,Degradation,1,0.9992656018365188,Degradation,Degradation,Shadowing,Degradation,Shadowing
2023-02-25 13:30:00+08:00,0.000766691528784623,0.11516981952893728,0.5223807090695354,1.4228379051577607e-05,0.36166855149369115,Degradation,1,0.9992333084712154,Degradation,Shadowing,Degradation,Degradation,Shadowing
2023-02-25 13:45:00+08:00,0.0004351850073532245,0.11771296752915117,0.6463332495615216,6.984343038324116e-05,0.23544875447159078,Degradation,1,0.9995648149926468,Degradation,Degradation,Shadowing,Degradation,Degradation
2023-02-25 14:00:00+08:00,0.0002997322678507142,0.1342599494028494,0.4596520077034654,0.0007281883139715584,0.40506012231186295,Degradation,1,0.9997002677321493,Degradation,Shadowing,Shadowing,Degradation,Shadowing
2023-02-25 14:15:00+08:00,0.0001367932049710591,0.10399450496370397,0.24929066172849063,0.00324779795191816,0.6433302421509162,Shadowing,1,0.9998632067950289,Shadowing,Shadowing,Degradation,Shadowing,Shadowing
2023-02-25 14:30:00+08:00,1.261516014786184e-05,0.026894671729843243,0.07776509965625093,0.0021225220500260917,0.8932050914037317,Shadowing,1,0.9999873848398522,Shadowing,Shadowing,Shadowing,Shadowing,Shadowing
2023-02-25 14:45:00+08:00,2.3782671020494905e-06,0.0010903510222040184,0.0002454835406730818,7.67148164725095e-06,0.9986541156883735,Shadowing,1,0.999997621732898,Shadowing,Shadowing,Shadowing,Shadowing,Shadowing
2023-02-25 15:00:00+08:00,5.5021445442592844e-06,5.372204406829889e-06,7.777436288055644e-06,7.623984039964974e-09,0.9999813405907769,Shadowing,1,0.9999944978554557,Shadowing,Shadowing,Shadowing,Shadowing,Shadowing
2023-02-25 15:15:00+08:00,4.5784876268722805e-06,1.210460662403923e-07,1.4619146193139464e-07,9.845286428354406e-10,0.9999951532903164,Shadowing,1,0.9999954215123731,Shadowing,Shadowing,Shadowing,Shadowing,Shadowing
2023-02-25 15:30:00+08:00,0.00023538785684747897,2.9756692637777168e-08,1.2078201541816548e-07,3.4382081635353045e-09,0.9997644581662362,Shadowing,1,0.9997646121431525,Shadowing,Shadowing,Shadowing,Shadowing,Shadowing
2023-02-25 15:45:00+08:00,0.0010107330755656683,9.551949915240076e-09,1.424314734040812e-08,6.2994114715193215e-09,0.9989892368299256,Shadowing,1,0.9989892669244343,Shadowing,Shadowing,Shadowing,Shadowing,Shadowing
2023-02-25 16:00:00+08:00,0.0018147331610854252,9.85626325707507e-10,5.332426697479683e-10,2.6660549361976807e-09,0.9981852626539907,Shadowing,1,0.9981852668389146,Shadowing,Shadowing,Shadowing,Shadowing,Shadowing
2023-02-25 16:15:00+08:00,0.002033257146440399,3.116618116472581e-11,2.312042719468094e-10,1.6187959894259312e-09,0.997966740972393,Shadowing,1,0.9979667428535596,Shadowing,Shadowing,Shadowing,Shadowing,Shadowing
2023-02-25 16:30:00+08:00,0.0020934420921560662,6.337840606885698e-14,2.7532136727798315e-10,1.0893926639744213e-10,0.9979065575235199,Shadowing,1,0.9979065579078439,Shadowing,Shadowing,Shadowing,Shadowing,Shadowing
2023-02-25 16:45:00+08:00,0.005067618137502642,2.117251576054006e-14,2.526374668322073e-10,8.390981359789346e-11,0.9949323815259289,Shadowing,1,0.9949323818624973,Shadowing,Shadowing,Shadowing,Shadowing,Shadowing
2023-02-25 17:00:00+08:00,0.1539034728538414,5.974521908263827e-08,9.333651185931298e-08,1.369279730518961e-09,0.846096372695148,Shadowing,1,0.8460965271461586,Normal,Shadowing,Shadowing,Shadowing,Shadowing
2023-02-25 17:15:00+08:00,0.8666652689169917,1.1498268537273606e-11,1.330506647304392e-09,2.996992944933801e-08,0.13333469977107396,Normal,0,0.1333347310830083,Normal,Normal,Normal,Normal,Normal
2023-02-25 17:30:00+08:00,0.8579044964422206,1.305461024615586e-11,8.855849354181684e-10,6.184493284922105e-08,0.14209544081420705,Normal,0,0.14209550355777945,Normal,Normal,Normal,Normal,Normal
2023-02-25 17:45:00+08:00,0.9293860648960782,2.2227229722928597e-11,5.633686497412063e-10,9.888600944701533e-08,0.07061383563231646,Normal,0,0.07061393510392178,Normal,Normal,Normal,Normal,Normal
2023-02-26 07:30:00+08:00,0.4584010888981217,1.6776156203177906e-12,1.2908225085239532e-09,2.9597959927501525e-08,0.5415988802114183,Shadowing,1,0.5415989111018783,Normal,Shadowing,Shadowing,Shadowing,Shadowing
2023-02-26 07:45:00+08:00,0.052508467918497434,1.9079026660433178e-13,1.0462754181029685e-09,1.4832364905090401e-09,0.9474915295517998,Shadowing,1,0.9474915320815026,Shadowing,Shadowing,Shadowing,Shadowing,Shadowing
2023-02-26 08:00:00+08:00,0.007510791624543538,4.643303973346029e-14,5.252234406134148e-10,1.4566356937608354e-10,0.9924892077045231,Shadowing,1,0.9924892083754565,Shadowing,Shadowing,Shadowing,Shadowing,Shadowing
2023-02-26 08:15:00+08:00,0.055817481704621495,1.0995819835723893e-13,3.163346664703766e-09,1.3087932932805153e-09,0.9441825138231286,Shadowing,1,0.9441825182953785,Shadowing,Shadowing,Shadowing,Shadowing,Shadowing
2023-02-26 08:30:00+08:00,0.0698205420519355,5.215149378263068e-12,6.40400891956502e-09,9.392767325691936e-09,0.9301794421460732,Shadowing,1,0.9301794579480644,Shadowing,Shadowing,Shadowing,Shadowing,Shadowing
2023-02-26 08:45:00+08:00,0.015741325356816847,6.503482491356032e-10,8.889193575323783e-09,2.0723428370122072e-09,0.9842586630312985,Shadowing,1,0.9842586746431832,Shadowing,Shadowing,Shadowing,Shadowing,Shadowing
2023-02-26 09:00:00+08:00,0.04145181585135162,3.8085573373181806e-08,4.6389317912365225e-08,6.034339101254363e-09,0.9585480936394181,Shadowing,1,0.9585481841486484,Shadowing,Shadowing,Shadowing,Shadowing,Shadowing
2023-02-26 09:15:00+08:00,0.01354562083569028,2.2157492725113833e-07,1.9700612305624268e-07,6.063425205558593e-10,0.9864539599769169,Shadowing,1,0.9864543791643097,Shadowing,Shadowing,Shadowing,Shadowing,Shadowing
2023-02-26 09:30:00+08:00,0.0037744031773243878,1.1571209277461281e-06,3.1969007279268625e-06,1.0025465473568308e-10,0.9962212427007653,Shadowing,1,0.9962255968226756,Shadowing,Shadowing,Shadowing,Shadowing,Shadowing
2023-02-26 09:45:00+08:00,3.099872251706508e-05,2.1390945214724897e-05,6.782893776193499e-06,4.497072171119695e-12,0.9999408274339949,Shadowing,1,0.9999690012774829,Shadowing,Shadowing,Shadowing,Shadowing,Shadowing
2023-02-26 10:00:00+08:00,3.909415888426267e-06,0.0024535086462506898,9.955075150930821e-05,1.8074889400585824e-13,0.9974430311861708,Shadowing,1,0.9999960905841115,Shadowing,Shadowing,Shadowing,Shadowing,Shadowing
2023-02-26 10:15:00+08:00,5.572824560276178e-06,0.014824848814481326,0.0007789168704205651,1.8754381564588415e-10,0.984390661302994,Shadowing,1,0.9999944271754397,Shadowing,Shadowing,Shadowing,Shadowing,Shadowing
2023-02-26 10:30:00+08:00,8.769141966841403e-05,0.20267683906421158,0.019216154721308873,1.3363114198786295e-08,0.778019301431697,Shadowing,1,0.9999123085803315,Shadowing,Shadowing,Shadowing,Shadowing,Shadowing
2023-02-26 10:45:00+08:00,0.00032715221794316817,0.2651389557212774,0.20866319891355137,5.499168164134599e-10,0.5258706925973112,Shadowing,1,0.9996728477820568,Shadowing,Shadowing,Short-Circuit,Shadowing,Shadowing
2023-02-26 11:00:00+08:00,0.00029761561549412386,0.09433263155975709,0.6155594988943567,1.6106147478396735e-10,0.28981025376933073,Degradation,1,0.9997023843845059,Degradation,Degradation,Shadowing,Degradation,Shadowing
2023-02-26 11:15:00+08:00,0.00014421322281014097,0.12966957081739722,0.6284574872584132,4.5437919131486557e-11,0.24172872865594158,Degradation,1,0.9998557867771899,Degradation,Degradation,Short-Circuit,Degradation,Shadowing
2023-02-26 11:30:00+08:00,6.344535659770803e-05,0.16275756001044986,0.6154030207517049,3.6378733356566284e-11,0.2217759738448688,Degradation,1,0.9999365546434023,Degradation,Degradation,Short-Circuit,Degradation,Shadowing
2023-02-26 11:45:00+08:00,3.415208792152273e-05,0.1916822050987836,0.607297995372126,3.3746971070474396e-12,0.20098564743779415,Degradation,1,0.9999658479120784,Degradation,Degradation,Short-Circuit,Degradation,Shadowing
2023-02-26 12:00:00+08:00,2.3086210234694734e-05,0.19359480445429741,0.606466079501121,6.025058549884911e-12,0.19991602982832188,Degradation,1,0.9999769137897653,Degradation,Degradation,Short-Circuit,Degradation,Shadowing
2023-02-26 12:15:00+08:00,0.00013246114175886236,0.15078125383777158,0.04079587555837293,2.083235992166966e-08,0.8082903886297366,Shadowing,1,0.9998675388582411,Shadowing,Shadowing,Shadowing,Shadowing,Shadowing
2023-02-26 12:30:00+08:00,2.2716914691189836e-05,0.1086991329312258,0.6141834597546908,5.783116685148428e-09,0.27709468461627546,Degradation,1,0.9999772830853089,Degradation,Degradation,Short-Circuit,Degradation,Shadowing
2023-02-26 12:45:00+08:00,3.26300033093376e-05,0.0770194159104022,0.6196182709002971,1.5361316199965327e-08,0.303329667824675,Degradation,1,0.9999673699966907,Degradation,Degradation,Shadowing,Degradation,Shadowing
2023-02-26 13:00:00+08:00,5.039460457285438e-05,0.09858622210685118,0.6453124632493094,8.392267979218768e-07,0.25605008081246877,Degradation,1,0.9999496053954271,Degradation,Degradation,Shadowing,Degradation,Shadowing
2023-02-26 13:15:00+08:00,8.869516402178101e-05,0.10069672502108558,0.6647664718466265,5.519429476875856e-06,0.23444258853878938,Degradation,1,0.9999113048359782,Degradation,Degradation,Shadowing,Degradation,Shadowing
2023-02-26 13:30:00+08:00,0.0001737310828068457,0.10855114504396983,0.6873893603874598,4.488543336498305e-05,0.20384087805239845,Degradation,1,0.9998262689171932,Degradation,Degradation,Shadowing,Degradation,Shadowing
2023-02-26 13:45:00+08:00,0.0002621310665407914,0.1220979852353977,0.6852560729948113,0.00021207282039553067,0.1921717378828546,Degradation,1,0.9997378689334592,Degradation,Degradation,Shadowing,Degradation,Degradation
2023-02-26 14:00:00+08:00,0.0002654299679999197,0.13531454028124193,0.5733298386449244,0.0009572414914368443,0.2901329496143969,Degradation,1,0.9997345700320001,Degradation,Degradation,Shadowing,Degradation,Degradation
2023-02-26 14:15:00+08:00,0.00018232544130191716,0.13152074187272028,0.3285574271561358,0.005333494883454563,0.5344060106463874,Shadowing,1,0.9998176745586981,Shadowing,Shadowing,Degradation,Shadowing,Shadowing
2023-02-26 14:30:00+08:00,2.6040702517924864e-05,0.05711613040034522,0.1923798151511303,0.013833624172509221,0.7366443895734974,Shadowing,1,0.9999739592974821,Shadowing,Shadowing,Degradation,Shadowing,Shadowing
2023-02-26 14:45:00+08:00,4.950822571664028e-06,0.004319762511203158,0.0011848189455029294,0.000894751901030532,0.9935957158196917,Shadowing,1,0.9999950491774283,Shadowing,Shadowing,Shadowing,Shadowing,Shadowing
2023-02-26 15:00:00+08:00,3.39742203237505e-06,9.899183830452884e-05,4.639075428802392e-05,1.0299912666336121e-07,0.9998511169862484,Shadowing,1,0.9999966025779676,Shadowing,Shadowing,Shadowing,Shadowing,Shadowing
2023-02-26 15:15:00+08:00,1.8628662016213921e-06,1.7638901327950483e-07,4.840345339430623e-07,7.975377459544682e-10,0.9999974759127135,Shadowing,1,0.9999981371337984,Shadowing,Shadowing,Shadowing,Shadowing,Shadowing
2023-02-26 15:30:00+08:00,7.80992263067707e-05,2.4713966193691402e-08,1.241901270356886e-07,1.4824753682331777e-09,0.9999217503871247,Shadowing,1,0.9999219007736933,Shadowing,Shadowing,Shadowing,Shadowing,Shadowing
2023-02-26 15:45:00+08:00,0.0005670971126012083,6.52943142671383e-09,4.790822710061508e-08,4.679556708346058e-09,0.9994328437701835,Shadowing,1,0.9994329028873988,Shadowing,Shadowing,Shadowing,Shadowing,Shadowing
2023-02-26 16:00:00+08:00,0.01757102225932458,5.664602596391146e-10,2.518095618853681e-08,3.350601085724211e-10,0.9824289516581988,Shadowing,1,0.9824289777406754,Shadowing,Shadowing,Shadowing,Shadowing,Shadowing
2023-02-26 16:15:00+08:00,0.001364824811771506,6.049166941325358e-11,1.7129343434942587e-10,1.6252159090404242e-09,0.9986351733312274,Shadowing,1,0.9986351751882285,Shadowing,Shadowing,Shadowing,Shadowing,Shadowing
2023-02-26 16:30:00+08:00,0.002215393730757246,2.874972558598891e-13,1.9656920530981329e-10,1.7828210839583335e-10,0.9977846058941038,Shadowing,1,0.9977846062692427,Shadowing,Shadowing,Shadowing,Shadowing,Shadowing
2023-02-26 16:45:00+08:00,0.003617877850881082,4.0744869759562235e-15,1.195347642991621e-10,3.4718724168883176e-11,0.9963821219948613,Shadowing,1,0.9963821221491189,Shadowing,Shadowing,Shadowing,Shadowing,Shadowing
2023-02-26 17:00:00+08:00,0.2150194363225825,4.3557146165579864e-08,6.137779565684106e-08,2.191176108775994e-09,0.7849804565512997,Shadowing,1,0.7849805636774175,Normal,Shadowing,Shadowing,Shadowing,Shadowing
2023-02-26 17:15:00+08:00,0.869623997381661,1.2779412371375074e-11,1.4278428447853026e-09,2.784791049299218e-08,0.13037597332980627,Normal,0,0.13037600261833904,Normal,Normal,Normal,Normal,Normal
2023-02-26 17:30:00+08:00,0.8507246817167109,1.165937963571034e-11,8.446107691562974e-10,6.288767732552874e-08,0.14927525453934146,Normal,0,0.1492753182832891,Normal,Normal,Normal,Normal,Normal
2023-02-26 17:45:00+08:00,0.9314364261630164,2.1783699435901275e-11,5.470245864005333e-10,9.918214996176773e-08,0.06856347408602528,Normal,0,0.06856357383698364,Normal,Normal,Normal,Normal,Normal
2023-02-27 07:30:00+08:00,0.7118008478775812,3.211331101042525e-12,1.1511175410267237e-09,3.514980527725986e-08,0.28819911581828456,Normal,0,0.28819915212241876,Normal,Normal,Normal,Normal,Normal
2023-02-27 07:45:00+08:00,0.12873008023686203,5.707412532437322e-13,1.7287515453205753e-09,4.190282925186735e-09,0.8712699138435328,Shadowing,1,0.871269919763138,Shadowing,Shadowing,Shadowing,Shadowing,Shadowing
2023-02-27 08:00:00+08:00,0.01510337438545976,9.02292821432062e-14,1.0103747445371377e-09,2.678405398162119e-10,0.9848966243362348,Shadowing,1,0.9848966256145403,Shadowing,Shadowing,Shadowing,Shadowing,Shadowing
2023-02-27 08:15:00+08:00,0.04812972191061385,8.739561111884663e-14,2.198723211480162e-09,1.3709324076938028e-09,0.9518702745196432,Shadowing,1,0.9518702780893862,Shadowing,Shadowing,Shadowing,Shadowing,Shadowing
2023-02-27 08:30:00+08:00,0.0980068916725392,3.299245966371069e-12,6.787237548051889e-09,1.032121119447547e-08,0.9019930912157129,Shadowing,1,0.9019931083274608,Shadowing,Shadowing,Shadowing,Shadowing,Shadowing
2023-02-27 08:45:00+08:00,0.01399530495474215,6.953677210201195e-10,7.941385503485744e-09,1.8045872968515422e-09,0.9860046846039173,Shadowing,1,0.9860046950452579,Shadowing,Shadowing,Shadowing,Shadowing,Shadowing
2023-02-27 09:00:00+08:00,0.03663696967815981,4.9089939121040686e-08,4.7712545018856756e-08,4.948344090041529e-09,0.9633629285710119,Shadowing,1,0.9633630303218402,Shadowing,Shadowing,Shadowing,Shadowing,Shadowing
2023-02-27 09:15:00+08:00,0.011004586967048775,3.3250204636452296e-07,4.41475123233216e-07,4.0982621449019945e-10,0.9889946386459554,Shadowing,1,0.9889954130329512,Shadowing,Shadowing,Shadowing,Shadowing,Shadowing
2023-02-27 09:30:00+08:00,0.002209179506481498,2.11230202864712e-06,4.38846142892069e-06,6.61078071437638e-11,0.9977843196639531,Shadowing,1,0.9977908204935185,Shadowing,Shadowing,Shadowing,Shadowing,Shadowing
2023-02-27 09:45:00+08:00,1.3577009953059517e-05,5.800432800226233e-05,1.293309761174186e-05,1.5991022162772564e-12,0.9999154855628338,Shadowing,1,0.9999864229900469,Shadowing,Shadowing,Shadowing,Shadowing,Shadowing
2023-02-27 10:00:00+08:00,3.464497558858442e-06,0.004198333945057594,0.0002158644570086963,2.1184594574831006e-13,0.995582337100163,Shadowing,1,0.9999965355024412,Shadowing,Shadowing,Shadowing,Shadowing,Shadowing
2023-02-27 10:15:00+08:00,7.146387600591692e-05,0.2436134895636926,0.006474173183422435,1.469722670530732e-08,0.7498408586796522,Shadowing,1,0.9999285361239941,Shadowing,Shadowing,Shadowing,Shadowing,Shadowing
2023-02-27 10:30:00+08:00,0.00031184023753636186,0.7506492132475668,0.10408706137658456,9.598233163072062e-11,0.14495188504233,Short-Circuit,1,0.9996881597624636,Short-Circuit,Short-Circuit,Short-Circuit,Short-Circuit,Short-Circuit
2023-02-27 10:45:00+08:00,0.0002711475690862971,0.47110579270677705,0.4725357976027345,3.4030531602267154e-12,0.05608726211799921,Degradation,1,0.9997288524309137,Degradation,Degradation,Short-Circuit,Degradation,Short-Circuit
2023-02-27 11:00:00+08:00,0.0001036267404449516,0.23122776506224185,0.6148946105438574,2.229580757156133e-12,0.15377399765122618,Degradation,1,0.999896373259555,Degradation,Degradation,Short-Circuit,Degradation,Shadowing
2023-02-27 11:15:00+08:00,3.521496779829086e-05,0.2109258835068674,0.6075368069836846,3.0219699267070893e-13,0.18150209454134753,Degradation,1,0.9999647850322018,Degradation,Degradation,Short-Circuit,Degradation,Shadowing
2023-02-27 11:30:00+08:00,1.5454636454341905e-05,0.20644460698250516,0.6013896587703168,4.552236510992344e-14,0.1921502796106782,Degradation,1,0.9999845453635456,Degradation,Degradation,Short-Circuit,Degradation,Shadowing
2023-02-27 11:45:00+08:00,7.729996556470032e-06,0.20113836816501124,0.6007759904257525,6.423238145903155e-14,0.1980779114126156,Degradation,1,0.9999922700034435,Degradation,Degradation,Short-Circuit,Degradation,Shadowing
2023-02-27 12:00:00+08:00,6.680677903664514e-06,0.1996147263478946,0.6028675716326125,1.6596709594702009e-12,0.19751102133992945,Degradation,1,0.9999933193220963,Degradation,Degradation,Short-Circuit,Degradation,Shadowing
2023-02-27 12:15:00+08:00,8.663470178401424e-06,0.16581493627529342,0.6091241226005488,1.7214200828706153e-09,0.22505227593255928,Degradation,1,0.9999913365298216,Degradation,Degradation,Short-Circuit,Degradation,Shadowing
2023-02-27 12:30:00+08:00,8.563949640744587e-06,0.16060902597715734,0.6109502987647936,3.415256592863818e-09,0.22843210789315177,Degradation,1,0.9999914360503592,Degradation,Degradation,Short-Circuit,Degradation,Shadowing
2023-02-27 12:45:00+08:00,1.0750009437963303e-05,0.1306688792887148,0.6177356844604966,2.025787566540653e-08,0.25158466598347484,Degradation,1,0.999989249990562,Degradation,Degradation,Short-Circuit,Degradation,Shadowing
2023-02-27 13:00:00+08:00,1.3629888617323284e-05,0.13342336469918864,0.6315335058774025,2.6022134578754783e-07,0.23502923931344571,Degradation,1,0.9999863701113827,Degradation,Degradation,Short-Circuit,Degradation,Shadowing
2023-02-27 13:15:00+08:00,2.1714037894487853e-05,0.13505432240224963,0.6466084160688282,1.4807015179979666e-06,0.2183140667895096,Degradation,1,0.9999782859621055,Degradation,Degradation,Short-Circuit,Degradation,Shadowing
2023-02-27 13:30:00+08:00,4.729652956323949e-05,0.13414347601374987,0.6733647963073406,1.4582094204502292e-05,0.19242984905514177,Degradation,1,0.9999527034704367,Degradation,Degradation,Short-Circuit,Degradation,Shadowing
2023-02-27 13:45:00+08:00,0.00012476314335613264,0.12276111736162099,0.6941383492994528,6.822532300060602e-05,0.1829075448725696,Degradation,1,0.9998752368566438,Degradation,Degradation,Shadowing,Degradation,Degradation
2023-02-27 14:00:00+08:00,0.0002125344586903596,0.1271057523488981,0.6932385737380645,0.0004227485268231609,0.17902039092752386,Degradation,1,0.9997874655413096,Degradation,Degradation,Shadowing,Degradation,Degradation
2023-02-27 14:15:00+08:00,0.00020013391720535758,0.13879230377108026,0.5861032990324437,0.002844362464780013,0.2720599008144905,Degradation,1,0.9997998660827947,Degradation,Degradation,Shadowing,Degradation,Degradation
2023-02-27 14:30:00+08:00,0.00011340563054336595,0.11908339076682513,0.25426669868059704,0.01690511085937259,0.609631394062662,Shadowing,1,0.9998865943694566,Shadowing,Shadowing,Degradation,Shadowing,Shadowing
2023-02-27 14:45:00+08:00,1.0873930617355518e-05,0.020790284051010164,0.059666374882375674,0.015520542930254847,0.9040119242057421,Shadowing,1,0.9999891260693826,Shadowing,Shadowing,Shadowing,Shadowing,Shadowing
2023-02-27 15:00:00+08:00,3.0186538982434392e-06,0.0010377182898921324,0.00030950823253948604,0.00014334127248682063,0.9985064135511834,Shadowing,1,0.9999969813461017,Shadowing,Shadowing,Shadowing,Shadowing,Shadowing
2023-02-27 15:15:00+08:00,2.0776140618522175e-06,1.8157372272633503e-06,4.131387469674857e-06,1.2505521349115718e-08,0.9999919627557198,Shadowing,1,0.9999979223859381,Shadowing,Shadowing,Shadowing,Shadowing,Shadowing
2023-02-27 15:30:00+08:00,3.1254864197431257e-06,3.0478244959902194e-08,6.933948510823719e-08,7.761347901358401e-10,0.9999967739197155,Shadowing,1,0.9999968745135802,Shadowing,Shadowing,Shadowing,Shadowing,Shadowing
2023-02-27 15:45:00+08:00,0.00015919751386592174,4.849964516009606e-09,5.618290537652208e-08,2.2075082061588037e-09,0.9998407392457562,Shadowing,1,0.999840802486134,Shadowing,Shadowing,Shadowing,Shadowing,Shadowing
2023-02-27 16:00:00+08:00,0.0006208917579799474,2.043510330129574e-09,2.3246037053729583e-08,3.3790607470333618e-09,0.9993790795734118,Shadowing,1,0.99937910824202,Shadowing,Shadowing,Shadowing,Shadowing,Shadowing
2023-02-27 16:15:00+08:00,0.0005463491678198059,3.118941969243646e-10,1.9002769650575966e-10,1.0537462015162978e-09,0.9994536492765121,Shadowing,1,0.9994536508321802,Shadowing,Shadowing,Shadowing,Shadowing,Shadowing
2023-02-27 16:30:00+08:00,0.0029565393676211056,4.116535545858281e-13,2.8172736108278453e-10,2.7424363533245075e-10,0.9970434600759962,Shadowing,1,0.9970434606323789,Shadowing,Shadowing,Shadowing,Shadowing,Shadowing
2023-02-27 16:45:00+08:00,0.001236309147340396,6.492496532224122e-15,1.2723233346321463e-10,2.995368961063243e-11,0.998763690695467,Shadowing,1,0.9987636908526596,Shadowing,Shadowing,Shadowing,Shadowing,Shadowing
2023-02-27 17:00:00+08:00,0.0008566499552144747,8.251604721308665e-07,5.9017329407161386e-08,2.9070725298930124e-11,0.9991424658379133,Shadowing,1,0.9991433500447855,Shadowing,Shadowing,Shadowing,Shadowing,Shadowing
2023-02-27 17:15:00+08:00,0.9067326121351446,3.072018057119838e-11,1.6690071556347243e-09,2.74305862440443e-08,0.09326735873454188,Normal,0,0.09326738786485544,Normal,Normal,Normal,Normal,Normal
2023-02-27 17:30:00+08:00,0.8164561887625169,1.1417031073600152e-11,5.474362683393384e-10,1.0797089750448671e-07,0.1835437027077323,Normal,0,0.1835438112374831,Normal,Normal,Normal,Normal,Normal
2023-02-27 17:45:00+08:00,0.9545546129788216,1.739184032960225e-11,4.008938469360851e-10,9.646650170689257e-08,0.045445290136391064,Normal,0,0.045445387021178396,Normal,Normal,Normal,Normal,Normal
2023-02-28 07:30:00+08:00,0.9881913954419357,1.4480840759359248e-11,3.2068761164493034e-10,5.660482980041345e-08,0.011808547618066047,Normal,0,0.011808604558064317,Normal,Normal,Normal,Normal,Normal
2023-02-28 07:45:00+08:00,0.8097559912945774,3.982616083839341e-10,1.889008225646426e-09,9.780344764914069e-08,0.1902439086147051,Normal,0,0.19024400870542257,Normal,Normal,Normal,Normal,Normal
2023-02-28 08:00:00+08:00,0.8516509286378969,1.3285691054539162e-11,8.37549024269818e-10,6.84452138773316e-08,0.14834900206605442,Normal,0,0.14834907136210307,Normal,Normal,Normal,Normal,Normal
2023-02-28 08:15:00+08:00,0.7259710106455135,8.969928558580194e-12,3.211171052858966e-09,2.367433123565462e-08,0.2740289624600141,Normal,0,0.2740289893544865,Normal,Normal,Normal,Normal,Normal
2023-02-28 08:30:00+08:00,0.21063802373106483,7.193333375758012e-12,1.7918016051720838e-08,2.559668230826467e-09,0.7893619557840574,Shadowing,1,0.7893619762689352,Normal,Shadowing,Shadowing,Shadowing,Shadowing
2023-02-28 08:45:00+08:00,1.3779025086500478e-06,4.686590988718981e-06,6.04837249651766e-10,6.337551849098782e-18,0.9999939349016655,Shadowing,1,0.9999986220974914,Shadowing,Shadowing,Shadowing,Shadowing,Shadowing
2023-02-28 09:00:00+08:00,0.0035292106512680764,6.876212231193564e-08,1.7598644545733137e-08,8.25313637004474e-09,0.9964706947348286,Shadowing,1,0.9964707893487319,Shadowing,Shadowing,Shadowing,Shadowing,Shadowing
2023-02-28 09:15:00+08:00,0.009948684968685274,4.394426977473437e-07,2.3849798641287772e-06,1.647759437647145e-10,0.990048490443977,Shadowing,1,0.9900513150313147,Shadowing,Shadowing,Shadowing,Shadowing,Shadowing
2023-02-28 09:30:00+08:00,0.0005693131310151726,3.89215250934629e-06,3.513449361774017e-06,3.854733252370439e-11,0.9994232812285663,Shadowing,1,0.9994306868689848,Shadowing,Shadowing,Shadowing,Shadowing,Shadowing
2023-02-28 09:45:00+08:00,1.532943533693022e-05,0.00013817192026985894,2.1045771803551587e-05,1.5669720076718387e-12,0.9998254528710226,Shadowing,1,0.9999846705646631,Shadowing,Shadowing,Shadowing,Shadowing,Shadowing
2023-02-28 10:00:00+08:00,2.6160274378643814e-06,0.0037154126724966868,0.00020060376727031306,2.8505844057180145e-13,0.9960813675325101,Shadowing,1,0.9999973839725621,Shadowing,Shadowing,Shadowing,Shadowing,Shadowing
2023-02-28 10:15:00+08:00,0.00014396365388107403,0.12805181655307077,0.05178877751598987,5.525423168812773e-06,0.8200099168538895,Shadowing,1,0.999856036346119,Shadowing,Shadowing,Shadowing,Shadowing,Shadowing
2023-02-28 10:30:00+08:00,0.00035566151276342504,0.1476330689061139,0.1729385221322532,2.5306246067234224e-09,0.679072744918245,Shadowing,1,0.9996443384872366,Shadowing,Shadowing,Shadowing,Shadowing,Shadowing
2023-02-28 10:45:00+08:00,0.00030608833627777455,0.16574120786865582,0.5349439295931713,1.0370289370035009e-10,0.29900877409819215,Degradation,1,0.9996939116637222,Degradation,Degradation,Short-Circuit,Degradation,Shadowing
2023-02-28 11:00:00+08:00,0.00011875964056196509,0.1567177546495625,0.6185505159822,1.97783679645242e-11,0.2246129697078972,Degradation,1,0.999881240359438,Degradation,Degradation,Short-Circuit,Degradation,Shadowing
2023-02-28 11:15:00+08:00,5.448458527919024e-05,0.1836273546992892,0.6097309661913851,5.679636953589783e-12,0.2065871945183669,Degradation,1,0.9999455154147208,Degradation,Degradation,Short-Circuit,Degradation,Shadowing
2023-02-28 11:30:00+08:00,2.0504467691006656e-05,0.19681685292840984,0.6052203280842277,1.5840995365168898e-12,0.19794231451808736,Degradation,1,0.999979495532309,Degradation,Degradation,Short-Circuit,Degradation,Shadowing
2023-02-28 11:45:00+08:00,1.1515619755142286e-05,0.19939876862817976,0.6034258515358681,5.89661283353049e-13,0.1971638642156074,Degradation,1,0.9999884843802449,Degradation,Degradation,Short-Circuit,Degradation,Shadowing
2023-02-28 12:00:00+08:00,9.712150211920288e-06,0.19595282551230517,0.6044882815388024,1.4211260386200581e-11,0.19954918078446915,Degradation,1,0.999990287849788,Degradation,Degradation,Short-Circuit,Degradation,Shadowing
2023-02-28 12:15:00+08:00,1.1649571004945393e-05,0.1378793975767258,0.6140344887152003,7.663131211801885e-09,0.2480744564739378,Degradation,1,0.999988350428995,Degradation,Degradation,Short-Circuit,Degradation,Shadowing
2023-02-28 12:30:00+08:00,1.1935993737562497e-05,0.11791821863074628,0.6200271186904915,3.042809693871059e-08,0.26204269625692767,Degradation,1,0.9999880640062624,Degradation,Degradation,Short-Circuit,Degradation,Shadowing
2023-02-28 12:45:00+08:00,1.2997298564134527e-05,0.12982193264910505,0.6280649175257949,1.492157119347024e-07,0.24210000331082412,Degradation,1,0.9999870027014358,Degradation,Degradation,Short-Circuit,Degradation,Shadowing
2023-02-28 13:00:00+08:00,1.7569626923337158e-05,0.1385522050732922,0.6426452953965665,1.0629316960237423e-06,0.21878386697152194,Degradation,1,0.9999824303730767,Degradation,Degradation,Short-Circuit,Degradation,Shadowing
2023-02-28 13:15:00+08:00,2.5363718655895645e-05,0.14015375741182745,0.6562999374050653,4.048880954040902e-06,0.20351689258349737,Degradation,1,0.9999746362813441,Degradation,Degradation,Short-Circuit,Degradation,Shadowing
2023-02-28 13:30:00+08:00,5.403320499107894e-05,0.1315146521673456,0.6757993566178503,1.670177765484078e-05,0.1926152562321582,Degradation,1,0.9999459667950089,Degradation,Degradation,Short-Circuit,Degradation,Shadowing
2023-02-28 13:45:00+08:00,0.0001276715391507313,0.13298206583287253,0.7022687035094524,0.00015771260986074506,0.16446384650866358,Degradation,1,0.9998723284608493,Degradation,Degradation,Short-Circuit,Degradation,Degradation
2023-02-28 14:00:00+08:00,0.00016348451464131108,0.13526974288207202,0.7036801120017901,0.0009581239297506089,0.15992853667174595,Degradation,1,0.9998365154853587,Degradation,Degradation,Shadowing,Degradation,Degradation
2023-02-28 14:15:00+08:00,0.00016555001849556067,0.14090290138388678,0.5967018332876741,0.00588062596568352,0.25634908934426015,Degradation,1,0.9998344499815044,Degradation,Degradation,Shadowing,Degradation,Degradation
2023-02-28 14:30:00+08:00,0.00011653044053677943,0.12777864706472855,0.27094286094964987,0.02503068724507282,0.576131274300012,Shadowing,1,0.9998834695594632,Shadowing,Shadowing,Shadowing,Shadowing,Shadowing
2023-02-28 14:45:00+08:00,1.2722041714788466e-05,0.024304979766121858,0.0887783484807119,0.01881115755746172,0.8680927921539897,Shadowing,1,0.9999872779582852,Shadowing,Shadowing,Shadowing,Shadowing,Shadowing
2023-02-28 15:00:00+08:00,3.450706620029679e-06,0.0013378492915006699,0.00038131046380615857,0.000346474729449799,0.9979309148086234,Shadowing,1,0.99999654929338,Shadowing,Shadowing,Shadowing,Shadowing,Shadowing
2023-02-28 15:15:00+08:00,2.75033103447354e-06,6.793146267912522e-06,9.449732092304873e-06,3.611742496993967e-08,0.9999809706731803,Shadowing,1,0.9999972496689655,Shadowing,Shadowing,Shadowing,Shadowing,Shadowing
2023-02-28 15:30:00+08:00,1.5201299724925945e-06,2.7555657705100168e-08,6.604887658397395e-08,6.746221456665393e-10,0.999998385590871,Shadowing,1,0.9999984798700275,Shadowing,Shadowing,Shadowing,Shadowing,Shadowing
2023-02-28 15:45:00+08:00,0.00013934579358106848,4.087245593383018e-09,5.696186691146236e-08,1.9152906613386698e-09,0.9998605912420157,Shadowing,1,0.9998606542064189,Shadowing,Shadowing,Shadowing,Shadowing,Shadowing
2023-02-28 16:00:00+08:00,0.0005850311580161967,1.5750253040206878e-09,2.285085584501089e-08,2.964277764412304e-09,0.999414941451825,Shadowing,1,0.9994149688419838,Shadowing,Shadowing,Shadowing,Shadowing,Shadowing
2023-02-28 16:15:00+08:00,0.00046265783657553747,3.675148947609889e-10,1.7292047991586963e-10,1.0538821715901005e-09,0.9995373405691069,Shadowing,1,0.9995373421634245,Shadowing,Shadowing,Shadowing,Shadowing,Shadowing
2023-02-28 16:30:00+08:00,0.001246960489791511,1.68802626550228e-11,8.047110660991833e-11,6.769851881239186e-10,0.9987530387358718,Shadowing,1,0.9987530395102084,Shadowing,Shadowing,Shadowing,Shadowing,Shadowing
2023-02-28 16:45:00+08:00,0.0009576692627267281,1.405566249516377e-14,9.567467501220086e-11,3.245230664811828e-11,0.9990423306091323,Shadowing,1,0.9990423307372732,Shadowing,Shadowing,Shadowing,Shadowing,Shadowing
2023-02-28 17:00:00+08:00,0.0039432275332940865,3.5933435340299434e-07,9.031069040686837e-08,9.59386829476306e-11,0.9960563227257235,Shadowing,1,0.9960567724667059,Shadowing,Shadowing,Shadowing,Shadowing,Shadowing
2023-02-28 17:15:00+08:00,0.9130594004190329,7.309423700673008e-11,1.884356779277064e-09,2.7742306668533177e-08,0.08694056988120949,Normal,0,0.08694059958096712,Normal,Normal,Normal,Normal,Normal
2023-02-28 17:30:00+08:00,0.8163809356860243,7.569461194731878e-12,3.788590635966216e-10,1.1457183180097505e-07,0.18361894935571527,Normal,0,0.18361906431397568,Normal,Normal,Normal,Normal,Normal
2023-02-28 17:45:00+08:00,0.9687423848227479,1.4769817855905592e-11,3.440266943130837e-10,8.448032103415934e-08,0.03125753033813462,Normal,0,0.03125761517725212,Normal,Normal,Normal,Normal,Normal
2023-11-01 07:15:00+08:00,0.2670899868928747,8.576099970920002e-13,1.208296713641415e-09,1.826511762239735e-08,0.7329099936328534,Shadowing,1,0.7329100131071253,Normal,Shadowing,Shadowing,Shadowing,Shadowing
2023-11-01 07:30:00+08:00,0.024108040479062,6.75144754675942e-14,5.378146202886277e-10,5.709383863568313e-10,0.9758919584121173,Shadowing,1,0.975891959520938,Shadowing,Shadowing,Shadowing,Shadowing,Shadowing
2023-11-01 07:45:00+08:00,0.0037168326427300335,1.2173464214254284e-14,1.503866589090259e-10,7.155727808767156e-11,0.996283167135314,Shadowing,1,0.99628316735727,Shadowing,Shadowing,Shadowing,Shadowing,Shadowing
2023-11-01 08:00:00+08:00,0.00987933237619677,2.6410818642907548e-14,7.92122962162786e-10,2.0732364928330478e-10,0.9901206666243303,Shadowing,1,0.9901206676238032,Shadowing,Shadowing,Shadowing,Shadowing,Shadowing
2023-11-01 08:15:00+08:00,0.00729483589045221,2.8073081108100904e-12,8.200290496707446e-10,1.2570000084131232e-09,0.9927051620297114,Shadowing,1,0.9927051641095478,Shadowing,Shadowing,Shadowing,Shadowing,Shadowing
2023-11-01 08:30:00+08:00,0.009251378735341827,1.806249461182443e-10,3.262771538924992e-09,1.2108858746923733e-09,0.9907486166103758,Shadowing,1,0.9907486212646581,Shadowing,Shadowing,Shadowing,Shadowing,Shadowing
2023-11-01 08:45:00+08:00,0.12143620217476521,3.3182061724639394e-09,5.25928517586772e-08,2.1999976145839867e-08,0.8785637199142007,Shadowing,1,0.8785637978252347,Shadowing,Shadowing,Shadowing,Shadowing,Shadowing
2023-11-01 09:00:00+08:00,0.20101910757293787,6.744464749964862e-09,2.663556776678995e-07,8.604392080677736e-10,0.7989806184664806,Shadowing,1,0.7989808924270622,Shadowing,Shadowing,Shadowing,Shadowing,Shadowing
2023-11-01 09:15:00+08:00,0.2403611158241882,1.8891357213984247e-07,1.0253748647698636e-06,1.5275471111965925e-10,0.7596376697346202,Shadowing,1,0.7596388841758118,Shadowing,Shadowing,Shadowing,Shadowing,Shadowing
2023-11-01 09:30:00+08:00,0.28176961504809556,3.1486137443778873e-06,6.439173673445556e-06,7.368335886108708e-11,0.7182207970908033,Shadowing,1,0.7182303849519045,Shadowing,Shadowing,Shadowing,Shadowing,Shadowing
2023-11-01 09:45:00+08:00,0.07271603223040744,0.00012602691008884448,4.173334746473631e-05,1.0406413148015595e-11,0.9271162075016326,Shadowing,1,0.9272839677695925,Shadowing,Shadowing,Shadowing,Shadowing,Shadowing
2023-11-01 10:00:00+08:00,0.007835429932171248,0.04224481334052052,0.0008080732150122447,6.791882453154202e-13,0.949111683511617,Shadowing,1,0.9921645700678288,Shadowing,Shadowing,Shadowing,Shadowing,Shadowing
2023-11-01 10:15:00+08:00,5.258106958698622e-05,0.0188490779102402,0.00036877171851773966,6.027892576561665e-14,0.9807295693015948,Shadowing,1,0.9999474189304131,Shadowing,Shadowing,Shadowing,Shadowing,Shadowing
2023-11-01 10:30:00+08:00,7.555722644811763e-06,0.011976592843483038,0.0003799734463072013,2.5749146978132126e-12,0.98763587798499,Shadowing,1,0.9999924442773552,Shadowing,Shadowing,Shadowing,Shadowing,Shadowing
2023-11-01 10:45:00+08:00,1.0943051063266795e-05,0.031489925045597444,0.004227183766309332,1.093433633020294e-08,0.9642719372026937,Shadowing,1,0.9999890569489367,Shadowing,Shadowing,Shadowing,Shadowing,Shadowing
2023-11-01 11:00:00+08:00,0.0001786433445901933,0.13177330184355887,0.04913236565485059,1.5107819678962143e-06,0.8189141783750324,Shadowing,1,0.9998213566554098,Shadowing,Shadowing,Shadowing,Shadowing,Shadowing
2023-11-01 11:15:00+08:00,0.00033960531690638144,0.10027197286844455,0.22863374428766195,4.755214947184345e-05,0.6707071253775152,Shadowing,1,0.9996603946830936,Shadowing,Shadowing,Degradation,Shadowing,Shadowing
2023-11-01 11:30:00+08:00,0.0003332561484255768,0.10815009302958276,0.3113204586221089,0.00016449936121812756,0.5800316928386646,Shadowing,1,0.9996667438515744,Shadowing,Shadowing,Degradation,Shadowing,Shadowing
2023-11-01 11:45:00+08:00,0.0003714516236801377,0.11613942425888688,0.35302618798830326,0.0001663677077737228,0.530296568421356,Shadowing,1,0.9996285483763199,Shadowing,Shadowing,Degradation,Degradation,Shadowing
2023-11-01 12:00:00+08:00,0.00032593470041549535,0.11779913483652985,0.3466580442794001,0.0003017588353383239,0.5349151273483163,Shadowing,1,0.9996740652995845,Shadowing,Shadowing,Degradation,Degradation,Shadowing
2023-11-01 12:15:00+08:00,0.0002777476549394358,0.11715531925136177,0.3254194543983141,0.0005329477325572888,0.5566145309628274,Shadowing,1,0.9997222523450605,Shadowing,Shadowing,Degradation,Shadowing,Shadowing
2023-11-01 12:30:00+08:00,0.0002237757752057022,0.1102522004832676,0.28968303451619803,0.0008165205205617578,0.5990244687047669,Shadowing,1,0.9997762242247943,Shadowing,Shadowing,Degradation,Shadowing,Shadowing
2023-11-01 12:45:00+08:00,0.00011957001692995307,0.09087938431514513,0.23194030011405373,0.0018647261562185157,0.6751960193976527,Shadowing,1,0.99988042998307,Shadowing,Shadowing,Degradation,Shadowing,Shadowing
2023-11-01 13:00:00+08:00,3.9059502939048e-05,0.07673925549003928,0.18351295956756036,0.005418327054023652,0.7342903983854377,Shadowing,1,0.999960940497061,Shadowing,Shadowing,Degradation,Shadowing,Shadowing
2023-11-01 13:15:00+08:00,1.1804517543494125e-05,0.027621233790278466,0.06256815583394153,0.0006049456562823003,0.9091938602019543,Shadowing,1,0.9999881954824565,Shadowing,Shadowing,Shadowing,Shadowing,Shadowing
2023-11-01 13:30:00+08:00,3.973447521662422e-06,0.004749364408624323,0.0010802402503229248,6.686893217703382e-05,0.994099552961354,Shadowing,1,0.9999960265524783,Shadowing,Shadowing,Shadowing,Shadowing,Shadowing
2023-11-01 13:45:00+08:00,1.8464884541488972e-06,0.0005056633291727816,0.0001225391099734682,1.1482838012410206e-07,0.9993698362440195,Shadowing,1,0.9999981535115459,Shadowing,Shadowing,Shadowing,Shadowing,Shadowing
2023-11-01 14:00:00+08:00,3.947258822878768e-06,1.2928597381645755e-05,1.1105353093732454e-05,7.886529695974612e-09,0.999972010904172,Shadowing,1,0.9999960527411771,Shadowing,Shadowing,Shadowing,Shadowing,Shadowing
2023-11-01 14:15:00+08:00,6.464915467478024e-06,2.7779093260374316e-07,6.30301975268369e-07,8.219678241424077e-10,0.9999926261696569,Shadowing,1,0.9999935350845325,Shadowing,Shadowing,Shadowing,Shadowing,Shadowing
2023-11-01 14:30:00+08:00,5.7832614415034324e-05,6.158029965600951e-08,1.7514241368167992e-07,1.8356009774778944e-09,0.9999419288272706,Shadowing,1,0.999942167385585,Shadowing,Shadowing,Shadowing,Shadowing,Shadowing
2023-11-01 14:45:00+08:00,0.0004460891862150802,2.679433112680995e-08,1.1338399285914528e-07,4.489651431272605e-09,0.9995537661458096,Shadowing,1,0.999553910813785,Shadowing,Shadowing,Shadowing,Shadowing,Shadowing
2023-11-01 15:00:00+08:00,0.0007217527510972934,6.610227331295582e-09,3.435038012234993e-08,5.041691160588208e-09,0.999278201246604,Shadowing,1,0.9992782472489027,Shadowing,Shadowing,Shadowing,Shadowing,Shadowing
2023-11-01 15:15:00+08:00,0.0023997934897204676,1.5329733420548913e-09,6.735544075727686e-10,3.464370083961847e-09,0.9976002008393816,Shadowing,1,0.9976002065102796,Shadowing,Shadowing,Shadowing,Shadowing,Shadowing
2023-11-01 15:30:00+08:00,0.0015420326534545813,8.68719042244226e-11,2.3523093370614647e-10,1.9811139610520388e-09,0.9984579650433286,Shadowing,1,0.9984579673465455,Shadowing,Shadowing,Shadowing,Shadowing,Shadowing
2023-11-01 15:45:00+08:00,0.0032733033445545004,6.473338781250579e-13,2.8258382676963024e-10,3.4806431318508584e-10,0.9967266960241501,Shadowing,1,0.9967266966554456,Shadowing,Shadowing,Shadowing,Shadowing,Shadowing
2023-11-01 16:00:00+08:00,0.602775517998454,2.8567731025172626e-10,1.3131945291803433e-08,1.468328583409119e-08,0.39722445390063754,Normal,0,0.39722448200154603,Normal,Normal,Normal,Normal,Shadowing
2023-11-01 16:15:00+08:00,7.695156817266466e-06,7.440288915686592e-06,1.701969174735975e-09,4.0699711269344383e-14,0.9999848628522571,Shadowing,1,0.9999923048431827,Shadowing,Shadowing,Shadowing,Shadowing,Shadowing
2023-11-01 16:30:00+08:00,0.19531805058956556,2.798618166666734e-08,5.5417161015232625e-08,8.829682381380459e-09,0.8046818571774095,Shadowing,1,0.8046819494104345,Normal,Shadowing,Shadowing,Shadowing,Shadowing
2023-11-01 16:45:00+08:00,0.8864123228728094,2.736083696454895e-11,7.488132905826953e-10,9.743323216825391e-08,0.11358757891778445,Normal,0,0.11358767712719064,Normal,Normal,Normal,Normal,Normal
2023-11-01 17:00:00+08:00,0.9663867814403069,2.500366964485757e-11,4.964011828392026e-10,8.686575764333661e-08,0.033613131172530744,Normal,0,0.033613218559693125,Normal,Normal,Normal,Normal,Normal
2023-11-02 07:15:00+08:00,0.8731468817415047,1.1948891330244275e-11,1.0730047416282944e-09,3.9928596698296863e-08,0.12685307724494488,Normal,0,0.12685311825849532,Normal,Normal,Normal,Normal,Normal
2023-11-02 07:30:00+08:00,0.8568254232644138,1.8746348024921574e-11,1.9742185557500436e-09,2.4733560257393477e-08,0.1431745500090611,Normal,0,0.1431745767355862,Normal,Normal,Normal,Normal,Normal
2023-11-02 07:45:00+08:00,0.7563373598900822,6.059002958178379e-12,2.0955864446549648e-09,2.395721937714373e-08,0.24366261405105294,Normal,0,0.24366264010991778,Normal,Normal,Normal,Normal,Normal
2023-11-02 08:00:00+08:00,0.010636561003857422,8.804615311957341e-14,9.767256299190575e-10,2.0712369812236398e-10,0.9893634378122054,Shadowing,1,0.9893634389961425,Shadowing,Shadowing,Shadowing,Shadowing,Shadowing
2023-11-02 08:15:00+08:00,0.22195180157617672,7.101150392182099e-08,9.675004243399011e-08,2.0043993578643274e-10,0.7780480304618369,Shadowing,1,0.7780481984238232,Normal,Shadowing,Shadowing,Shadowing,Shadowing
2023-11-02 08:30:00+08:00,9.512905991643118e-06,9.345846980223634e-06,5.440472494054053e-09,1.1575854988199116e-16,0.9999811358065556,Shadowing,1,0.9999904870940084,Shadowing,Shadowing,Shadowing,Shadowing,Shadowing
2023-11-02 08:45:00+08:00,1.0178071255636969e-07,2.92318429457449e-06,3.039743578151686e-11,7.086660016228374e-20,0.9999969750045954,Shadowing,1,0.9999998982192875,Shadowing,Shadowing,Shadowing,Shadowing,Shadowing
2023-11-02 09:00:00+08:00,0.7083060407689273,3.481845531367767e-10,9.4535346864954e-09,1.709164480198583e-08,0.2916939323377087,Normal,0,0.29169395923107266,Normal,Normal,Normal,Normal,Shadowing
2023-11-02 09:15:00+08:00,0.0002120013468333219,9.985424914337971e-11,1.8679681060476274e-09,2.555153639536655e-10,0.9997879964298291,Shadowing,1,0.9997879986531667,Shadowing,Shadowing,Shadowing,Shadowing,Shadowing
2023-11-02 09:30:00+08:00,0.09837340071137099,3.273933618800557e-11,1.6829483372017145e-08,1.3236258118688672e-08,0.9016265691901483,Shadowing,1,0.901626599288629,Shadowing,Shadowing,Shadowing,Shadowing,Shadowing
2023-11-02 09:45:00+08:00,3.1997679653649895e-06,3.835225379591186e-05,1.9287958748431696e-05,1.3873053576544179e-08,0.9999391461464366,Shadowing,1,0.9999968002320346,Shadowing,Shadowing,Shadowing,Shadowing,Shadowing
2023-11-02 10:00:00+08:00,0.4050335670643184,4.811861883507324e-16,3.348460700100742e-11,1.099864001861461e-21,0.5949664329021965,Shadowing,1,0.5949664329356816,Shadowing,Shadowing,Shadowing,Normal,Normal
2023-11-02 10:15:00+08:00,0.9521887433985394,1.9705799807829325e-07,0.00132880148668859,7.816023265354726e-15,0.04648225805676609,Normal,0,0.04781125660146057,Normal,Normal,Normal,Normal,Normal
2023-11-02 10:30:00+08:00,2.4091960795742435e-06,0.003689624849278661,0.0005672499567386217,1.08221307492212e-06,0.9957396337848282,Shadowing,1,0.9999975908039205,Shadowing,Shadowing,Shadowing,Shadowing,Shadowing
2023-11-02 10:45:00+08:00,8.32734718809449e-06,0.01288430659831009,0.019123402938316998,0.048717496132365194,0.9192664669838196,Shadowing,1,0.9999916726528119,Shadowing,Shadowing,Shadowing,Shadowing,Shadowing
2023-11-02 11:00:00+08:00,8.187194136764251e-07,0.0026240344016174788,0.00014662952639768855,5.769748234416247e-12,0.9972285173468014,Shadowing,1,0.9999991812805863,Shadowing,Shadowing,Shadowing,Shadowing,Shadowing
2023-11-02 11:15:00+08:00,0.9885974023823512,7.769709954130093e-09,7.298089671574923e-06,1.3328504031001191e-15,0.01139529175826608,Normal,0,0.011402597617648835,Normal,Normal,Normal,Normal,Normal
2023-11-02 11:30:00+08:00,0.007272648213962708,0.6612363962095844,0.3262130500411555,3.9328007233822795e-12,0.0052779055313646305,Short-Circuit,1,0.9927273517860373,Short-Circuit,Short-Circuit,Short-Circuit,Short-Circuit,Short-Circuit
2023-11-02 11:45:00+08:00,1.576162556985767e-05,2.6123728081132676e-07,3.507461768069346e-07,1.1279103739904809e-09,0.9999836252630621,Shadowing,1,0.9999842383744302,Shadowing,Shadowing,Shadowing,Shadowing,Shadowing
2023-11-02 12:00:00+08:00,1.8052221647415986e-05,0.037161524797808515,0.14824681324246913,0.016381060775759952,0.798192548962315,Shadowing,1,0.9999819477783526,Shadowing,Shadowing,Degradation,Shadowing,Shadowing
2023-11-02 12:15:00+08:00,1.2254395179429092e-05,0.03810783158170866,0.08073494330457065,0.29178918919653024,0.5893557815220111,Shadowing,1,0.9999877456048206,Shadowing,Shadowing,Shadowing,Shadowing,Open-Circuit
2023-11-02 12:30:00+08:00,0.6095826578392812,1.1673463109951329e-05,1.286520216162385e-05,5.425183140784537e-11,0.3903928034411953,Normal,0,0.39041734216071877,Normal,Normal,Normal,Shadowing,Normal
2023-11-02 12:45:00+08:00,0.0002880593633433911,5.088834666059287e-05,8.777230934276451e-06,7.1171543262873635e-12,0.9996522750519444,Shadowing,1,0.9997119406366566,Shadowing,Shadowing,Shadowing,Shadowing,Shadowing
2023-11-02 13:00:00+08:00,7.190545963081168e-07,0.001781942461017891,8.533963186607352e-05,3.3170353440503826e-12,0.9981319988492027,Shadowing,1,0.9999992809454037,Shadowing,Shadowing,Shadowing,Shadowing,Shadowing
2023-11-02 13:15:00+08:00,1.782350634709325e-05,0.0427433465027572,0.14409845245896175,0.04174550707898071,0.7713948704529534,Shadowing,1,0.999982176493653,Shadowing,Shadowing,Degradation,Shadowing,Shadowing
2023-11-02 13:30:00+08:00,2.34443106208114e-06,0.0055781978875284535,0.0008902200569362908,2.882663196398115e-07,0.9935289493581536,Shadowing,1,0.9999976555689379,Shadowing,Shadowing,Shadowing,Shadowing,Shadowing
2023-11-02 13:45:00+08:00,1.937511408206788e-06,0.00027755916500355447,6.693402389681779e-05,1.1314514076854856e-08,0.9996535579851773,Shadowing,1,0.9999980624885918,Shadowing,Shadowing,Shadowing,Shadowing,Shadowing
2023-11-02 14:00:00+08:00,5.4450044939418105e-06,0.01542169871054321,0.009278913511519039,8.93009222516094e-05,0.9752046418511922,Shadowing,1,0.999994554995506,Shadowing,Shadowing,Shadowing,Shadowing,Shadowing
2023-11-02 14:15:00+08:00,5.79907562184507e-06,1.6735755981702445e-07,1.896717235171412e-07,1.058879904202041e-09,0.999993842836215,Shadowing,1,0.9999942009243782,Shadowing,Shadowing,Shadowing,Shadowing,Shadowing
2023-11-02 14:30:00+08:00,9.472575579836969e-05,5.5691542976275365e-08,1.6232268345511173e-07,2.242323119464104e-09,0.9999050539876521,Shadowing,1,0.9999052742442016,Shadowing,Shadowing,Shadowing,Shadowing,Shadowing
2023-11-02 14:45:00+08:00,0.0006014523362201891,2.0873561484018463e-08,9.27461279642349e-08,6.035432324664298e-09,0.9993984280086579,Shadowing,1,0.9993985476637798,Shadowing,Shadowing,Shadowing,Shadowing,Shadowing
2023-11-02 15:00:00+08:00,0.001114571147522209,7.401017904962531e-09,8.215857043135503e-09,5.6679678351814385e-09,0.998885407567635,Shadowing,1,0.9988854288524778,Shadowing,Shadowing,Shadowing,Shadowing,Shadowing
2023-11-02 15:15:00+08:00,0.0004155910940718671,9.48613005373566e-12,2.938914544696197e-11,4.568809926979372e-10,0.9995844084101719,Shadowing,1,0.9995844089059281,Shadowing,Shadowing,Shadowing,Shadowing,Shadowing
2023-11-02 15:30:00+08:00,0.6057292755932148,1.29642848132597e-11,6.078045342294017e-09,2.1358441840025884e-08,0.3942706969573339,Normal,0,0.39427072440678523,Normal,Normal,Shadowing,Normal,Shadowing
2023-11-02 15:45:00+08:00,0.4601499141691906,7.29137409166549e-12,6.123542180618881e-09,1.480451638211025e-08,0.5398500648954595,Shadowing,1,0.5398500858308094,Normal,Shadowing,Shadowing,Shadowing,Shadowing
2023-11-02 16:00:00+08:00,0.7234810361023853,4.159867152924843e-10,8.969489302092535e-09,1.7443308779264788e-08,0.2765189370688298,Normal,0,0.27651896389761466,Normal,Normal,Normal,Normal,Shadowing
2023-11-02 16:15:00+08:00,0.0001719669006006144,4.184469241808806e-06,4.2128184353545065e-08,1.5039174160604604e-12,0.9998238065004692,Shadowing,1,0.9998280330993994,Shadowing,Shadowing,Shadowing,Shadowing,Shadowing
2023-11-02 16:30:00+08:00,0.826030551220869,6.006631501611427e-11,3.884343732195061e-09,2.1905246270019405e-08,0.17396942292947465,Normal,0,0.173969448779131,Normal,Normal,Normal,Normal,Normal
2023-11-02 16:45:00+08:00,0.8589398664566961,9.294658919963555e-12,1.1339518869819392e-09,3.536982870330608e-08,0.14106009703022876,Normal,0,0.14106013354330393,Normal,Normal,Normal,Normal,Normal
2023-11-02 17:00:00+08:00,0.925234309230825,2.7791893151187658e-11,6.819728661431483e-10,9.464076531691592e-08,0.074765595418645,Normal,0,0.07476569076917505,Normal,Normal,Normal,Normal,Normal
2023-11-03 07:15:00+08:00,0.896836268581992,2.1946436532609383e-11,1.475424279591929e-09,2.9660122353570704e-08,0.10316370026051506,Normal,0,0.10316373141800805,Normal,Normal,Normal,Normal,Normal
2023-11-03 07:30:00+08:00,0.7094970471254947,1.860883509308971e-11,4.876946960313571e-09,2.2026785206944082e-08,0.2905029259521643,Normal,0,0.29050295287450534,Normal,Normal,Normal,Normal,Normal
2023-11-03 07:45:00+08:00,0.24520954206704487,3.803900433211945e-12,8.476633806029506e-09,2.6834346820885217e-09,0.7547904467690827,Shadowing,1,0.7547904579329552,Normal,Shadowing,Shadowing,Shadowing,Shadowing
2023-11-03 08:00:00+08:00,0.027032813362198392,7.055951975093245e-13,6.734762183499682e-09,3.573481649355671e-10,0.9729671795449857,Shadowing,1,0.9729671866378016,Shadowing,Shadowing,Shadowing,Shadowing,Shadowing
2023-11-03 08:15:00+08:00,0.31806524586271,4.055441304417898e-12,4.937360219555379e-08,6.494244901972355e-09,0.6819346982653874,Shadowing,1,0.68193475413729,Shadowing,Shadowing,Shadowing,Shadowing,Shadowing
2023-11-03 08:30:00+08:00,0.006654025957998633,3.404120112252212e-11,1.2409701235505092e-08,9.810307941430055e-11,0.9933459615001559,Shadowing,1,0.9933459740420014,Shadowing,Shadowing,Shadowing,Shadowing,Shadowing
2023-11-03 08:45:00+08:00,0.03042483851002062,2.7572507761088944e-13,3.1641294348254347e-09,3.976313458946949e-10,0.9695751579279428,Shadowing,1,0.9695751614899794,Shadowing,Shadowing,Shadowing,Shadowing,Shadowing
2023-11-03 09:00:00+08:00,0.4569696867145027,1.5174561290792165e-11,9.75630827679544e-09,1.0927447211316226e-08,0.5430302925865673,Shadowing,1,0.5430303132854972,Normal,Shadowing,Shadowing,Shadowing,Shadowing
2023-11-03 09:15:00+08:00,0.5479091078811096,4.6793907276715946e-12,3.485657404876876e-09,2.3299236630492734e-08,0.4520908653293171,Normal,0,0.4520908921188904,Normal,Normal,Shadowing,Shadowing,Normal
2023-11-03 09:30:00+08:00,0.0034935385053427776,5.502847783140827e-15,8.420817358165764e-11,3.097272949538902e-11,0.9965064613794707,Shadowing,1,0.9965064614946573,Shadowing,Shadowing,Shadowing,Shadowing,Shadowing
2023-11-03 09:45:00+08:00,0.005592151647154178,2.656055753461987e-14,3.089966131565903e-10,9.894624055502245e-11,0.9944078479448762,Shadowing,1,0.9944078483528458,Shadowing,Shadowing,Shadowing,Shadowing,Shadowing
2023-11-03 10:00:00+08:00,0.04803764360597128,1.0361093840752222e-12,9.834779961773543e-09,4.969161236139009e-10,0.9519623460612964,Shadowing,1,0.9519623563940287,Shadowing,Shadowing,Shadowing,Shadowing,Shadowing
2023-11-03 10:15:00+08:00,0.024317961774361067,3.2894196532811534e-12,1.144671146132449e-08,7.603790369981457e-10,0.975682026015259,Shadowing,1,0.9756820382256389,Shadowing,Shadowing,Shadowing,Shadowing,Shadowing
2023-11-03 10:30:00+08:00,0.08697975111871385,1.899278943341392e-10,3.6861360129517516e-08,8.609031292956356e-09,0.9130202032209669,Shadowing,1,0.9130202488812862,Shadowing,Shadowing,Shadowing,Shadowing,Shadowing
2023-11-03 10:45:00+08:00,0.009243230516180898,1.9925255546414853e-07,4.156676869469186e-08,4.0860717021525554e-09,0.9907565245784232,Shadowing,1,0.9907567694838191,Shadowing,Shadowing,Shadowing,Shadowing,Shadowing
2023-11-03 11:00:00+08:00,0.0015865987280557086,2.667044985178485e-07,2.877317355193356e-07,2.189030777140989e-09,0.9984128446466795,Shadowing,1,0.9984134012719443,Shadowing,Shadowing,Shadowing,Shadowing,Shadowing
2023-11-03 11:15:00+08:00,0.01626077494222517,1.4046065977449396e-07,9.894459800241526e-08,1.0657606791359604e-09,0.9837389845867562,Shadowing,1,0.9837392250577748,Shadowing,Shadowing,Shadowing,Shadowing,Shadowing
2023-11-03 11:30:00+08:00,7.73695847334773e-05,4.517554481488859e-07,1.0364822305236411e-06,1.1783224532267359e-10,0.9999211420597558,Shadowing,1,0.9999226304152665,Shadowing,Shadowing,Shadowing,Shadowing,Shadowing
2023-11-03 11:45:00+08:00,0.0010225504351482936,0.09969437775183539,0.4147100851132445,1.2330796137676227e-07,0.4845728633918106,Shadowing,1,0.9989774495648517,Shadowing,Shadowing,Degradation,Degradation,Shadowing
2023-11-03 12:00:00+08:00,0.00016614318136976607,0.0889709580060705,0.2032625474258606,0.00024689310836943705,0.7073534582783297,Shadowing,1,0.9998338568186302,Shadowing,Shadowing,Degradation,Shadowing,Shadowing
2023-11-03 12:15:00+08:00,0.00010546602714530629,0.08297181491750018,0.20756341170249887,0.0010497463224333433,0.7083095610304222,Shadowing,1,0.9998945339728547,Shadowing,Shadowing,Degradation,Shadowing,Shadowing
2023-11-03 12:30:00+08:00,5.1164181191779943e-05,0.08036754412492443,0.17394547856210602,0.0020214293173995935,0.7436143838143783,Shadowing,1,0.9999488358188082,Shadowing,Shadowing,Degradation,Shadowing,Shadowing
2023-11-03 12:45:00+08:00,1.3728997056195808e-05,0.031153625660496377,0.07492099675935592,0.00024218052360741794,0.893669468059484,Shadowing,1,0.9999862710029438,Shadowing,Shadowing,Shadowing,Shadowing,Shadowing
2023-11-03 13:00:00+08:00,1.0488807992571649e-05,0.025285629957182754,0.04887021530823447,0.0008364105189591342,0.9249972554076311,Shadowing,1,0.9999895111920074,Shadowing,Shadowing,Shadowing,Shadowing,Shadowing
2023-11-03 13:15:00+08:00,4.070861790435273e-06,0.0047975792791027224,0.0011135721386000348,8.269317405398805e-05,0.9940020845464528,Shadowing,1,0.9999959291382096,Shadowing,Shadowing,Shadowing,Shadowing,Shadowing
2023-11-03 13:30:00+08:00,1.733491418857484e-06,0.0006633714358420207,0.00014088619910176275,2.1996874931903358e-07,0.9991937889048881,Shadowing,1,0.9999982665085811,Shadowing,Shadowing,Shadowing,Shadowing,Shadowing
2023-11-03 13:45:00+08:00,3.463338727251645e-06,3.140945214239878e-05,1.802930462299921e-05,1.5709599414679535e-08,0.9999470821949078,Shadowing,1,0.9999965366612728,Shadowing,Shadowing,Shadowing,Shadowing,Shadowing
2023-11-03 14:00:00+08:00,6.916576835653769e-06,6.885683539255933e-07,2.0837576266469596e-06,8.335454302910302e-10,0.9999903102636385,Shadowing,1,0.9999930834231644,Shadowing,Shadowing,Shadowing,Shadowing,Shadowing
2023-11-03 14:15:00+08:00,2.1898954172180428e-05,1.829727755839482e-07,1.8649048941360285e-07,1.4218656397877376e-09,0.9999777301606972,Shadowing,1,0.9999781010458278,Shadowing,Shadowing,Shadowing,Shadowing,Shadowing
2023-11-03 14:30:00+08:00,0.00023702147239818903,5.176649367053833e-08,1.500013525869225e-07,3.626525500294369e-09,0.9997627731332301,Shadowing,1,0.9997629785276018,Shadowing,Shadowing,Shadowing,Shadowing,Shadowing
2023-11-03 14:45:00+08:00,0.0007843665371051707,2.1809570050904394e-08,8.875161021026336e-08,7.696300844868311e-09,0.9992155152054136,Shadowing,1,0.9992156334628949,Shadowing,Shadowing,Shadowing,Shadowing,Shadowing
2023-11-03 15:00:00+08:00,0.0014607866171127545,4.770192510914735e-09,3.0267669667425746e-09,4.800396821510848e-09,0.9985392007855308,Shadowing,1,0.9985392133828872,Shadowing,Shadowing,Shadowing,Shadowing,Shadowing
2023-11-03 15:15:00+08:00,0.0012670320831411857,3.8167748544724925e-10,3.892961008671583e-10,1.4426787356304064e-09,0.9987329657032065,Shadowing,1,0.9987329679168588,Shadowing,Shadowing,Shadowing,Shadowing,Shadowing
2023-11-03 15:30:00+08:00,0.0019204969945806095,1.7109684731505473e-11,1.7946165780926924e-10,1.0974829941598848e-09,0.998079501711365,Shadowing,1,0.9980795030054194,Shadowing,Shadowing,Shadowing,Shadowing,Shadowing
2023-11-03 15:45:00+08:00,0.0015180181479299694,2.904474592154962e-14,2.007035789617956e-10,5.975256582032056e-11,0.9984819815915849,Shadowing,1,0.99848198185207,Shadowing,Shadowing,Shadowing,Shadowing,Shadowing
2023-11-03 16:00:00+08:00,0.20806788452895,5.981086717695668e-08,7.94494873798635e-08,8.648891044330583e-10,0.7919319753458063,Shadowing,1,0.79193211547105,Normal,Shadowing,Shadowing,Shadowing,Shadowing
2023-11-03 16:15:00+08:00,1.9295640229462874e-05,9.32711134882348e-06,4.9617956226014275e-09,3.644732000877479e-13,0.9999713722862615,Shadowing,1,0.9999807043597705,Shadowing,Shadowing,Shadowing,Shadowing,Shadowing
2023-11-03 16:30:00+08:00,0.3627425444935959,1.1288469031048784e-08,1.6922120566286186e-08,2.2420492782954683e-08,0.6372574048753217,Shadowing,1,0.6372574555064041,Normal,Shadowing,Shadowing,Shadowing,Shadowing
2023-11-03 16:45:00+08:00,0.871190080681183,2.782795123901593e-11,8.081853700998479e-10,9.738459323491792e-08,0.1288098210982105,Normal,0,0.12880991931881702,Normal,Normal,Normal,Normal,Normal
2023-11-03 17:00:00+08:00,0.9551541827150858,2.661474273664827e-11,5.524141888888701e-10,9.154573266598092e-08,0.04484572516015252,Normal,0,0.04484581728491421,Normal,Normal,Normal,Normal,Normal
2023-11-04 07:15:00+08:00,0.7894506302766893,4.758169505014782e-12,7.569697743362666e-10,5.290392160130421e-08,0.21054931605766117,Normal,0,0.21054936972331073,Normal,Normal,Normal,Normal,Normal
2023-11-04 07:30:00+08:00,0.3459018534237891,1.505877992350508e-12,7.111681454562347e-10,3.943129524308271e-08,0.6540981064322416,Shadowing,1,0.6540981465762109,Normal,Shadowing,Shadowing,Shadowing,Shadowing
2023-11-04 07:45:00+08:00,0.7406212415709261,4.5657348619518375e-12,1.7022140877911166e-09,2.5977077806269463e-08,0.2593787307452164,Normal,0,0.2593787584290739,Normal,Normal,Normal,Normal,Normal
2023-11-04 08:00:00+08:00,0.00041547314256872123,2.5737290387700733e-06,6.766755690894475e-08,3.00629344115512e-12,0.9995818854578292,Shadowing,1,0.9995845268574313,Shadowing,Shadowing,Shadowing,Shadowing,Shadowing
2023-11-04 08:15:00+08:00,0.00868845537683789,5.49650962867425e-07,1.5264096754997038e-07,4.587997771735788e-11,0.9913108422853517,Shadowing,1,0.9913115446231621,Shadowing,Shadowing,Shadowing,Shadowing,Shadowing
2023-11-04 08:30:00+08:00,6.228203531438371e-07,6.216729081884473e-06,3.182008452610787e-10,2.1232282243686485e-19,0.9999931601323642,Shadowing,1,0.9999993771796468,Shadowing,Shadowing,Shadowing,Shadowing,Shadowing
2023-11-04 08:45:00+08:00,0.0002470590220606754,1.9244247592394997e-08,1.3728409201425547e-08,2.953768351282437e-14,0.999752908005253,Shadowing,1,0.9997529409779393,Shadowing,Shadowing,Shadowing,Shadowing,Shadowing
2023-11-04 09:00:00+08:00,0.06102381604029915,2.0312358230479557e-12,3.971015782688931e-09,7.592396651491525e-09,0.9389761723942571,Shadowing,1,0.9389761839597008,Shadowing,Shadowing,Shadowing,Shadowing,Shadowing
2023-11-04 09:15:00+08:00,0.00038811657364969235,2.9542954546885807e-06,7.287332700207301e-08,3.19136874152988e-15,0.9996088562575653,Shadowing,1,0.9996118834263503,Shadowing,Shadowing,Shadowing,Shadowing,Shadowing
2023-11-04 09:30:00+08:00,0.3287623296035142,6.34321011846261e-11,5.378052454596563e-08,1.5325601172774743e-08,0.671237601226928,Shadowing,1,0.6712376703964857,Shadowing,Shadowing,Shadowing,Shadowing,Shadowing
2023-11-04 09:45:00+08:00,0.0018566579896100253,1.1286609098157772e-13,2.1732993478054718e-10,1.212945391291284e-10,0.9981433416716528,Shadowing,1,0.99814334201039,Shadowing,Shadowing,Shadowing,Shadowing,Shadowing
2023-11-04 10:00:00+08:00,1.1616987667927793e-07,3.005233541032821e-06,3.63427881001802e-11,9.030006262149393e-20,0.9999968785602394,Shadowing,1,0.9999998838301233,Shadowing,Shadowing,Shadowing,Shadowing,Shadowing
2023-11-04 10:15:00+08:00,0.350209138008792,0.1484854655234507,0.016603861033678332,7.096050152004654e-12,0.48470153542698285,Shadowing,1,0.6497908619912081,Normal,Shadowing,Shadowing,Short-Circuit,Normal
2023-11-04 10:30:00+08:00,0.6191864877940274,0.00021922687704793554,6.320647148289491e-05,2.8368981185928548e-11,0.38053107882907267,Normal,0,0.3808135122059726,Normal,Normal,Normal,Shadowing,Normal
2023-11-04 10:45:00+08:00,8.97586012618879e-06,0.015343624735988642,0.00043845669031459855,6.330607281896122e-12,0.98420894270724,Shadowing,1,0.9999910241398738,Shadowing,Shadowing,Shadowing,Shadowing,Shadowing
2023-11-04 11:00:00+08:00,1.0184474002141787e-05,0.02837796115387079,0.0053290826778964375,2.8110059183851834e-08,0.9662827435841714,Shadowing,1,0.9999898155259979,Shadowing,Shadowing,Shadowing,Shadowing,Shadowing
2023-11-04 11:15:00+08:00,0.0002084187427443001,0.11745961234398458,0.093938471574468,1.6125467892063228e-05,0.7883773718709111,Shadowing,1,0.9997915812572556,Shadowing,Shadowing,Shadowing,Shadowing,Shadowing
2023-11-04 11:30:00+08:00,0.00013028568724623323,0.09741818030052098,0.14796634516575705,0.00017239341193690322,0.7543127954345389,Shadowing,1,0.9998697143127537,Shadowing,Shadowing,Degradation,Shadowing,Shadowing
2023-11-04 11:45:00+08:00,0.00014915867914320726,0.09068487385133231,0.18423710748509795,0.00023735580278231992,0.7246915041816443,Shadowing,1,0.9998508413208568,Shadowing,Shadowing,Degradation,Shadowing,Shadowing
2023-11-04 12:00:00+08:00,0.00018343216637474455,0.09328212353060075,0.2399636874268626,0.0004306540826192314,0.6661401027935426,Shadowing,1,0.9998165678336253,Shadowing,Shadowing,Degradation,Shadowing,Shadowing
2023-11-04 12:15:00+08:00,0.00011328957478689062,0.08840948543882388,0.22850544314885077,0.0018077230684881815,0.6811640587690502,Shadowing,1,0.9998867104252132,Shadowing,Shadowing,Degradation,Shadowing,Shadowing
2023-11-04 12:30:00+08:00,4.592024721215997e-05,0.07781326913683126,0.18718118519373841,0.004179461866668469,0.7307801635555498,Shadowing,1,0.9999540797527878,Shadowing,Shadowing,Degradation,Shadowing,Shadowing
2023-11-04 12:45:00+08:00,1.9957050662875342e-05,0.037149950084885405,0.13932373087167005,0.0015220434154330532,0.8219843185773487,Shadowing,1,0.9999800429493372,Shadowing,Shadowing,Degradation,Shadowing,Shadowing
2023-11-04 13:00:00+08:00,9.85723777106728e-06,0.02347274257905064,0.04240711785590567,0.0013627927197393775,0.9327474896075332,Shadowing,1,0.999990142762229,Shadowing,Shadowing,Shadowing,Shadowing,Shadowing
2023-11-04 13:15:00+08:00,4.259661539055952e-06,0.004734181435041285,0.0011381085496207065,0.00013773979410235782,0.9939857105596965,Shadowing,1,0.999995740338461,Shadowing,Shadowing,Shadowing,Shadowing,Shadowing
2023-11-04 13:30:00+08:00,1.898171401422037e-06,0.0006210948238138541,0.00015987896724572683,6.902866149648575e-07,0.9992164377509241,Shadowing,1,0.9999981018285986,Shadowing,Shadowing,Shadowing,Shadowing,Shadowing
2023-11-04 13:45:00+08:00,3.438319443247517e-06,4.033420270543153e-05,2.1763145032097424e-05,2.1928855298002887e-08,0.999934442403964,Shadowing,1,0.9999965616805567,Shadowing,Shadowing,Shadowing,Shadowing,Shadowing
2023-11-04 14:00:00+08:00,7.2879216556384795e-06,7.440224231198834e-07,2.2849822053226466e-06,9.140942152480509e-10,0.9999896821596217,Shadowing,1,0.9999927120783444,Shadowing,Shadowing,Shadowing,Shadowing,Shadowing
2023-11-04 14:15:00+08:00,1.7119871953203197e-05,1.957302165845776e-07,1.8966942440049902e-07,1.3233983939000621e-09,0.9999824934050074,Shadowing,1,0.9999828801280468,Shadowing,Shadowing,Shadowing,Shadowing,Shadowing
2023-11-04 14:30:00+08:00,0.00022674899728330613,6.691510427033101e-08,1.6860959551090435e-07,3.454198538349604e-09,0.9997730120238183,Shadowing,1,0.9997732510027167,Shadowing,Shadowing,Shadowing,Shadowing,Shadowing
2023-11-04 14:45:00+08:00,0.0005806439513110606,1.7286237713725512e-08,8.363592313403418e-08,5.776148064384708e-09,0.99941924935038,Shadowing,1,0.9994193560486889,Shadowing,Shadowing,Shadowing,Shadowing,Shadowing
2023-11-04 15:00:00+08:00,0.0010958437687917041,5.465083129318327e-09,5.875983907060728e-09,5.028800339342224e-09,0.998904139861341,Shadowing,1,0.9989041562312083,Shadowing,Shadowing,Shadowing,Shadowing,Shadowing
2023-11-04 15:15:00+08:00,0.0014018241200112896,6.730714388922021e-10,4.694276828866216e-10,2.138216560333818e-09,0.9985981725992732,Shadowing,1,0.9985981758799887,Shadowing,Shadowing,Shadowing,Shadowing,Shadowing
2023-11-04 15:30:00+08:00,0.0021388731969599123,2.97108346681399e-11,2.5174194693134186e-10,1.6666801677613862e-09,0.9978611248549072,Shadowing,1,0.9978611268030401,Shadowing,Shadowing,Shadowing,Shadowing,Shadowing
2023-11-04 15:45:00+08:00,0.002260586071751689,1.421913511254974e-13,2.722328169403148e-10,1.5980744016224802e-10,0.9977394134960658,Shadowing,1,0.9977394139282483,Shadowing,Shadowing,Shadowing,Shadowing,Shadowing
2023-11-04 16:00:00+08:00,0.0002463361108306201,2.6129439181679864e-06,4.6848391998670174e-08,5.071645129890641e-12,0.9997510040917875,Shadowing,1,0.9997536638891694,Shadowing,Shadowing,Shadowing,Shadowing,Shadowing
2023-11-04 16:15:00+08:00,4.618009334031758e-06,6.210497197637844e-06,1.1823940046399786e-09,2.984809574590275e-14,0.9999891703110444,Shadowing,1,0.999995381990666,Shadowing,Shadowing,Shadowing,Shadowing,Shadowing
2023-11-04 16:30:00+08:00,0.2904550276484099,1.4243225370340468e-08,2.1981314027012914e-08,2.3674631165905465e-08,0.7095449124524195,Shadowing,1,0.7095449723515901,Normal,Shadowing,Shadowing,Shadowing,Shadowing
2023-11-04 16:45:00+08:00,0.9464271481247064,2.5287000522748056e-11,5.640526278162288e-10,9.416869188066991e-08,0.05357275711726221,Normal,0,0.05357285187529359,Normal,Normal,Normal,Normal,Normal
2023-11-04 17:00:00+08:00,0.9821306958291691,1.7086601098940926e-11,3.676863125845827e-10,6.757615367478457e-08,0.01786923620990446,Normal,0,0.01786930417083088,Normal,Normal,Normal,Normal,Normal
2023-11-05 07:15:00+08:00,0.8553303385896139,1.2562170585974045e-11,8.699738368063355e-10,6.238443943147334e-08,0.14466959814341052,Normal,0,0.14466966141038606,Normal,Normal,Normal,Normal,Normal
2023-11-05 07:30:00+08:00,0.8194258140392735,1.1806641156808251e-11,5.354005328583496e-10,1.1158996588063824e-07,0.18057407382355345,Normal,0,0.1805741859607265,Normal,Normal,Normal,Normal,Normal
2023-11-05 07:45:00+08:00,0.020309533194296216,3.288163299134914e-14,1.203089364429527e-10,1.0186712325610135e-09,0.9796904656666907,Shadowing,1,0.9796904668057038,Shadowing,Shadowing,Shadowing,Shadowing,Shadowing
2023-11-05 08:00:00+08:00,0.0020235610699203014,1.6384106406043824e-15,3.1035752736272934e-11,9.359247117229425e-12,0.997976438889683,Shadowing,1,0.9979764389300797,Shadowing,Shadowing,Shadowing,Shadowing,Shadowing
2023-11-05 08:15:00+08:00,0.08274793226114734,4.271664568505569e-13,1.98561278835003e-09,1.9839553094352253e-09,0.9172520637688575,Shadowing,1,0.9172520677388527,Shadowing,Shadowing,Shadowing,Shadowing,Shadowing
2023-11-05 08:30:00+08:00,0.5599373408259949,5.940688600306467e-11,1.2137965843262917e-08,1.542642375782747e-08,0.44006263155020875,Normal,0,0.4400626591740051,Normal,Normal,Shadowing,Normal,Shadowing
2023-11-05 08:45:00+08:00,0.0006659755584274274,2.428796540326206e-06,1.0103027883567356e-07,3.7707943956569907e-13,0.9993314946143762,Shadowing,1,0.9993340244415726,Shadowing,Shadowing,Shadowing,Shadowing,Shadowing
2023-11-05 09:00:00+08:00,0.009733931182729028,1.2997768806235945e-14,3.0451751902818506e-10,1.6279066302405037e-10,0.9902660683499498,Shadowing,1,0.990266068817271,Shadowing,Shadowing,Shadowing,Shadowing,Shadowing
2023-11-05 09:15:00+08:00,0.00019583915754654564,2.949414482510887e-14,4.0015447176100565e-14,3.2945132795882476e-23,0.999804160842384,Shadowing,1,0.9998041608424535,Shadowing,Shadowing,Shadowing,Shadowing,Shadowing
2023-11-05 09:30:00+08:00,0.02388699276367358,3.2575022335368983e-10,4.951475137545194e-08,1.3635921230548405e-11,0.976112957382189,Shadowing,1,0.9761130072363264,Shadowing,Shadowing,Shadowing,Shadowing,Shadowing
2023-11-05 09:45:00+08:00,4.69435804589563e-08,7.583557527362178e-09,1.5898598468041026e-06,0.00012697097451755317,0.9998713846384977,Shadowing,1,0.9999999530564195,Shadowing,Shadowing,Shadowing,Shadowing,Shadowing
2023-11-05 10:00:00+08:00,0.00020615368380133567,1.2774470361183068e-08,8.358539007925636e-08,2.740238403051026e-09,0.9997937472160998,Shadowing,1,0.9997938463161986,Shadowing,Shadowing,Shadowing,Shadowing,Shadowing
2023-11-05 10:15:00+08:00,0.5729256284717723,2.882250870356374e-05,6.185871235955634e-05,3.5389212895757085e-13,0.4269836903068107,Normal,0,0.4270743715282277,Normal,Shadowing,Shadowing,Normal,Normal
2023-11-05 10:30:00+08:00,0.23443654352356233,1.8441761003023304e-15,1.2525470758337165e-15,8.039140891520757e-25,0.7655634564764344,Shadowing,1,0.7655634564764376,Shadowing,Shadowing,Shadowing,Shadowing,Normal
2023-11-05 10:45:00+08:00,0.5127424195550474,6.941183784900708e-07,3.119150017569352e-06,1.2885828345926195e-10,0.4872537670476983,Normal,0,0.4872575804449526,Normal,Shadowing,Normal,Shadowing,Normal
2023-11-05 11:00:00+08:00,0.29158051105062716,1.3056281624959834e-09,2.1675802889400565e-07,7.441750400400059e-11,0.7084192708112982,Shadowing,1,0.7084194889493729,Shadowing,Shadowing,Shadowing,Shadowing,Shadowing
2023-11-05 11:15:00+08:00,0.10647196668115984,9.242842241755987e-11,6.05282116924435e-09,2.0281212353585267e-18,0.8935280271735906,Shadowing,1,0.8935280333188401,Shadowing,Shadowing,Shadowing,Normal,Shadowing
2023-11-05 11:30:00+08:00,6.754157658854911e-07,0.0013300392028897938,6.539435170221668e-05,1.3289635215411685e-11,0.9986038910163524,Shadowing,1,0.9999993245842341,Shadowing,Shadowing,Shadowing,Shadowing,Shadowing
2023-11-05 11:45:00+08:00,8.732367243887816e-05,0.09147828640725315,0.15218015911578295,0.0004430147955539196,0.7558112160089712,Shadowing,1,0.9999126763275611,Shadowing,Shadowing,Degradation,Shadowing,Shadowing
2023-11-05 12:00:00+08:00,0.00013686726769059448,0.09244789605137095,0.23862976020917998,0.0013254838099085503,0.6674599926618499,Shadowing,1,0.9998631327323094,Shadowing,Shadowing,Degradation,Shadowing,Shadowing
2023-11-05 12:15:00+08:00,3.885761866908234e-05,0.07458178459542977,0.18042815838621573,0.004446110145301832,0.7405050892543836,Shadowing,1,0.9999611423813309,Shadowing,Shadowing,Degradation,Shadowing,Shadowing
2023-11-05 12:30:00+08:00,3.0394727031191798e-05,0.05788023780775875,0.17501934270718475,0.003304977220723898,0.7637650475373015,Shadowing,1,0.9999696052729689,Shadowing,Shadowing,Degradation,Shadowing,Shadowing
2023-11-05 12:45:00+08:00,1.559996574787957e-05,0.031570664164849285,0.10127299135941834,0.0007349660720246586,0.86640577843796,Shadowing,1,0.9999844000342522,Shadowing,Shadowing,Shadowing,Shadowing,Shadowing
2023-11-05 13:00:00+08:00,9.405778063256855e-06,0.021083751328878703,0.0367820572000278,0.0032932662141807005,0.9388315194788495,Shadowing,1,0.9999905942219367,Shadowing,Shadowing,Shadowing,Shadowing,Shadowing
2023-11-05 13:15:00+08:00,5.441578469962726e-06,0.00560422386943295,0.0017756167077680296,0.0012457288615211838,0.9913689889828079,Shadowing,1,0.9999945584215301,Shadowing,Shadowing,Shadowing,Shadowing,Shadowing
2023-11-05 13:30:00+08:00,2.3110403370764e-06,0.0008589361889763867,0.0002172547681429929,7.26946634564939e-06,0.9989142285361978,Shadowing,1,0.9999976889596629,Shadowing,Shadowing,Shadowing,Shadowing,Shadowing
2023-11-05 13:45:00+08:00,3.533660573859477e-06,6.498246918579254e-05,3.38917616668725e-05,6.130933069044029e-08,0.9998975307992426,Shadowing,1,0.9999964663394262,Shadowing,Shadowing,Shadowing,Shadowing,Shadowing
2023-11-05 14:00:00+08:00,4.144083633939697e-06,7.999933234632438e-07,2.653488532243833e-06,1.7544451498219671e-09,0.9999924006800652,Shadowing,1,0.9999958559163661,Shadowing,Shadowing,Shadowing,Shadowing,Shadowing
2023-11-05 14:15:00+08:00,4.029383638126557e-06,1.1794216391244632e-07,1.4560269378521654e-07,9.46944416133874e-10,0.9999957061245597,Shadowing,1,0.9999959706163619,Shadowing,Shadowing,Shadowing,Shadowing,Shadowing
2023-11-05 14:30:00+08:00,0.00010507926135544903,3.8705975151646365e-08,1.3674749926733356e-07,2.0633511423053532e-09,0.9998947432218189,Shadowing,1,0.9998949207386445,Shadowing,Shadowing,Shadowing,Shadowing,Shadowing
2023-11-05 14:45:00+08:00,0.0004480093137995028,9.474052596585362e-09,6.236119282610187e-08,4.545499951321507e-09,0.9995519143054551,Shadowing,1,0.9995519906862005,Shadowing,Shadowing,Shadowing,Shadowing,Shadowing
2023-11-05 15:00:00+08:00,0.0008114023590060833,3.997660031632616e-09,7.611387520318829e-09,4.482569892396635e-09,0.9991885815493765,Shadowing,1,0.9991885976409939,Shadowing,Shadowing,Shadowing,Shadowing,Shadowing
2023-11-05 15:15:00+08:00,0.0011197872297201753,4.118641724396144e-10,3.69342519149355e-10,1.479038546709209e-09,0.9988802105100346,Shadowing,1,0.9988802127702798,Shadowing,Shadowing,Shadowing,Shadowing,Shadowing
2023-11-05 15:30:00+08:00,0.0018874302694811384,3.657574399496126e-11,2.075968744241383e-10,1.6253526931685312e-09,0.9981125678609934,Shadowing,1,0.9981125697305189,Shadowing,Shadowing,Shadowing,Shadowing,Shadowing
2023-11-05 15:45:00+08:00,0.002269653578897956,2.5721348921779106e-13,2.1874359059289585e-10,1.8333678578078453e-10,0.9977303460187643,Shadowing,1,0.997730346421102,Shadowing,Shadowing,Shadowing,Shadowing,Shadowing
2023-11-05 16:00:00+08:00,1.7144676769847585e-05,1.1123998964470286e-05,4.642216117298989e-09,4.9038988536904637e-14,0.9999717266820006,Shadowing,1,0.9999828553232302,Shadowing,Shadowing,Shadowing,Shadowing,Shadowing
2023-11-05 16:15:00+08:00,3.300984257728808e-06,5.51409145820978e-06,9.055434207531719e-10,1.7823916358389347e-14,0.9999911840187228,Shadowing,1,0.9999966990157423,Shadowing,Shadowing,Shadowing,Shadowing,Shadowing
2023-11-05 16:30:00+08:00,0.2916952811088987,1.3102370180412612e-08,2.001482409794722e-08,3.2643738435218055e-08,0.7083046531301687,Shadowing,1,0.7083047188911014,Normal,Shadowing,Shadowing,Shadowing,Shadowing
2023-11-05 16:45:00+08:00,0.9763902695435481,2.1213619236098216e-11,4.341768880452677e-10,7.575986902838562e-08,0.02360965424119239,Normal,0,0.023609730456451872,Normal,Normal,Normal,Normal,Normal
2023-11-05 17:00:00+08:00,0.992887344894279,1.0883004204632098e-11,2.5548912253025163e-10,4.509997533197445e-08,0.007112609739373553,Normal,0,0.007112655105721011,Normal,Normal,Normal,Normal,Normal
2023-11-06 07:15:00+08:00,0.4068461154815292,1.4592816937289469e-12,1.0860036266581291e-09,3.1165847970181106e-08,0.59315385226516,Shadowing,1,0.5931538845184707,Normal,Shadowing,Shadowing,Shadowing,Shadowing
2023-11-06 07:30:00+08:00,0.04010711641002895,9.1603611007744e-14,5.97804221065175e-10,1.0493590001064915e-09,0.9598928819427162,Shadowing,1,0.959892883589971,Shadowing,Shadowing,Shadowing,Shadowing,Shadowing
2023-11-06 07:45:00+08:00,0.009388269778856703,3.3959081780798806e-14,4.0520534561685343e-10,1.3778143635621439e-10,0.9906117296781225,Shadowing,1,0.9906117302211433,Shadowing,Shadowing,Shadowing,Shadowing,Shadowing
2023-11-06 08:00:00+08:00,0.009852157373482972,1.3092856820454432e-14,3.6697757431576143e-10,1.5842649093810418e-10,0.9901478421010997,Shadowing,1,0.990147842626517,Shadowing,Shadowing,Shadowing,Shadowing,Shadowing
2023-11-06 08:15:00+08:00,0.018703346919329934,1.4915182434832452e-13,1.6689313787955037e-09,9.136223745817098e-10,0.9812966504979672,Shadowing,1,0.98129665308067,Shadowing,Shadowing,Shadowing,Shadowing,Shadowing
2023-11-06 08:30:00+08:00,0.07427117587265122,6.308498974779598e-12,7.231185955322534e-09,9.872789374434503e-09,0.9257288070170648,Shadowing,1,0.9257288241273488,Shadowing,Shadowing,Shadowing,Shadowing,Shadowing
2023-11-06 08:45:00+08:00,0.20807179368540424,1.234816835710256e-10,6.65326716170359e-08,1.0013308825744889e-08,0.7919281296451337,Shadowing,1,0.7919282063145958,Shadowing,Shadowing,Shadowing,Shadowing,Shadowing
2023-11-06 09:00:00+08:00,0.20129173655827373,1.1130153401717718e-09,1.8140960738107148e-07,2.2406820678601053e-09,0.7987080786784215,Shadowing,1,0.7987082634417263,Shadowing,Shadowing,Shadowing,Shadowing,Shadowing
2023-11-06 09:15:00+08:00,0.26356098241039605,6.097700505823196e-09,3.923535093018865e-07,7.809534903570799e-10,0.7364386183574407,Shadowing,1,0.736439017589604,Shadowing,Shadowing,Shadowing,Shadowing,Shadowing
2023-11-06 09:30:00+08:00,0.4567055312315288,8.436254104072288e-08,1.0311742957292994e-06,2.6152824438608797e-10,0.5432933529701061,Shadowing,1,0.5432944687684712,Normal,Shadowing,Shadowing,Shadowing,Normal
2023-11-06 09:45:00+08:00,0.6196702069094051,1.1930066454333867e-06,3.6506511247720542e-06,1.1261874194293163e-10,0.3803249493202059,Normal,0,0.3803297930905949,Normal,Normal,Normal,Shadowing,Normal
2023-11-06 10:00:00+08:00,0.1915413670538588,2.3558501117629516e-05,2.4409061513604418e-05,2.1587186770187388e-11,0.8084106653619229,Shadowing,1,0.8084586329461412,Shadowing,Normal,Shadowing,Shadowing,Shadowing
2023-11-06 10:15:00+08:00,0.004927755295924964,0.0001644153853795915,2.6536611960164727e-05,4.8422338751642825e-12,0.994881292701893,Shadowing,1,0.9950722447040751,Shadowing,Shadowing,Shadowing,Shadowing,Shadowing
2023-11-06 10:30:00+08:00,6.797905859190121e-05,0.001267001298778965,7.794379575346316e-05,8.476868052858023e-13,0.998587075846028,Shadowing,1,0.9999320209414081,Shadowing,Shadowing,Shadowing,Shadowing,Shadowing
2023-11-06 10:45:00+08:00,3.6619311620079416e-06,0.003450069628994958,0.00016803487493384484,9.104314452800129e-14,0.9963782335648181,Shadowing,1,0.999996338068838,Shadowing,Shadowing,Shadowing,Shadowing,Shadowing
2023-11-06 11:00:00+08:00,1.9179585154537285e-06,0.004360509389544688,0.00023518609948881586,1.2880080222906636e-12,0.995402386551163,Shadowing,1,0.9999980820414845,Shadowing,Shadowing,Shadowing,Shadowing,Shadowing
2023-11-06 11:15:00+08:00,9.529614160923425e-06,0.02614773334800709,0.009907925576040158,6.616075525764981e-08,0.9639347453010366,Shadowing,1,0.9999904703858391,Shadowing,Shadowing,Shadowing,Shadowing,Shadowing
2023-11-06 11:30:00+08:00,9.700425401268089e-07,0.0012698906651470176,0.00012318159763618898,1.7340249871982351e-09,0.9986059559606517,Shadowing,1,0.9999990299574599,Shadowing,Shadowing,Shadowing,Shadowing,Shadowing
2023-11-06 11:45:00+08:00,0.4246929938365721,1.2416779741420955e-05,4.751676175618833e-05,4.937745057163402e-12,0.5752470726169926,Shadowing,1,0.5753070061634279,Shadowing,Shadowing,Shadowing,Shadowing,Shadowing
2023-11-06 12:00:00+08:00,1.6225191652695563e-06,0.006777092023731025,0.0007241312668237267,9.418192140050013e-10,0.9924971532484607,Shadowing,1,0.9999983774808348,Shadowing,Shadowing,Shadowing,Shadowing,Shadowing
2023-11-06 12:15:00+08:00,2.5414025911442553e-06,0.0079554485559878,0.0014757321639783424,1.6655362034922173e-07,0.9905661113238224,Shadowing,1,0.9999974585974089,Shadowing,Shadowing,Shadowing,Shadowing,Shadowing
2023-11-06 12:30:00+08:00,1.5260175766650971e-06,0.004423976706530909,0.000455293120865228,5.738578937965333e-09,0.9951191984164482,Shadowing,1,0.9999984739824234,Shadowing,Shadowing,Shadowing,Shadowing,Shadowing
2023-11-06 12:45:00+08:00,2.6719965529834046e-06,0.007266681505786442,0.0013884282356868853,4.495094271149148e-07,0.9913417687525465,Shadowing,1,0.999997328003447,Shadowing,Shadowing,Shadowing,Shadowing,Shadowing
2023-11-06 13:00:00+08:00,3.2586987596744446e-06,0.0031900362992133696,0.000606246311595581,2.1861027461634613e-05,0.9961785976629699,Shadowing,1,0.9999967413012403,Shadowing,Shadowing,Shadowing,Shadowing,Shadowing
2023-11-06 13:15:00+08:00,2.14722870445401e-06,0.0012347211122060574,0.00023797182971293536,2.247925688943697e-06,0.9985229119036875,Shadowing,1,0.9999978527712955,Shadowing,Shadowing,Shadowing,Shadowing,Shadowing
2023-11-06 13:30:00+08:00,2.500589195712592e-06,7.982641575490075e-05,2.5963765161439277e-05,6.417388277427353e-09,0.9998917028124996,Shadowing,1,0.9999974994108043,Shadowing,Shadowing,Shadowing,Shadowing,Shadowing
2023-11-06 13:45:00+08:00,4.159004565198897e-06,6.713024949223333e-07,1.6348012876907138e-06,2.794234832932808e-10,0.9999935346122287,Shadowing,1,0.9999958409954348,Shadowing,Shadowing,Shadowing,Shadowing,Shadowing
2023-11-06 14:00:00+08:00,3.034332115994053e-07,2.4365162026149808e-09,1.5665991383918826e-06,4.995998474407377e-09,0.9999981225351353,Shadowing,1,0.9999996965667884,Shadowing,Shadowing,Shadowing,Shadowing,Shadowing
2023-11-06 14:15:00+08:00,0.21801850117258353,6.741579873906836e-09,9.390904920041436e-08,1.0067819708212198e-08,0.7819813881089676,Shadowing,1,0.7819814988274165,Shadowing,Shadowing,Shadowing,Shadowing,Shadowing
2023-11-06 14:30:00+08:00,0.004219386335928237,4.9489032053974744e-08,1.252564925650889e-07,4.1961529930406256e-13,0.9957804389181275,Shadowing,1,0.9957806136640718,Shadowing,Shadowing,Shadowing,Shadowing,Shadowing
2023-11-06 14:45:00+08:00,0.0006970249686957457,3.5326677247936173e-09,1.5110943019707913e-08,4.174975506118157e-09,0.999302952212718,Shadowing,1,0.9993029750313043,Shadowing,Shadowing,Shadowing,Shadowing,Shadowing
2023-11-06 15:00:00+08:00,0.0027428113108686697,1.0972603638401506e-09,8.312875286694295e-10,2.9550829919236192e-09,0.9972571838055005,Shadowing,1,0.9972571886891314,Shadowing,Shadowing,Shadowing,Shadowing,Shadowing
2023-11-06 15:15:00+08:00,0.00257580890894231,7.812859828539481e-11,4.779992808118757e-10,2.41663343585069e-09,0.9974241881182964,Shadowing,1,0.9974241910910577,Shadowing,Shadowing,Shadowing,Shadowing,Shadowing
2023-11-06 15:30:00+08:00,0.005589642273639907,3.562122830188699e-13,6.13710985238621e-10,3.9616421793249436e-10,0.9944103567161287,Shadowing,1,0.9944103577263601,Shadowing,Shadowing,Shadowing,Shadowing,Shadowing
2023-11-06 15:45:00+08:00,0.00903761322658668,1.3349911933198076e-14,5.842967761659644e-10,1.1811116751297722e-10,0.9909623860709921,Shadowing,1,0.9909623867734133,Shadowing,Shadowing,Shadowing,Shadowing,Shadowing
2023-11-06 16:00:00+08:00,0.00012457383152121533,3.5171646001046364e-06,2.798517046245273e-08,3.170102565921774e-12,0.9998718810155381,Shadowing,1,0.9998754261684788,Shadowing,Shadowing,Shadowing,Shadowing,Shadowing
2023-11-06 16:15:00+08:00,0.0003027798402685053,1.101601788682974e-06,3.839253419817279e-08,1.8689822473500768e-11,0.9996960801467187,Shadowing,1,0.9996972201597315,Shadowing,Shadowing,Shadowing,Shadowing,Shadowing
2023-11-06 16:30:00+08:00,0.8227528022359231,6.706094597777371e-10,3.187946557571787e-09,3.065139969053116e-08,0.1772471632541212,Normal,0,0.17724719776407694,Normal,Normal,Normal,Normal,Normal
2023-11-06 16:45:00+08:00,0.8712268716460375,2.8318766136301403e-11,8.184841975888385e-10,9.720335963756308e-08,0.12877303030379983,Normal,0,0.12877312835396248,Normal,Normal,Normal,Normal,Normal
2023-11-06 17:00:00+08:00,0.9637258917961118,2.6649347699511803e-11,5.198333422600644e-10,8.845046628034303e-08,0.03627401920693918,Normal,0,0.03627410820388821,Normal,Normal,Normal,Normal,Normal
2023-11-07 07:15:00+08:00,0.9819130727190339,1.9050925535862948e-11,3.972847252825934e-10,6.793688728266888e-08,0.018086858927743154,Normal,0,0.01808692728096606,Normal,Normal,Normal,Normal,Normal
2023-11-07 07:30:00+08:00,0.9961951756727508,1.0404987071420505e-11,2.420623967852032e-10,3.392944801562848e-08,0.003804790145333782,Normal,0,0.0038048243272491566,Normal,Normal,Normal,Normal,Normal
2023-11-07 07:45:00+08:00,0.9957670612296596,1.0324527535697814e-11,2.42048596118923e-10,3.5595147652759786e-08,0.004232902922819641,Normal,0,0.0042329387703403665,Normal,Normal,Normal,Normal,Normal
2023-11-07 08:00:00+08:00,0.9598324217743611,3.683416136944954e-11,6.534386473614538e-10,8.919460802975968e-08,0.04016748834075809,Normal,0,0.04016757822563888,Normal,Normal,Normal,Normal,Normal
2023-11-07 08:15:00+08:00,0.9706227198017865,4.075058071369132e-11,6.403878201143332e-10,8.489247127660597e-08,0.029377194624603885,Normal,0,0.029377280198213507,Normal,Normal,Normal,Normal,Normal
2023-11-07 08:30:00+08:00,0.879982814822607,3.401553433013415e-11,1.0363404371309822e-09,8.404427457012382e-08,0.12001710006276248,Normal,0,0.12001718517739302,Normal,Normal,Normal,Normal,Normal
2023-11-07 08:45:00+08:00,0.7795856033118511,9.061504621529595e-12,2.3651630136188446e-09,2.3678347262932146e-08,0.22041437063557706,Normal,0,0.22041439668814888,Normal,Normal,Normal,Normal,Normal
2023-11-07 09:00:00+08:00,0.7599882526818239,8.45889712878046e-11,6.1695972461059784e-09,2.0020451496785397e-08,0.2400117210435384,Normal,0,0.2400117473181761,Normal,Normal,Normal,Normal,Shadowing
2023-11-07 09:15:00+08:00,0.788998275360956,5.742890882909428e-12,1.5864288662920432e-09,2.5496054698679808e-08,0.2110016975508175,Normal,0,0.21100172463904399,Normal,Normal,Normal,Normal,Normal
2023-11-07 09:30:00+08:00,0.23416888403406935,1.0288273676747735e-12,1.922702369617529e-09,9.605345351289018e-09,0.7658311044368541,Shadowing,1,0.7658311159659307,Shadowing,Shadowing,Shadowing,Shadowing,Shadowing
2023-11-07 09:45:00+08:00,0.8416430947087843,7.1240899678562245e-12,9.262499521246944e-10,4.346721417872802e-08,0.15835686089062745,Normal,0,0.1583569052912157,Normal,Normal,Normal,Normal,Normal
2023-11-07 10:00:00+08:00,0.21716164488566686,1.1080085376388377e-12,2.235972191412986e-09,8.238771485857291e-09,0.7828383446384815,Shadowing,1,0.7828383551143332,Shadowing,Shadowing,Shadowing,Shadowing,Shadowing
2023-11-07 10:15:00+08:00,0.11839347051298046,4.074856828992676e-13,1.3184024129473015e-09,3.99781093087445e-09,0.8816065241703986,Shadowing,1,0.8816065294870196,Shadowing,Shadowing,Shadowing,Shadowing,Shadowing
2023-11-07 10:30:00+08:00,0.2718807242016744,3.061016008986152e-12,5.690908765257971e-09,5.727942733969127e-09,0.7281192643764131,Shadowing,1,0.7281192757983256,Normal,Shadowing,Shadowing,Shadowing,Shadowing
2023-11-07 10:45:00+08:00,0.844895895008753,1.043284004681416e-11,1.6000333378636302e-09,2.5072632743626997e-08,0.15510407830814815,Normal,0,0.15510410499124705,Normal,Normal,Normal,Normal,Normal
2023-11-07 11:00:00+08:00,0.8766571116713424,1.243807885246284e-11,1.1745773135766424e-09,3.447293191889056e-08,0.12334285266871033,Normal,0,0.12334288832865759,Normal,Normal,Normal,Normal,Normal
2023-11-07 11:15:00+08:00,0.8897267423111617,3.1102529401291126e-11,1.174070493520004e-09,6.410117296992824e-08,0.11027319238249234,Normal,0,0.11027325768883833,Normal,Normal,Normal,Normal,Normal
2023-11-07 11:30:00+08:00,0.896230844085664,2.6763067179110032e-11,1.2785132165076513e-09,4.713860957653858e-08,0.10376910747045001,Normal,0,0.103769155914336,Normal,Normal,Normal,Normal,Normal
2023-11-07 11:45:00+08:00,0.8488932297101168,2.0800483439462994e-11,7.191124152228397e-10,1.0196304638540009e-07,0.15110666758692376,Normal,0,0.15110677028988317,Normal,Normal,Normal,Normal,Normal
2023-11-07 12:00:00+08:00,0.8600952805054002,1.2742232050719859e-11,4.831269703210631e-10,1.1344826651078385e-07,0.13990460555046416,Normal,0,0.13990471949459982,Normal,Normal,Normal,Normal,Normal
2023-11-07 12:15:00+08:00,0.8452403136719729,1.93080710491491e-11,7.658879079534802e-10,9.387673686644211e-08,0.15475959166609435,Normal,0,0.15475968632802706,Normal,Normal,Normal,Normal,Normal
2023-11-07 12:30:00+08:00,0.8791957591734041,3.561637421181541e-11,9.154813358692931e-10,9.717305569126346e-08,0.12080414270244244,Normal,0,0.12080424082659591,Normal,Normal,Normal,Normal,Normal
2023-11-07 12:45:00+08:00,0.8772940497407783,2.989308381845164e-11,1.0115994759821628e-09,8.081501915626542e-08,0.12270586840271,Normal,0,0.12270595025922171,Normal,Normal,Normal,Normal,Normal
2023-11-07 13:00:00+08:00,0.867750822306124,1.0905946817320364e-11,1.0327517355269518e-09,4.1471476133033354e-08,0.1322491351787422,Normal,0,0.132249177693876,Normal,Normal,Normal,Normal,Normal
2023-11-07 13:15:00+08:00,0.864959057424451,1.6112893847951343e-11,9.218644729508312e-10,6.506964163356804e-08,0.13504087656792998,Normal,0,0.135040942575549,Normal,Normal,Normal,Normal,Normal
2023-11-07 13:30:00+08:00,0.8612809279216723,1.318563492995284e-11,9.119985868299379e-10,5.904921690314538e-08,0.13871901210392643,Normal,0,0.13871907207832768,Normal,Normal,Normal,Normal,Normal
2023-11-07 13:45:00+08:00,0.901206009840236,5.344598815069472e-11,1.4311561920654409e-09,5.253853651831116e-08,0.09879393613662539,Normal,0,0.09879399015976398,Normal,Normal,Normal,Normal,Normal
2023-11-07 14:00:00+08:00,0.939311150774425,2.949845823156127e-11,6.596117331464036e-10,9.29449696256947e-08,0.06068875559149539,Normal,0,0.06068884922557505,Normal,Normal,Normal,Normal,Normal
2023-11-07 14:15:00+08:00,0.9334720832192543,3.6057265998490196e-11,7.449997317397313e-10,9.354147861526512e-08,0.06652782245821012,Normal,0,0.06652791678074566,Normal,Normal,Normal,Normal,Normal
2023-11-07 14:30:00+08:00,0.9334212303363227,3.90383261231743e-11,7.708028930741728e-10,9.351122584337975e-08,0.0665786753426102,Normal,0,0.06657876966367726,Normal,Normal,Normal,Normal,Normal
2023-11-07 14:45:00+08:00,0.9704911322046111,1.5670578657926037e-11,3.5710496012808375e-10,8.265245712768068e-08,0.029508784770156032,Normal,0,0.02950886779538886,Normal,Normal,Normal,Normal,Normal
2023-11-07 15:00:00+08:00,0.8749574030960249,2.9156548201030186e-11,8.154201512551135e-10,9.719977679687014e-08,0.12504249885962165,Normal,0,0.12504259690397512,Normal,Normal,Normal,Normal,Normal
2023-11-07 15:15:00+08:00,0.8994698448674336,4.819870728066663e-11,1.3544134162424227e-09,5.891403779205563e-08,0.10053009481591654,Normal,0,0.10053015513256636,Normal,Normal,Normal,Normal,Normal
2023-11-07 15:30:00+08:00,0.8678441625504334,2.0554990397144302e-11,9.276954011242612e-10,7.390156267212339e-08,0.13215576259975345,Normal,0,0.1321558374495666,Normal,Normal,Normal,Normal,Normal
2023-11-07 15:45:00+08:00,0.9294358418266502,2.9442417372276095e-11,6.909201676373346e-10,9.405683212190914e-08,0.07056406339615517,Normal,0,0.07056415817334982,Normal,Normal,Normal,Normal,Normal
2023-11-07 16:00:00+08:00,0.9678680806073489,2.349473249659588e-11,4.759081234739292e-10,8.556009257409042e-08,0.03213183333315568,Normal,0,0.03213191939265114,Normal,Normal,Normal,Normal,Normal
2023-11-07 16:15:00+08:00,0.9817974695498742,1.8823134714772835e-11,3.940706134226205e-10,6.811485484241365e-08,0.018202461922377178,Normal,0,0.018202530450125765,Normal,Normal,Normal,Normal,Normal
2023-11-07 16:30:00+08:00,0.9958511544124082,7.769602771675807e-12,1.952395739498039e-10,3.503279268824211e-08,0.004148810351790015,Normal,0,0.004148845587591765,Normal,Normal,Normal,Normal,Normal
2023-11-07 16:45:00+08:00,0.9958199363461656,7.297593752646721e-12,1.8579040024556682e-10,3.5125685156421444e-08,0.0041800283350614045,Normal,0,0.004180063653834387,Normal,Normal,Normal,Normal,Normal
2023-11-07 17:00:00+08:00,0.996732420624248,7.711699806726103e-12,1.9398139937461562e-10,3.128990194953381e-08,0.003267547884156998,Normal,0,0.00326757937575195,Normal,Normal,Normal,Normal,Normal
2023-11-08 07:15:00+08:00,0.997384903492358,6.972860041247246e-12,1.7943031932818097e-10,2.8081034964708064e-08,0.0026150682402038532,Normal,0,0.002615096507642023,Normal,Normal,Normal,Normal,Normal
2023-11-08 07:30:00+08:00,0.9647636613954143,3.1992900182580104e-11,5.744673279143332e-10,8.814434540542153e-08,0.03523624985378006,Normal,0,0.03523633860458575,Normal,Normal,Normal,Normal,Normal
2023-11-08 07:45:00+08:00,0.8702275869437353,2.4810375236549146e-11,7.398391812617706e-10,9.953610396041454e-08,0.1297723127555113,Normal,0,0.12977241305626475,Normal,Normal,Normal,Normal,Normal
2023-11-08 08:00:00+08:00,0.984495078612035,1.3982036947523022e-11,3.159718283578608e-10,6.361782764661136e-08,0.015504857440183617,Normal,0,0.015504921387964998,Normal,Normal,Normal,Normal,Normal
2023-11-08 08:15:00+08:00,0.9893139621115343,1.2468322539394229e-11,2.8607665263291157e-10,5.414064316713465e-08,0.010685983449277413,Normal,0,0.010686037888465671,Normal,Normal,Normal,Normal,Normal
2023-11-08 08:30:00+08:00,0.8107057654179574,1.0476914109894613e-11,5.995254047878228e-10,9.542681931676217e-08,0.1892941385452211,Normal,0,0.18929423458204264,Normal,Normal,Normal,Normal,Normal
2023-11-08 08:45:00+08:00,0.8496136935555947,2.1466468971478704e-11,7.374620809972915e-10,1.0118897210979185e-07,0.15038620449650453,Normal,0,0.15038630644440532,Normal,Normal,Normal,Normal,Normal
2023-11-08 09:00:00+08:00,0.9955575052382606,7.845508918242615e-12,1.9684216804858174e-10,3.6178850935355575e-08,0.00444245837820068,Normal,0,0.004442494761739413,Normal,Normal,Normal,Normal,Normal
2023-11-08 09:15:00+08:00,0.9805577117626706,1.5519996409167998e-11,3.44803352837609e-10,6.99605035740419e-08,0.019442217916502476,Normal,0,0.019442288237329408,Normal,Normal,Normal,Normal,Normal
2023-11-08 09:30:00+08:00,0.8535204027158416,1.1768816401298242e-11,8.638085172710668e-10,6.087022540774212e-08,0.14647953553835563,Normal,0,0.14647959728415838,Normal,Normal,Normal,Normal,Normal
2023-11-08 09:45:00+08:00,0.7856841390083364,6.840002547427362e-12,6.245551538834907e-10,7.719139860855079e-08,0.2143157831688697,Normal,0,0.21431586099166355,Normal,Normal,Normal,Normal,Normal
2023-11-08 10:00:00+08:00,0.8174783563258519,8.929863273781551e-12,7.024033835038052e-10,7.358549049824986e-08,0.1825215693773243,Normal,0,0.18252164367414814,Normal,Normal,Normal,Normal,Normal
2023-11-08 10:15:00+08:00,0.8502815473110198,8.93968437397396e-12,1.2842733440914054e-09,3.0733660688553017e-08,0.14971842066210655,Normal,0,0.1497184526889802,Normal,Normal,Normal,Normal,Normal
2023-11-08 10:30:00+08:00,0.7615643491639832,4.285588638885129e-12,1.3223017295039012e-09,2.992014190142587e-08,0.23843561958928755,Normal,0,0.2384356508360168,Normal,Normal,Normal,Normal,Normal
2023-11-08 10:45:00+08:00,0.721113610176381,6.545311751058688e-12,2.6513857036665853e-09,2.401460801316167e-08,0.27888636315107995,Normal,0,0.278886389823619,Normal,Normal,Normal,Normal,Normal
2023-11-08 11:00:00+08:00,0.47794214318899997,4.2273724920981825e-12,3.833751484390807e-09,1.9524984663198766e-08,0.5220578334480366,Shadowing,1,0.522057856811,Normal,Shadowing,Shadowing,Shadowing,Shadowing
2023-11-08 11:15:00+08:00,0.7605460979266357,4.5126825799165434e-12,1.4478502359614205e-09,2.7855496003990732e-08,0.23945387276550534,Normal,0,0.23945390207336426,Normal,Normal,Normal,Normal,Normal
2023-11-08 11:30:00+08:00,0.8461842577145331,8.317066780625464e-12,1.2469339415372646e-09,3.163980704278164e-08,0.15381570939040884,Normal,0,0.1538157422854669,Normal,Normal,Normal,Normal,Normal
2023-11-08 11:45:00+08:00,0.7302399567336036,3.827300621335909e-12,1.4286694629529997e-09,2.8950877168174133e-08,0.2697600128830224,Normal,0,0.26976004326639635,Normal,Normal,Normal,Normal,Normal
2023-11-08 12:00:00+08:00,0.7858720154145682,4.389430081242648e-12,1.0257924534454672e-09,3.801836819187324e-08,0.21412794553688178,Normal,0,0.2141279845854318,Normal,Normal,Normal,Normal,Normal
2023-11-08 12:15:00+08:00,0.6869037615998131,3.207438983119896e-12,1.3989165078921127e-09,3.056930432775654e-08,0.3130962064287586,Normal,0,0.31309623840018685,Normal,Normal,Normal,Normal,Normal
2023-11-08 12:30:00+08:00,0.8333091064479461,1.1398797286723106e-10,4.374079779177823e-09,2.1322209116989247e-08,0.16669086774177705,Normal,0,0.1666908935520539,Normal,Normal,Normal,Normal,Shadowing
2023-11-08 12:45:00+08:00,0.6916610116431112,7.958196774201988e-12,3.448768621911323e-09,2.381151024136145e-08,0.30833896108865166,Normal,0,0.3083389883568888,Normal,Normal,Normal,Normal,Normal
2023-11-08 13:00:00+08:00,0.015539039220013106,2.6394045508926627e-13,2.7114816300720853e-09,2.520931465690737e-10,0.9844609578161482,Shadowing,1,0.9844609607799869,Shadowing,Shadowing,Shadowing,Shadowing,Shadowing
2023-11-08 13:15:00+08:00,0.03065653831623884,5.425429613517735e-12,1.883090715227061e-08,6.257904810006127e-10,0.969343442221638,Shadowing,1,0.9693434616837612,Shadowing,Shadowing,Shadowing,Shadowing,Shadowing
2023-11-08 13:30:00+08:00,0.22217047525229558,3.56574515383878e-12,1.1219862807923665e-08,2.2039662489265287e-09,0.7778295113203096,Shadowing,1,0.7778295247477044,Normal,Shadowing,Shadowing,Shadowing,Shadowing
2023-11-08 13:45:00+08:00,0.4685558701688854,3.694987101778385e-11,1.3363451857749906e-08,9.409314176624605e-09,0.5314441070213987,Shadowing,1,0.5314441298311146,Normal,Shadowing,Shadowing,Normal,Shadowing
2023-11-08 14:00:00+08:00,0.41622298935292673,4.180730474731786e-09,4.660051939434545e-08,1.4863732785314358e-09,0.5837769583794501,Shadowing,1,0.5837770106470732,Normal,Shadowing,Normal,Shadowing,Shadowing
2023-11-08 14:15:00+08:00,0.7809082096612221,5.7611052777973016e-11,4.986007606228277e-09,2.102895543492146e-08,0.2190917642662038,Normal,0,0.2190917903387779,Normal,Normal,Normal,Normal,Shadowing
2023-11-08 14:30:00+08:00,0.8208989283621289,8.603596999012347e-11,4.456006905350762e-09,2.1338062384388444e-08,0.17910104575776598,Normal,0,0.17910107163787115,Normal,Normal,Normal,Normal,Normal
2023-11-08 14:45:00+08:00,0.8965349640612917,2.7257214022731258e-11,1.7378113493210882e-09,2.6512321947894642e-08,0.10346500766131783,Normal,0,0.10346503593870826,Normal,Normal,Normal,Normal,Normal
2023-11-08 15:00:00+08:00,0.8951560077867603,2.737602336888051e-11,1.259122815219328e-09,4.989897331726408e-08,0.10484394102776755,Normal,0,0.1048439922132397,Normal,Normal,Normal,Normal,Normal
2023-11-08 15:15:00+08:00,0.8833895501558207,4.142257832401572e-11,1.0693707538428332e-09,8.982681643643379e-08,0.11661035890656964,Normal,0,0.11661044984417934,Normal,Normal,Normal,Normal,Normal
2023-11-08 15:30:00+08:00,0.9006362311483027,4.4466291599959017e-11,9.179161331573458e-10,9.676284788311804e-08,0.09936367112646695,Normal,0,0.09936376885169729,Normal,Normal,Normal,Normal,Normal
2023-11-08 15:45:00+08:00,0.97077688247916,2.9560226876075375e-11,5.381245557482652e-10,8.3582308259699e-08,0.02922303337084694,Normal,0,0.029223117520839947,Normal,Normal,Normal,Normal,Normal
2023-11-08 16:00:00+08:00,0.9835816105898321,1.5312443060928894e-11,3.384790679812537e-10,6.519893501694508e-08,0.016418323857441353,Normal,0,0.016418389410167933,Normal,Normal,Normal,Normal,Normal
2023-11-08 16:15:00+08:00,0.9756680811234153,1.969794896767885e-11,4.134085548897247e-10,7.667111955480647e-08,0.02433184177235868,Normal,0,0.0243319188765847,Normal,Normal,Normal,Normal,Normal
2023-11-08 16:30:00+08:00,0.9654652896867575,2.0595124473009496e-11,4.375739678026744e-10,8.778836965754092e-08,0.034534622066703755,Normal,0,0.03453471031324251,Normal,Normal,Normal,Normal,Normal
2023-11-08 16:45:00+08:00,0.9575052188905516,2.5831102042680483e-11,5.263060596093323e-10,9.173086607556718e-08,0.042494688826445096,Normal,0,0.042494781109448376,Normal,Normal,Normal,Normal,Normal
2023-11-08 17:00:00+08:00,0.9982138554135485,5.433968562004138e-12,1.5058207043873854e-10,2.2455404612598935e-08,0.0017861219750308587,Normal,0,0.0017861445864515435,Normal,Normal,Normal,Normal,Normal
2023-11-09 07:15:00+08:00,0.9877650687186096,1.2967318554905018e-11,2.959481638614184e-10,5.744987964094367e-08,0.01223487352259524,Normal,0,0.012234931281390415,Normal,Normal,Normal,Normal,Normal
2023-11-09 07:30:00+08:00,0.9503720882245119,2.347169486884264e-11,5.126151694462012e-10,9.525713619485205e-08,0.049627815982264956,Normal,0,0.04962791177548809,Normal,Normal,Normal,Normal,Normal
2023-11-09 07:45:00+08:00,0.989679072080083,1.024056061723099e-11,2.463363206234932e-10,5.323567361151221e-08,0.010320874427666493,Normal,0,0.010320927919917011,Normal,Normal,Normal,Normal,Normal
2023-11-09 08:00:00+08:00,0.8752900169627369,1.8280170816048334e-11,6.09226874752661e-10,1.0519249478280598e-07,0.1247098772172612,Normal,0,0.1247099830372631,Normal,Normal,Normal,Normal,Normal
2023-11-09 08:15:00+08:00,0.8886723460649136,2.5723964529815167e-11,7.203298304440267e-10,9.836246932313869e-08,0.11132755482656309,Normal,0,0.11132765393508637,Normal,Normal,Normal,Normal,Normal
2023-11-09 08:30:00+08:00,0.8104802863681702,5.04561523301213e-12,8.954350428520658e-10,4.440240247670704e-08,0.18951966832894668,Normal,0,0.18951971363182984,Normal,Normal,Normal,Normal,Normal
2023-11-09 08:45:00+08:00,0.8641728208479117,1.61872046566536e-11,9.146994283842506e-10,6.612425390436465e-08,0.1358271120969478,Normal,0,0.1358271791520883,Normal,Normal,Normal,Normal,Normal
2023-11-09 09:00:00+08:00,0.8826830953408917,2.2791844717653457e-11,1.0890516563262372e-09,5.992655256245946e-08,0.11731684362071211,Normal,0,0.11731690465910827,Normal,Normal,Normal,Normal,Normal
2023-11-09 09:15:00+08:00,0.7748456931326185,5.7476177473707555e-12,1.772896795994043e-09,2.442471202608905e-08,0.22515428066402512,Normal,0,0.22515430686738147,Normal,Normal,Normal,Normal,Normal
2023-11-09 09:30:00+08:00,0.07355024325633537,1.570774401690751e-13,6.645662970827515e-10,3.0055198671596183e-09,0.9264497530734215,Shadowing,1,0.9264497567436646,Shadowing,Shadowing,Shadowing,Shadowing,Shadowing
2023-11-09 09:45:00+08:00,0.06315845103123288,1.2241395071519169e-13,4.791407753110291e-10,3.0594401467523636e-09,0.9368415454300638,Shadowing,1,0.9368415489687671,Shadowing,Shadowing,Shadowing,Shadowing,Shadowing
2023-11-09 10:00:00+08:00,0.8187295446729094,7.558663128205452e-12,1.5478018872070748e-09,2.589343156772121e-08,0.1812704278782986,Normal,0,0.18127045532709063,Normal,Normal,Normal,Normal,Normal
2023-11-09 10:15:00+08:00,0.7997293245094159,6.397975095698873e-12,6.920927881447078e-10,6.588108678634877e-08,0.20027060891100654,Normal,0,0.20027067549058408,Normal,Normal,Normal,Normal,Normal
2023-11-09 10:30:00+08:00,0.8355552694597893,1.4578120893909903e-11,7.266865733229327e-10,8.754032340204541e-08,0.1644446422586226,Normal,0,0.1644447305402107,Normal,Normal,Normal,Normal,Normal
2023-11-09 10:45:00+08:00,0.9696210861268406,1.4607611172293365e-11,3.4048734696402626e-10,8.355984100597871e-08,0.03037882995822324,Normal,0,0.030378913873159386,Normal,Normal,Normal,Normal,Normal
2023-11-09 11:00:00+08:00,0.9306749473469903,1.7480488469826692e-11,4.487363770795753e-10,1.0471865086759758e-07,0.06932494746814191,Normal,0,0.0693250526530097,Normal,Normal,Normal,Normal,Normal
2023-11-09 11:15:00+08:00,0.9574563820178728,2.089649537922458e-11,4.5344086892917363e-10,9.385902897257509e-08,0.04254352364876089,Normal,0,0.042543617982127246,Normal,Normal,Normal,Normal,Normal
2023-11-09 11:30:00+08:00,0.8684231255892257,1.2596193728523408e-11,9.848466133197057e-10,4.934613941403457e-08,0.13157682406719215,Normal,0,0.13157687441077426,Normal,Normal,Normal,Normal,Normal
2023-11-09 11:45:00+08:00,0.948012437431165,2.680453220824474e-11,5.85988223310115e-10,9.266389747973597e-08,0.05198746929214465,Normal,0,0.051987562568834966,Normal,Normal,Normal,Normal,Normal
2023-11-09 12:00:00+08:00,0.8831055482830626,4.4694135692115646e-11,1.039770680671309e-09,9.672156051593627e-08,0.11689435391091188,Normal,0,0.11689445171693735,Normal,Normal,Normal,Normal,Normal
2023-11-09 12:15:00+08:00,0.9515219951164875,1.8179613347396194e-11,4.179394595416253e-10,9.807282671459351e-08,0.0484779063745668,Normal,0,0.048478004883512504,Normal,Normal,Normal,Normal,Normal
2023-11-09 12:30:00+08:00,0.8844570801102071,4.388456495633183e-11,1.0803027722441795e-09,9.139222180933479e-08,0.11554282737338376,Normal,0,0.11554291988979293,Normal,Normal,Normal,Normal,Normal
2023-11-09 12:45:00+08:00,0.9501415867355417,2.2868501496938096e-11,5.009561459223918e-10,9.591023447691759e-08,0.04985831683039912,Normal,0,0.04985841326445828,Normal,Normal,Normal,Normal,Normal
2023-11-09 13:00:00+08:00,0.8230146640582306,9.607470067576609e-12,7.148674915641091e-10,7.389001595049316e-08,0.17698526132727835,Normal,0,0.17698533594176935,Normal,Normal,Normal,Normal,Normal
2023-11-09 13:15:00+08:00,0.910410502624155,3.4615591093216754e-11,1.7215288174340465e-09,2.7072551675201775e-08,0.08958946854714893,Normal,0,0.08958949737584498,Normal,Normal,Normal,Normal,Normal
2023-11-09 13:30:00+08:00,0.8664778311714508,1.479723504482156e-11,5.368824458157644e-10,1.0990412973504783e-07,0.13352205837273973,Normal,0,0.13352216882854917,Normal,Normal,Normal,Normal,Normal
2023-11-09 13:45:00+08:00,0.8735335619296999,3.0283800929993935e-11,9.654755460434453e-10,8.707103817040236e-08,0.1264663500035027,Normal,0,0.1264664380703001,Normal,Normal,Normal,Normal,Normal
2023-11-09 14:00:00+08:00,0.8771940310154367,2.410659007967358e-11,7.140215276154037e-10,9.983271982226003e-08,0.12280586841371526,Normal,0,0.12280596898456331,Normal,Normal,Normal,Normal,Normal
2023-11-09 14:15:00+08:00,0.7999962934419995,4.721360957060372e-12,9.087331845174442e-10,4.352895254495263e-08,0.20000366211559348,Normal,0,0.20000370655800048,Normal,Normal,Normal,Normal,Normal
2023-11-09 14:30:00+08:00,0.0015613723399007648,5.350315108738891e-12,8.284258147127625e-11,3.9091083141756276e-10,0.9984386271809955,Shadowing,1,0.9984386276600993,Shadowing,Shadowing,Shadowing,Shadowing,Shadowing
2023-11-09 14:45:00+08:00,0.012266162648214791,1.9130760586628774e-14,5.5423927325599505e-11,7.133362608102191e-10,0.9877338365830057,Shadowing,1,0.9877338373517852,Shadowing,Shadowing,Shadowing,Shadowing,Shadowing
2023-11-09 15:00:00+08:00,0.8018401968680671,1.2865655314061123e-12,2.0301394599152656e-10,6.10298145143333e-08,0.19815974189781793,Normal,0,0.19815980313193293,Normal,Normal,Normal,Normal,Normal
2023-11-09 15:15:00+08:00,0.9930597140264317,2.7559358206696688e-12,8.973845878925918e-11,4.1056879755990557e-08,0.00694024482419413,Normal,0,0.0069402859735683275,Normal,Normal,Normal,Normal,Normal
2023-11-09 15:30:00+08:00,0.9924949420818436,5.450918240806645e-12,1.4942297329225603e-10,4.593072498311814e-08,0.007505011832557506,Normal,0,0.007505057918156366,Normal,Normal,Normal,Normal,Normal
2023-11-09 15:45:00+08:00,0.7930125432763727,6.484082355072478e-12,6.678006539030597e-10,6.941769152229057e-08,0.20698738663165103,Normal,0,0.20698745672362728,Normal,Normal,Normal,Normal,Normal
2023-11-09 16:00:00+08:00,0.7305262137444174,3.745493156566297e-12,1.3736004544446268e-09,2.9837901727719625e-08,0.269473755040335,Normal,0,0.2694737862555826,Normal,Normal,Normal,Normal,Normal
2023-11-09 16:15:00+08:00,0.9949506193261286,6.975972981258955e-12,1.7968123606680676e-10,3.833789979818465e-08,0.005049342149314325,Normal,0,0.005049380673871395,Normal,Normal,Normal,Normal,Normal
2023-11-09 16:30:00+08:00,0.9928296603939627,1.4243745198535586e-11,3.0945703470638925e-10,4.558199162030811e-08,0.007170293700344973,Normal,0,0.0071703396060373015,Normal,Normal,Normal,Normal,Normal
2023-11-09 16:45:00+08:00,0.9973822247312076,7.295027953623473e-12,1.8604994639910818e-10,2.807378524809219e-08,0.0026177470016620014,Normal,0,0.002617775268792366,Normal,Normal,Normal,Normal,Normal
2023-11-09 17:00:00+08:00,0.998371261715341,5.2362916771347426e-12,1.470528741363652e-10,2.126957653425741e-08,0.0016287168627933499,Normal,0,0.001628738284659037,Normal,Normal,Normal,Normal,Normal
2023-11-10 07:15:00+08:00,0.9973992031561558,6.8253974080829194e-12,1.764320356388237e-10,2.8001393727802958e-08,0.0026007686591930593,Normal,0,0.0026007968438441775,Normal,Normal,Normal,Normal,Normal
2023-11-10 07:30:00+08:00,0.9675249009791853,2.4901911092657054e-11,4.939794993266512e-10,8.600629142137151e-08,0.03247501249564188,Normal,0,0.03247509902081469,Normal,Normal,Normal,Normal,Normal
2023-11-10 07:45:00+08:00,0.9043351451479917,2.965715753448976e-11,1.4152374205516983e-09,3.846242827003326e-08,0.09566481494468523,Normal,0,0.09566485485200826,Normal,Normal,Normal,Normal,Normal
2023-11-10 08:00:00+08:00,0.9095298193584505,7.452638207629413e-11,2.0028476206339513e-09,2.732708129403211e-08,0.09047015123709423,Normal,0,0.09047018064154955,Normal,Normal,Normal,Normal,Normal
2023-11-10 08:15:00+08:00,0.8437057382024289,2.9604299574515186e-11,2.575097631051538e-09,2.2997046033505677e-08,0.15629423619582322,Normal,0,0.1562942617975711,Normal,Normal,Normal,Normal,Normal
2023-11-10 08:30:00+08:00,0.8415005774393389,3.288888314843456e-11,2.7652084617366136e-09,2.2818079269564316e-08,0.1584993969444844,Normal,0,0.15849942256066107,Normal,Normal,Normal,Normal,Normal
2023-11-10 08:45:00+08:00,0.1808521637711655,1.1139975056184743e-12,2.705686917501502e-09,5.491841405709749e-09,0.8191478280301923,Shadowing,1,0.8191478362288345,Shadowing,Shadowing,Shadowing,Shadowing,Shadowing
2023-11-10 09:00:00+08:00,0.7371871555962803,1.53886442516688e-10,7.511629077094211e-09,1.8689647205552374e-08,0.2628128180485569,Normal,0,0.26281284440371966,Normal,Normal,Normal,Normal,Shadowing
2023-11-10 09:15:00+08:00,0.9024684173476597,4.0978779300793816e-11,1.9269950505425487e-09,2.679557980937732e-08,0.09753155388878668,Normal,0,0.0975315826523403,Normal,Normal,Normal,Normal,Normal
2023-11-10 09:30:00+08:00,0.8517596144393135,8.6730618604768e-12,9.313108477211941e-10,4.594671149362197e-08,0.14824033867399122,Normal,0,0.14824038556068653,Normal,Normal,Normal,Normal,Normal
2023-11-10 09:45:00+08:00,0.8096390020427376,5.754342958689666e-12,1.2559825971510726e-09,3.069257350180774e-08,0.19036096600295188,Normal,0,0.19036099795726236,Normal,Normal,Normal,Normal,Normal
2023-11-10 10:00:00+08:00,0.18519697911851002,8.047875796084214e-13,3.708423788538088e-10,2.6423471274846136e-08,0.8148029940863715,Shadowing,1,0.81480302088149,Normal,Shadowing,Shadowing,Shadowing,Shadowing
2023-11-10 10:15:00+08:00,0.0013265317018415436,7.943452400592061e-16,3.510299939487177e-11,1.1358735919981224e-11,0.9986734682516959,Shadowing,1,0.9986734682981585,Shadowing,Shadowing,Shadowing,Shadowing,Shadowing
2023-11-10 10:30:00+08:00,0.0013794897683981299,3.5890604499747876e-13,2.449102712825833e-11,8.870938908979265e-11,0.9986205101180424,Shadowing,1,0.9986205102316019,Shadowing,Shadowing,Shadowing,Shadowing,Shadowing
2023-11-10 10:45:00+08:00,0.42724240406100994,3.53617374433038e-12,3.752113267360985e-09,1.7317719978071674e-08,0.5727575748656207,Shadowing,1,0.5727575959389901,Normal,Shadowing,Shadowing,Shadowing,Shadowing
2023-11-10 11:00:00+08:00,0.18846050097984104,8.71472415636707e-13,1.9409788995739827e-09,6.972561558903843e-09,0.8115394901057469,Shadowing,1,0.811539499020159,Shadowing,Shadowing,Shadowing,Shadowing,Shadowing
2023-11-10 11:15:00+08:00,0.007260578603442323,4.9341562814673586e-14,5.562660307357117e-10,1.457788320098332e-10,0.9927394206944635,Shadowing,1,0.9927394213965577,Shadowing,Shadowing,Shadowing,Shadowing,Shadowing
2023-11-10 11:30:00+08:00,0.00048682924533315693,8.573542518143961e-11,9.741211665401845e-11,1.2608779930578628e-09,0.9995131693106414,Shadowing,1,0.9995131707546668,Shadowing,Shadowing,Shadowing,Shadowing,Shadowing
2023-11-10 11:45:00+08:00,0.0005603756413536894,8.641695685698645e-12,3.225410595057418e-11,4.2675517140673693e-10,0.9994396238909953,Shadowing,1,0.9994396243586463,Shadowing,Shadowing,Shadowing,Shadowing,Shadowing
2023-11-10 12:00:00+08:00,0.3370633990275532,1.589469487288286e-12,3.055917022852359e-08,8.856323227132248e-09,0.6629365615553638,Shadowing,1,0.6629366009724468,Shadowing,Shadowing,Shadowing,Shadowing,Shadowing
2023-11-10 12:15:00+08:00,0.006892967268158761,9.568794264180048e-13,6.567118271406252e-10,6.994198991989275e-10,0.9931070313747525,Shadowing,1,0.9931070327318412,Shadowing,Shadowing,Shadowing,Shadowing,Shadowing
2023-11-10 12:30:00+08:00,0.001132464989518969,5.913606016395882e-14,9.753746475336753e-11,4.9474791647444364e-11,0.9988675348634096,Shadowing,1,0.998867535010481,Shadowing,Shadowing,Shadowing,Shadowing,Shadowing
2023-11-10 12:45:00+08:00,5.832743296174028e-05,3.662871200191172e-10,5.76633527910794e-08,6.898246225868547e-10,0.9999416138475737,Shadowing,1,0.9999416725670383,Shadowing,Shadowing,Shadowing,Shadowing,Shadowing
2023-11-10 13:00:00+08:00,0.0022243986696765363,3.4570894397128584e-09,1.4432494506737905e-09,4.1922579335401835e-09,0.9977755922377266,Shadowing,1,0.9977756013303235,Shadowing,Shadowing,Shadowing,Shadowing,Shadowing
2023-11-10 13:15:00+08:00,0.0010403668450059045,1.2116774791634551e-14,1.1123681786410226e-10,3.385487157994931e-11,0.9989596330098903,Shadowing,1,0.9989596331549941,Shadowing,Shadowing,Shadowing,Shadowing,Shadowing
2023-11-10 13:30:00+08:00,0.001124169851969016,2.331224759879611e-14,1.2330032313556135e-10,4.2954427297664434e-11,0.998875829981753,Shadowing,1,0.9988758301480309,Shadowing,Shadowing,Shadowing,Shadowing,Shadowing
2023-11-10 13:45:00+08:00,0.00018160494634500556,1.348056219213262e-10,5.6972407330554276e-11,4.598147809158579e-10,0.9998183944020622,Shadowing,1,0.999818395053655,Shadowing,Shadowing,Shadowing,Shadowing,Shadowing
2023-11-10 14:00:00+08:00,0.3526131810639721,4.377528027074253e-09,3.709547278312654e-07,9.442589956915252e-11,0.647386443509346,Shadowing,1,0.6473868189360279,Shadowing,Shadowing,Shadowing,Shadowing,Shadowing
2023-11-10 14:15:00+08:00,0.0004678047110220295,9.502478776263912e-08,1.4416586187799235e-08,1.2682244548376426e-13,0.9995320858474772,Shadowing,1,0.999532195288978,Shadowing,Shadowing,Shadowing,Shadowing,Shadowing
2023-11-10 14:30:00+08:00,0.18077085107754653,4.482793468627593e-11,3.384788018433187e-08,5.413207118249394e-09,0.8192291096165383,Shadowing,1,0.8192291489224535,Shadowing,Shadowing,Shadowing,Shadowing,Shadowing
2023-11-10 14:45:00+08:00,0.004877212945001522,3.0973384838201355e-13,5.593642676688034e-10,3.496810542719642e-10,0.9951227861456434,Shadowing,1,0.9951227870549985,Shadowing,Shadowing,Shadowing,Shadowing,Shadowing
2023-11-10 15:00:00+08:00,0.005340862367213669,6.87524356697942e-08,1.5209150966337785e-08,8.059946073875062e-09,0.9946590456112535,Shadowing,1,0.9946591376327863,Shadowing,Shadowing,Shadowing,Shadowing,Shadowing
2023-11-10 15:15:00+08:00,0.0002086844619264555,1.40571065327198e-09,2.571869558503113e-08,2.363665739115137e-09,0.9997912860500016,Shadowing,1,0.9997913155380735,Shadowing,Shadowing,Shadowing,Shadowing,Shadowing
2023-11-10 15:30:00+08:00,0.0006105893404427388,7.599304479640093e-10,3.580864230901133e-10,1.6552755659183619e-09,0.9993894078862648,Shadowing,1,0.9993894106595572,Shadowing,Shadowing,Shadowing,Shadowing,Shadowing
2023-11-10 15:45:00+08:00,0.026686137834674318,8.537622641363069e-14,6.628648174434741e-10,6.373548517141565e-10,0.9733138608650208,Shadowing,1,0.9733138621653257,Shadowing,Shadowing,Shadowing,Shadowing,Shadowing
2023-11-10 16:00:00+08:00,0.748721912859376,3.1963330519180917e-10,7.940873850753648e-09,1.8230181943488923e-08,0.2512780606499351,Normal,0,0.25127808714062405,Normal,Normal,Normal,Normal,Shadowing
2023-11-10 16:15:00+08:00,0.005083566443152519,2.396728714568855e-07,8.856740277026809e-08,1.64853816111495e-10,0.9949161051517195,Shadowing,1,0.9949164335568474,Shadowing,Shadowing,Shadowing,Shadowing,Shadowing
2023-11-10 16:30:00+08:00,0.8638797032925432,3.449829436864999e-10,2.7355488269274104e-09,2.762731851285463e-08,0.1361202659996065,Normal,0,0.13612029670745684,Normal,Normal,Normal,Normal,Normal
2023-11-10 16:45:00+08:00,0.8786784393400984,3.062002445873685e-11,1.027247802797269e-09,8.008450986647869e-08,0.1213214795175239,Normal,0,0.12132156065990163,Normal,Normal,Normal,Normal,Normal
2023-11-10 17:00:00+08:00,0.8936813961722393,3.1856229729258346e-11,7.891419273566332e-10,9.64976813291245e-08,0.10631850650908123,Normal,0,0.1063186038277607,Normal,Normal,Normal,Normal,Normal
2023-11-11 07:15:00+08:00,0.9992499219785392,3.292908522198677e-12,1.0471683018334096e-10,1.3453334339667925e-08,0.0007500644601167816,Normal,0,0.000750078021460765,Normal,Normal,Normal,Normal,Normal
2023-11-11 07:30:00+08:00,0.9555650529272697,3.6642303652732816e-11,6.725814582819391e-10,9.013933633237697e-08,0.04443485622417007,Normal,0,0.044434947072730324,Normal,Normal,Normal,Normal,Normal
2023-11-11 07:45:00+08:00,0.988347756189078,1.700371364046854e-11,3.5834589597401884e-10,5.64654352584939e-08,0.01165218697013716,Normal,0,0.011652243810922003,Normal,Normal,Normal,Normal,Normal
2023-11-11 08:00:00+08:00,0.9975161881307519,7.405328655403467e-12,1.8819422919217378e-10,2.722743828061539e-08,0.0024837844462101814,Normal,0,0.002483811869248065,Normal,Normal,Normal,Normal,Normal
2023-11-11 08:15:00+08:00,0.9981023874463822,4.040277793629246e-12,1.174634456190733e-10,2.3340703490329025e-08,0.0018975890914106602,Normal,0,0.0018976125536177557,Normal,Normal,Normal,Normal,Normal
2023-11-11 08:30:00+08:00,0.9921241729609747,8.30247458820223e-12,2.0782660562331618e-10,4.7083997115964577e-08,0.007875779738899014,Normal,0,0.00787582703902534,Normal,Normal,Normal,Normal,Normal
2023-11-11 08:45:00+08:00,0.9811822247438213,1.0726035223575892e-11,2.6236165450950707e-10,6.886260681409236e-08,0.018817706120484175,Normal,0,0.01881777525617867,Normal,Normal,Normal,Normal,Normal
2023-11-11 09:00:00+08:00,0.9914021876358172,6.4938543832576596e-12,1.7207604005163988e-10,4.879789137886325e-08,0.00859776338772149,Normal,0,0.008597812364182778,Normal,Normal,Normal,Normal,Normal
2023-11-11 09:15:00+08:00,0.9113532079092821,1.6332326109879288e-11,4.750346630187974e-10,1.0737848119636298e-07,0.08864668422086974,Normal,0,0.08864679209071791,Normal,Normal,Normal,Normal,Normal
2023-11-11 09:30:00+08:00,0.8249324131094795,6.3848954344077684e-12,8.119614998635215e-10,5.1641704719035726e-08,0.17506753443046935,Normal,0,0.1750675868905205,Normal,Normal,Normal,Normal,Normal
2023-11-11 09:45:00+08:00,0.8266241200502422,1.3830701033525423e-11,6.596219913109386e-10,9.609742097256388e-08,0.1733757831788842,Normal,0,0.17337587994975778,Normal,Normal,Normal,Normal,Normal
2023-11-11 10:00:00+08:00,0.828672229140006,6.14229778035545e-12,8.730237202742602e-10,4.601143322482321e-08,0.17132772396939472,Normal,0,0.17132777085999396,Normal,Normal,Normal,Normal,Normal
2023-11-11 10:15:00+08:00,0.9128750658627919,2.163869438998859e-11,6.006413973009675e-10,1.0056115601921204e-07,0.087124832953772,Normal,0,0.08712493413720812,Normal,Normal,Normal,Normal,Normal
2023-11-11 10:30:00+08:00,0.862954400907638,2.4661487881951473e-11,8.7200495804987e-10,8.927468583403529e-08,0.1370455089210097,Normal,0,0.13704559909236202,Normal,Normal,Normal,Normal,Normal
2023-11-11 10:45:00+08:00,0.823758930345518,5.818295998956535e-12,8.617789636414095e-10,4.654421775148978e-08,0.17624102224266713,Normal,0,0.17624106965448205,Normal,Normal,Normal,Normal,Normal
2023-11-11 11:00:00+08:00,0.8483643584748485,7.767252242600782e-12,9.525471659603545e-10,4.233539634087492e-08,0.1516355982294407,Normal,0,0.15163564152515152,Normal,Normal,Normal,Normal,Normal
2023-11-11 11:15:00+08:00,0.8414769825291323,7.171509129177691e-12,1.071066010028298e-09,3.7174046612229135e-08,0.15852297921858358,Normal,0,0.15852301747086772,Normal,Normal,Normal,Normal,Normal
2023-11-11 11:30:00+08:00,0.9072525703622547,4.3582647847573254e-11,1.9117992320142316e-09,2.7000988100298714e-08,0.0927474006813753,Normal,0,0.0927474296377453,Normal,Normal,Normal,Normal,Normal
2023-11-11 11:45:00+08:00,0.8914533206900556,1.8697650835274298e-11,1.400367325170262e-09,3.042841907970712e-08,0.10854664746246027,Normal,0,0.10854667930994444,Normal,Normal,Normal,Normal,Normal
2023-11-11 12:00:00+08:00,0.8616473655850095,1.0224097213723357e-11,9.7835769635116e-10,4.501918033765862e-08,0.1383525884072284,Normal,0,0.13835263441499046,Normal,Normal,Normal,Normal,Normal
2023-11-11 12:15:00+08:00,0.8800802640582752,1.3435615421028227e-11,1.1390611697659032e-09,3.6936279095218355e-08,0.11991969785294884,Normal,0,0.11991973594172478,Normal,Normal,Normal,Normal,Normal
2023-11-11 12:30:00+08:00,0.8494997093430179,1.2679637926845791e-11,8.273834471851231e-10,6.80340481963383e-08,0.1505002217828708,Normal,0,0.15050029065698212,Normal,Normal,Normal,Normal,Normal
2023-11-11 12:45:00+08:00,0.8011527055965907,8.452778139433296e-12,6.268155312987178e-10,8.344516363002525e-08,0.19884721032297742,Normal,0,0.1988472944034093,Normal,Normal,Normal,Normal,Normal
2023-11-11 13:00:00+08:00,0.8460534808493978,7.533255981237309e-12,9.448882391729201e-10,4.264982089192145e-08,0.1539464755483598,Normal,0,0.1539465191506022,Normal,Normal,Normal,Normal,Normal
2023-11-11 13:15:00+08:00,0.8327545998863434,6.592312167608765e-12,1.1004492597432296e-09,3.5918066235876606e-08,0.1672453630885489,Normal,0,0.16724540011365663,Normal,Normal,Normal,Normal,Normal
2023-11-11 13:30:00+08:00,0.8575748965192119,8.851236634987528e-12,1.0182783878188004e-09,3.963250115722113e-08,0.14242506282115747,Normal,0,0.14242510348078807,Normal,Normal,Normal,Normal,Normal
2023-11-11 13:45:00+08:00,0.8925597487854173,1.8416180164597573e-11,1.2705670494515966e-09,3.484537471319176e-08,0.1074402150802247,Normal,0,0.10744025121458267,Normal,Normal,Normal,Normal,Normal
2023-11-11 14:00:00+08:00,0.8680514770113227,1.3875765569793797e-11,9.66933441686662e-10,5.4478566390441156e-08,0.13194846752930153,Normal,0,0.13194852298867732,Normal,Normal,Normal,Normal,Normal
2023-11-11 14:15:00+08:00,0.8667159114602541,1.7466289167262333e-11,6.056860654271627e-10,1.0613335889524879e-07,0.1332839817832346,Normal,0,0.13328408853974594,Normal,Normal,Normal,Normal,Normal
2023-11-11 14:30:00+08:00,0.8291550136834396,1.4138185783934705e-11,5.908087574398442e-10,1.0870329774204252e-07,0.17084487700831577,Normal,0,0.17084498631656042,Normal,Normal,Normal,Normal,Normal
2023-11-11 14:45:00+08:00,0.8310741745124464,7.346000387880509e-12,8.144109602830362e-10,5.4452245308524345e-08,0.1689257702135513,Normal,0,0.16892582548755364,Normal,Normal,Normal,Normal,Normal
2023-11-11 15:00:00+08:00,0.85689875525303,1.2176604957763187e-11,8.856854963883448e-10,5.941775704151997e-08,0.1431011844313508,Normal,0,0.14310124474696995,Normal,Normal,Normal,Normal,Normal
2023-11-11 15:15:00+08:00,0.841362047922483,1.507914041471968e-11,5.922235518488629e-10,1.0835412224710247e-07,0.15863784311609186,Normal,0,0.15863795207751696,Normal,Normal,Normal,Normal,Normal
2023-11-11 15:30:00+08:00,0.8544456991366971,1.7855783841088057e-11,6.348973557821876e-10,1.054410545431688e-07,0.14555419476949508,Normal,0,0.1455543008633029,Normal,Normal,Normal,Normal,Normal
2023-11-11 15:45:00+08:00,0.9611980104994806,1.6497623314519252e-11,3.79672445778903e-10,9.15194060073265e-08,0.03880189758494328,Normal,0,0.038801989500519385,Normal,Normal,Normal,Normal,Normal
2023-11-11 16:00:00+08:00,0.9675792100851673,1.7083069820776388e-11,3.8253238948276926e-10,8.57020597967631e-08,0.032420703813157495,Normal,0,0.03242078991483266,Normal,Normal,Normal,Normal,Normal
2023-11-11 16:15:00+08:00,0.9934953251249441,8.371324923232482e-12,2.0826448618161588e-10,4.3185744572370925e-08,0.006504631472675475,Normal,0,0.006504674875055905,Normal,Normal,Normal,Normal,Normal
2023-11-11 16:30:00+08:00,0.9975878062147989,6.344020515793935e-12,1.6715602719273942e-10,2.6815213650483217e-08,0.002412166796487195,Normal,0,0.0024121937852010777,Normal,Normal,Normal,Normal,Normal
2023-11-11 16:45:00+08:00,0.9990708301267045,3.0845776079330102e-12,9.736166685345456e-11,1.5296617188939426e-08,0.0009291544762319725,Normal,0,0.0009291698732954989,Normal,Normal,Normal,Normal,Normal
2023-11-11 17:00:00+08:00,0.9994401187936042,2.4981492999607156e-12,8.405967536769712e-11,1.1253878655328174e-08,0.0005598698659593924,Normal,0,0.0005598812063958292,Normal,Normal,Normal,Normal,Normal
2023-11-12 07:15:00+08:00,0.9994006980257095,3.0797073328277132e-12,1.0021623471102988e-10,1.174505087842199e-08,0.0005992901259435779,Normal,0,0.0005993019742904782,Normal,Normal,Normal,Normal,Normal
2023-11-12 07:30:00+08:00,0.9994470960923779,2.4266570756775647e-12,8.201591782909963e-11,1.1165863298631464e-08,0.0005528926573161035,Normal,0,0.0005529039076220821,Normal,Normal,Normal,Normal,Normal
2023-11-12 07:45:00+08:00,0.9985237382399001,4.806614639537082e-12,1.380088716890382e-10,2.0084544962155797e-08,0.001476241532739423,Normal,0,0.0014762617600998507,Normal,Normal,Normal,Normal,Normal
2023-11-12 08:00:00+08:00,0.8849836481288336,3.200045705413919e-11,8.168572309111618e-10,9.696541006456747e-08,0.11501625405689868,Normal,0,0.11501635187116643,Normal,Normal,Normal,Normal,Normal
2023-11-12 08:15:00+08:00,0.8052487875962097,2.0546765227709154e-11,2.9549275903960095e-09,2.26960787838181e-08,0.19475118673223712,Normal,0,0.19475121240379034,Normal,Normal,Normal,Normal,Normal
2023-11-12 08:30:00+08:00,0.6582472432723617,3.002790723473891e-11,7.482094488768342e-09,1.9779652677911766e-08,0.34175272943586327,Normal,0,0.3417527567276383,Normal,Normal,Normal,Normal,Shadowing
2023-11-12 08:45:00+08:00,0.22159845531501282,3.913905728435239e-11,3.074741742834845e-08,5.522168217320479e-09,0.7784015083762625,Shadowing,1,0.7784015446849872,Normal,Shadowing,Shadowing,Shadowing,Shadowing
2023-11-12 09:00:00+08:00,1.22627791863506e-07,2.794621698409844e-06,3.907110977639871e-11,1.142073866929566e-20,0.9999970827114385,Shadowing,1,0.9999998773722082,Shadowing,Shadowing,Shadowing,Shadowing,Shadowing
2023-11-12 09:15:00+08:00,0.15285869596992568,1.0455052145615597e-07,1.5549754427906185e-07,7.318818121028711e-11,0.8471410439088205,Shadowing,1,0.8471413040300744,Normal,Shadowing,Shadowing,Shadowing,Shadowing
2023-11-12 09:30:00+08:00,0.057609948412142134,5.901733205527671e-09,3.631499086759072e-08,1.5654889976966257e-08,0.9423899937162439,Shadowing,1,0.9423900515878578,Shadowing,Shadowing,Shadowing,Shadowing,Shadowing
2023-11-12 09:45:00+08:00,2.8113733806698358e-05,2.4116324654749393e-06,1.3451176298569809e-06,2.0999758276305e-11,0.9999681294950982,Shadowing,1,0.9999718862661933,Shadowing,Shadowing,Shadowing,Shadowing,Shadowing
2023-11-12 10:00:00+08:00,0.23893803935234775,4.415154549641837e-05,2.535310523784902e-05,1.7360436928337455e-12,0.760992455995182,Shadowing,1,0.7610619606476523,Shadowing,Shadowing,Shadowing,Shadowing,Shadowing
2023-11-12 10:15:00+08:00,0.00031267034639825554,2.186502548512098e-10,1.0909327363894442e-10,6.96199589983197e-10,0.9996873286296587,Shadowing,1,0.9996873296536017,Shadowing,Shadowing,Shadowing,Shadowing,Shadowing
2023-11-12 10:30:00+08:00,0.00013137787680521617,1.0411119015203695e-08,8.418429804385561e-08,1.8489891729003588e-09,0.9998685256787885,Shadowing,1,0.9998686221231948,Shadowing,Shadowing,Shadowing,Shadowing,Shadowing
2023-11-12 10:45:00+08:00,0.0005448736703411239,3.050244981443951e-08,1.1713635471653507e-07,5.548294804678908e-09,0.9994549731425595,Shadowing,1,0.9994551263296588,Shadowing,Shadowing,Shadowing,Shadowing,Shadowing
2023-11-12 11:00:00+08:00,1.5996172183974883e-05,4.361448884667632e-05,1.1172152639511371e-05,1.960718243134681e-12,0.9999292171843692,Shadowing,1,0.999984003827816,Shadowing,Shadowing,Shadowing,Shadowing,Shadowing
2023-11-12 11:15:00+08:00,0.7306802053202693,0.0021938948879617398,0.028880467968585233,1.3306240610677458e-12,0.23824543182185307,Normal,0,0.26931979467973066,Normal,Normal,Normal,Normal,Normal
2023-11-12 11:30:00+08:00,0.00021669874270066836,0.0928862414013208,0.21235968497904495,0.0001398689644848215,0.6943975059124488,Shadowing,1,0.9997833012572993,Shadowing,Shadowing,Degradation,Shadowing,Shadowing
2023-11-12 11:45:00+08:00,1.580343831717212e-06,0.007183190882296233,0.0006872422570138711,1.2233009271829672e-10,0.9921279863945281,Shadowing,1,0.9999984196561683,Shadowing,Shadowing,Shadowing,Shadowing,Shadowing
2023-11-12 12:00:00+08:00,0.0045206249455844345,1.849584572314916e-15,2.319128733944446e-14,4.9717423184141675e-23,0.9954793750543907,Shadowing,1,0.9954793750544155,Shadowing,Shadowing,Shadowing,Shadowing,Shadowing
2023-11-12 12:15:00+08:00,6.573852033587457e-06,7.529932155789345e-06,1.7846443529044721e-09,2.3284868093032334e-17,0.9999858944311664,Shadowing,1,0.9999934261479664,Shadowing,Shadowing,Shadowing,Shadowing,Shadowing
2023-11-12 12:30:00+08:00,0.034147332834829985,7.075263358426161e-10,2.0408543662495872e-08,5.522344464774496e-09,0.9658526405267555,Shadowing,1,0.96585266716517,Shadowing,Shadowing,Shadowing,Shadowing,Shadowing
2023-11-12 12:45:00+08:00,0.0014525765808673294,5.32698337350137e-11,1.673840221759466e-10,1.5626879333970465e-09,0.9985474216357908,Shadowing,1,0.9985474234191327,Shadowing,Shadowing,Shadowing,Shadowing,Shadowing
2023-11-12 13:00:00+08:00,0.020210590656232187,1.6256214248760457e-13,1.7779133515398378e-09,1.0086371791100103e-09,0.9797894065570547,Shadowing,1,0.9797894093437678,Shadowing,Shadowing,Shadowing,Shadowing,Shadowing
2023-11-12 13:15:00+08:00,0.011359720442488033,1.5230875764898302e-08,3.751146954903719e-08,1.3278567038519517e-11,0.9886402268018882,Shadowing,1,0.988640279557512,Shadowing,Shadowing,Shadowing,Shadowing,Shadowing
2023-11-12 13:30:00+08:00,0.3016667376904608,7.667474187536052e-12,6.853399951371306e-08,3.388549366340814e-09,0.6983331903793228,Shadowing,1,0.6983332623095392,Shadowing,Shadowing,Shadowing,Shadowing,Shadowing
2023-11-12 13:45:00+08:00,0.025230734095422026,2.8231052460998493e-13,3.5054677205832757e-09,9.332572905442702e-10,0.9747692614655705,Shadowing,1,0.974769265904578,Shadowing,Shadowing,Shadowing,Shadowing,Shadowing
2023-11-12 14:00:00+08:00,0.03242185710664369,2.7012991721161823e-13,3.762475564058595e-09,1.3182089424160851e-09,0.9675781378124017,Shadowing,1,0.9675781428933563,Shadowing,Shadowing,Shadowing,Shadowing,Shadowing
2023-11-12 14:15:00+08:00,0.09251196468551451,6.46343843786085e-12,1.967445205203852e-08,1.55545719824222e-09,0.9074880140781127,Shadowing,1,0.9074880353144855,Shadowing,Shadowing,Shadowing,Shadowing,Shadowing
2023-11-12 14:30:00+08:00,0.02471365073424882,2.565741014905342e-13,3.258889977572728e-09,9.359279844174017e-10,0.9752863450706766,Shadowing,1,0.9752863492657512,Shadowing,Shadowing,Shadowing,Shadowing,Shadowing
2023-11-12 14:45:00+08:00,0.004362311544054066,1.0531210667503701e-10,1.3444813935090748e-08,3.5900870462292314e-11,0.995637674869919,Shadowing,1,0.9956376884559459,Shadowing,Shadowing,Shadowing,Shadowing,Shadowing
2023-11-12 15:00:00+08:00,0.0021154522893722604,7.582538778971903e-10,1.3371516000076865e-08,5.079920799819167e-12,0.9978845335757779,Shadowing,1,0.9978845477106277,Shadowing,Shadowing,Shadowing,Shadowing,Shadowing
2023-11-12 15:15:00+08:00,0.13126380990394643,4.723049550801489e-13,9.814464289397512e-09,4.139832758929519e-09,0.8687361761412842,Shadowing,1,0.8687361900960535,Shadowing,Shadowing,Shadowing,Shadowing,Shadowing
2023-11-12 15:30:00+08:00,0.00011152492657695984,4.932027249217898e-07,1.7813856675419093e-08,2.7822294791976248e-14,0.9998879640568136,Shadowing,1,0.999888475073423,Shadowing,Shadowing,Shadowing,Shadowing,Shadowing
2023-11-12 15:45:00+08:00,0.0008703781959038933,2.1897976963323722e-06,1.0468953724848358e-07,1.0737358570086755e-12,0.9991273273157889,Shadowing,1,0.9991296218040961,Shadowing,Shadowing,Shadowing,Shadowing,Shadowing
2023-11-12 16:00:00+08:00,3.0834047763566936e-06,1.0569654488640216e-05,9.279694842165621e-10,1.5007091467791164e-16,0.9999863460127653,Shadowing,1,0.9999969165952236,Shadowing,Shadowing,Shadowing,Shadowing,Shadowing
2023-11-12 16:15:00+08:00,0.8294475632061371,6.444698925141279e-12,1.125467315825866e-09,3.498224784688411e-08,0.170552400679703,Normal,0,0.1705524367938629,Normal,Normal,Normal,Normal,Normal
2023-11-12 16:30:00+08:00,0.8621849581024564,2.5481805463248718e-11,7.938591157447103e-10,9.852303275568756e-08,0.1378149425551698,Normal,0,0.13781504189754357,Normal,Normal,Normal,Normal,Normal
2023-11-12 16:45:00+08:00,0.927036910593884,2.3027730086400606e-11,5.878779053911664e-10,9.827662744491913e-08,0.07296299051858277,Normal,0,0.07296308940611596,Normal,Normal,Normal,Normal,Normal
2023-11-12 17:00:00+08:00,0.9886230470321384,1.2431622160103682e-11,2.8604715251904567e-10,5.5645948329289965e-08,0.01137689702343449,Normal,0,0.011376952967861564,Normal,Normal,Normal,Normal,Normal
2023-11-13 07:15:00+08:00,0.8704906768603333,2.1064616169389818e-11,9.53459940534681e-10,7.187838903280781e-08,0.12950925028675306,Normal,0,0.12950932313966668,Normal,Normal,Normal,Normal,Normal
2023-11-13 07:30:00+08:00,0.8955650282359626,3.4465111608241776e-11,1.2532621695683298e-09,5.995341858923614e-08,0.10443491052289158,Normal,0,0.10443497176403738,Normal,Normal,Normal,Normal,Normal
2023-11-13 07:45:00+08:00,0.15176103384279271,4.9304467476060325e-08,8.656328345842638e-08,1.9452317626052098e-09,0.8482388283442246,Shadowing,1,0.8482389661572073,Normal,Shadowing,Shadowing,Shadowing,Shadowing
2023-11-13 08:00:00+08:00,0.8272408231290946,2.9035867715646235e-10,4.669201402054161e-09,2.1092430675694507e-08,0.1727591508189146,Normal,0,0.17275917687090536,Normal,Normal,Normal,Normal,Shadowing
2023-11-13 08:15:00+08:00,0.06971768423878717,2.910536139129148e-10,4.240652388252466e-08,2.6160365024306786e-09,0.9302822704475989,Shadowing,1,0.9302823157612128,Shadowing,Shadowing,Shadowing,Shadowing,Shadowing
2023-11-13 08:30:00+08:00,0.3043313722146542,7.315737463491929e-11,7.257035312275347e-08,8.217244868925899e-09,0.6956685469245905,Shadowing,1,0.6956686277853458,Shadowing,Shadowing,Shadowing,Shadowing,Shadowing
2023-11-13 08:45:00+08:00,0.2002050140940561,1.1105820672481376e-09,2.2545946238545144e-07,1.2531545882366537e-09,0.7997947580827448,Shadowing,1,0.7997949859059439,Shadowing,Shadowing,Shadowing,Shadowing,Shadowing
2023-11-13 09:00:00+08:00,0.16729407145092717,1.2843424931242914e-08,1.0991725158378493e-07,6.117560412030494e-09,0.8327057996708358,Shadowing,1,0.8327059285490728,Shadowing,Shadowing,Shadowing,Shadowing,Shadowing
2023-11-13 09:15:00+08:00,0.6151621773816202,5.4628132569954525e-05,2.8511707016706155e-05,4.3901309816368126e-11,0.3847546827348919,Normal,0,0.38483782261837984,Normal,Normal,Normal,Shadowing,Normal
2023-11-13 09:30:00+08:00,0.5332574606680452,1.3924211029624138e-07,1.2866076207904107e-06,1.9667378330026343e-10,0.46674111328554996,Normal,0,0.46674253933195475,Normal,Shadowing,Normal,Shadowing,Normal
2023-11-13 09:45:00+08:00,0.6544582096365461,2.1302167103944953e-05,5.664615428846229e-05,8.880140229821185e-12,0.3454638420331812,Normal,0,0.3455417903634539,Normal,Normal,Normal,Normal,Normal
2023-11-13 10:00:00+08:00,0.6520462037730692,4.571055987565028e-05,2.5124779466208875e-05,3.411374692217059e-11,0.34788296085347514,Normal,0,0.3479537962269308,Normal,Normal,Normal,Shadowing,Normal
2023-11-13 10:15:00+08:00,0.0022469724713043288,0.0014047012405029214,9.202815833941623e-05,3.8641261317792637e-13,0.9962562981294669,Shadowing,1,0.9977530275286957,Shadowing,Shadowing,Shadowing,Shadowing,Shadowing
2023-11-13 10:30:00+08:00,0.0002644147375186391,0.02390290637930035,0.000413442322043959,2.2515871499910894e-13,0.975419236560912,Shadowing,1,0.9997355852624814,Shadowing,Shadowing,Shadowing,Shadowing,Shadowing
2023-11-13 10:45:00+08:00,1.5082245930276251e-05,0.04076763647994549,0.008382418542852493,6.840667157626715e-08,0.9508347943246,Shadowing,1,0.9999849177540697,Shadowing,Shadowing,Shadowing,Shadowing,Shadowing
2023-11-13 11:00:00+08:00,3.4970420166839704e-07,4.1301795596312815e-08,1.4214220465065985e-06,6.141785157342627e-09,0.999998181430171,Shadowing,1,0.9999996502957983,Shadowing,Shadowing,Shadowing,Shadowing,Shadowing
2023-11-13 11:15:00+08:00,4.62630258956616e-06,0.02026810641145881,0.008647605125883726,3.1041762286241115e-07,0.9710793517424451,Shadowing,1,0.9999953736974104,Shadowing,Shadowing,Shadowing,Shadowing,Shadowing
2023-11-13 11:30:00+08:00,8.007671987195052e-06,0.03123056717227512,0.02504713745642343,1.089541007986872e-06,0.9437131981583062,Shadowing,1,0.9999919923280128,Shadowing,Shadowing,Shadowing,Shadowing,Shadowing
2023-11-13 11:45:00+08:00,1.5887021719304136e-05,0.037023699067960616,0.05913361277178665,1.119292456001071e-05,0.9038156082139734,Shadowing,1,0.9999841129782807,Shadowing,Shadowing,Shadowing,Shadowing,Shadowing
2023-11-13 12:00:00+08:00,1.5376208872181747e-05,0.03560463923435765,0.06330593571317186,2.509037761206105e-05,0.9010489584659862,Shadowing,1,0.9999846237911278,Shadowing,Shadowing,Shadowing,Shadowing,Shadowing
2023-11-13 12:15:00+08:00,1.297500841797911e-05,0.03165473197915529,0.05944829697682706,9.09907815748296e-05,0.908793005254025,Shadowing,1,0.999987024991582,Shadowing,Shadowing,Shadowing,Shadowing,Shadowing
2023-11-13 12:30:00+08:00,1.2694352009031238e-05,0.03248632017555667,0.0515523412420794,3.8996353956440896e-05,0.9159096478763985,Shadowing,1,0.999987305647991,Shadowing,Shadowing,Shadowing,Shadowing,Shadowing
2023-11-13 12:45:00+08:00,4.7675445943753655e-06,0.012513564382058048,0.005611213938877278,4.139765074458349e-05,0.9818290564837258,Shadowing,1,0.9999952324554057,Shadowing,Shadowing,Shadowing,Shadowing,Shadowing
2023-11-13 13:00:00+08:00,3.3830063010659304e-06,0.0052121313759518895,0.0010789944912460974,1.2597815481745265e-05,0.9936928933110192,Shadowing,1,0.9999966169936989,Shadowing,Shadowing,Shadowing,Shadowing,Shadowing
2023-11-13 13:15:00+08:00,2.7146467973925363e-06,0.006092876848940025,0.0011265289241035998,1.035794368294195e-06,0.9927768437857907,Shadowing,1,0.9999972853532026,Shadowing,Shadowing,Shadowing,Shadowing,Shadowing
2023-11-13 13:30:00+08:00,1.5420432347735225e-06,0.00022285001094459828,3.5326822364811685e-05,6.208022569493113e-10,0.9997402805026535,Shadowing,1,0.9999984579567652,Shadowing,Shadowing,Shadowing,Shadowing,Shadowing
2023-11-13 13:45:00+08:00,9.241932683821006e-07,0.0015756074975969187,0.00013683914245665233,9.458179052299951e-10,0.9982866282208602,Shadowing,1,0.9999990758067316,Shadowing,Shadowing,Shadowing,Shadowing,Shadowing
2023-11-13 14:00:00+08:00,4.65882468780465e-06,1.5779297971288396e-05,1.5181478614844654e-05,2.5248221957168767e-08,0.9999643551505042,Shadowing,1,0.9999953411753122,Shadowing,Shadowing,Shadowing,Shadowing,Shadowing
2023-11-13 14:15:00+08:00,0.0007427910796527858,8.346353154001837e-08,1.7443966035978244e-07,4.996685667439821e-09,0.9992569460204695,Shadowing,1,0.9992572089203472,Shadowing,Shadowing,Shadowing,Shadowing,Shadowing
2023-11-13 14:30:00+08:00,0.0032358807884376208,2.5028368932150767e-10,9.574184355270629e-10,1.5113624223169156e-09,0.9967641164924979,Shadowing,1,0.9967641192115624,Shadowing,Shadowing,Shadowing,Shadowing,Shadowing
2023-11-13 14:45:00+08:00,0.02322287238969099,1.959982252919269e-11,1.635939355454838e-08,9.059186681302957e-10,0.9767771103253968,Shadowing,1,0.976777127610309,Shadowing,Shadowing,Shadowing,Shadowing,Shadowing
2023-11-13 15:00:00+08:00,0.3862771561132508,1.6829092839806052e-11,1.2060429610148254e-08,6.426626679845899e-09,0.6137228253828637,Shadowing,1,0.6137228438867492,Normal,Shadowing,Shadowing,Shadowing,Shadowing
2023-11-13 15:15:00+08:00,0.8009813739687605,2.909467467272537e-11,3.507605537081208e-09,2.229231172088352e-08,0.1990186002022276,Normal,0,0.19901862603123954,Normal,Normal,Normal,Normal,Normal
2023-11-13 15:30:00+08:00,0.7861317103852691,8.127041071139126e-11,5.342329701927704e-09,2.064425072413453e-08,0.21386826354688013,Normal,0,0.21386828961473092,Normal,Normal,Normal,Normal,Shadowing
2023-11-13 15:45:00+08:00,0.8375046093250695,2.599872352278746e-11,2.5744493517143113e-09,2.291537154403707e-08,0.162495365159111,Normal,0,0.16249539067493046,Normal,Normal,Normal,Normal,Normal
2023-11-13 16:00:00+08:00,0.8625124586506017,2.557988734859246e-11,2.1578926993035382e-09,2.458686851756875e-08,0.1374875145790573,Normal,0,0.13748754134939833,Normal,Normal,Normal,Normal,Normal
2023-11-13 16:15:00+08:00,0.8548973313178039,1.7423163516956518e-11,1.9276182057990413e-09,2.4730605399277092e-08,0.14510264200654946,Normal,0,0.14510266868219612,Normal,Normal,Normal,Normal,Normal
2023-11-13 16:30:00+08:00,0.8757246436387811,1.684053984237514e-11,1.6185360760754385e-09,2.5802857892671086e-08,0.12427532892298429,Normal,0,0.12427535636121889,Normal,Normal,Normal,Normal,Normal
2023-11-13 16:45:00+08:00,0.8766954837840334,1.6897211890922337e-11,1.0361425082622541e-09,5.373497155387305e-08,0.12330446142795523,Normal,0,0.12330451621596661,Normal,Normal,Normal,Normal,Normal
2023-11-13 17:00:00+08:00,0.922622815502028,2.4621600332274624e-11,6.344620393947002e-10,9.72017471322185e-08,0.07737708663714138,Normal,0,0.07737718449797204,Normal,Normal,Normal,Normal,Normal
2023-11-14 07:15:00+08:00,0.9991368028850847,3.224917211506595e-12,1.0174489371245704e-10,1.4637345862307418e-08,0.0008631823725996371,Normal,0,0.0008631971149153372,Normal,Normal,Normal,Normal,Normal
2023-11-14 07:30:00+08:00,0.9985925272627869,4.5575768354454545e-12,1.3253688510517192e-10,1.952821792045072e-08,0.001407453071900738,Normal,0,0.001407472737213089,Normal,Normal,Normal,Normal,Normal
2023-11-14 07:45:00+08:00,0.9867083452566708,1.266906449135002e-11,2.918366646608385e-10,5.9534981228493756e-08,0.013291594903842208,Normal,0,0.013291654743329162,Normal,Normal,Normal,Normal,Normal
2023-11-14 08:00:00+08:00,0.8685024528309537,2.537427129749191e-11,7.601930950061044e-10,9.909792503218967e-08,0.13149744728555382,Normal,0,0.13149754716904627,Normal,Normal,Normal,Normal,Normal
2023-11-14 08:15:00+08:00,0.8688784312518887,2.241462444678572e-11,9.35036330318675e-10,7.684041757263053e-08,0.13112149095024278,Normal,0,0.13112156874811132,Normal,Normal,Normal,Normal,Normal
2023-11-14 08:30:00+08:00,0.8793108614567704,1.3730562703183368e-11,1.1090248197055563e-09,3.980937584496245e-08,0.12068909761109832,Normal,0,0.1206891385432296,Normal,Normal,Normal,Normal,Normal
2023-11-14 08:45:00+08:00,0.8492165821997395,1.4615790714999544e-11,1.8383399722281398e-09,2.4718188032468123e-08,0.15078339122911671,Normal,0,0.1507834178002605,Normal,Normal,Normal,Normal,Normal
2023-11-14 09:00:00+08:00,0.7151603087367867,1.847295827130084e-11,4.70807031684868e-09,2.2117480806731738e-08,0.2848396644191891,Normal,0,0.2848396912632133,Normal,Normal,Normal,Normal,Normal
2023-11-14 09:15:00+08:00,0.7872237968822615,1.501392480521811e-11,2.8978720057400836e-09,2.31215798649782e-08,0.2127761770832727,Normal,0,0.21277620311773848,Normal,Normal,Normal,Normal,Normal
2023-11-14 09:30:00+08:00,0.7096402724213293,1.896597531086996e-11,4.905336842985922e-09,2.198084019125316e-08,0.2903597006735277,Normal,0,0.2903597275786707,Normal,Normal,Normal,Normal,Normal
2023-11-14 09:45:00+08:00,0.43199808074628815,2.0799316182186728e-11,1.1774812834336718e-08,8.367086789438183e-09,0.568001899091013,Shadowing,1,0.5680019192537118,Normal,Shadowing,Shadowing,Shadowing,Shadowing
2023-11-14 10:00:00+08:00,0.3363904718690155,2.293701124388851e-11,1.7084157571539362e-08,5.8126014514679784e-09,0.6636095052112884,Shadowing,1,0.6636095281309845,Normal,Shadowing,Shadowing,Shadowing,Shadowing
2023-11-14 10:15:00+08:00,0.2881727727552734,4.872155669160801e-11,2.786465357139836e-08,7.059659479651027e-09,0.7118271922716919,Shadowing,1,0.7118272272447266,Normal,Shadowing,Shadowing,Shadowing,Shadowing
2023-11-14 10:30:00+08:00,0.3353271046906424,1.566915942649002e-11,1.4082592800448863e-08,5.243822465211994e-09,0.6646728759672731,Shadowing,1,0.6646728953093576,Normal,Shadowing,Shadowing,Shadowing,Shadowing
2023-11-14 10:45:00+08:00,0.01046581445478713,2.7570088121272126e-11,1.6830103784509097e-08,7.114136945190177e-11,0.9895341686163975,Shadowing,1,0.9895341855452129,Shadowing,Shadowing,Shadowing,Shadowing,Shadowing
2023-11-14 11:00:00+08:00,0.045665035509214434,1.8653343756186206e-12,1.249886743395972e-08,5.732731932248969e-10,0.9543349514167796,Shadowing,1,0.9543349644907856,Shadowing,Shadowing,Shadowing,Shadowing,Shadowing
2023-11-14 11:15:00+08:00,0.02184197805270461,4.455802131363619e-12,1.2379082496958461e-08,5.713029105002634e-10,0.9781580089924541,Shadowing,1,0.9781580219472954,Shadowing,Shadowing,Shadowing,Shadowing,Shadowing
2023-11-14 11:30:00+08:00,0.2564128037679932,4.645581428890133e-12,5.0053772627765875e-08,5.300539205867437e-09,0.7435871408730493,Shadowing,1,0.7435871962320069,Shadowing,Shadowing,Shadowing,Shadowing,Shadowing
2023-11-14 11:45:00+08:00,0.10697870828492746,1.036501470302904e-12,8.698087161286302e-09,8.380801603873848e-10,0.8930212821778687,Shadowing,1,0.8930212917150725,Shadowing,Shadowing,Shadowing,Shadowing,Shadowing
2023-11-14 12:00:00+08:00,0.5290559592135402,1.1298359108017401e-11,6.841432222624573e-09,1.7096848408451968e-08,0.47094401683688075,Normal,0,0.4709440407864598,Normal,Shadowing,Shadowing,Normal,Shadowing
2023-11-14 12:15:00+08:00,0.47355517958470583,9.681371999893993e-12,7.147180481714164e-09,1.4186886900404038e-08,0.5264447990715453,Shadowing,1,0.5264448204152942,Normal,Shadowing,Shadowing,Shadowing,Shadowing
2023-11-14 12:30:00+08:00,0.3339196632678771,9.816583687288564e-12,1.0740997763128822e-08,4.9043487258451035e-09,0.6660803210769598,Shadowing,1,0.6660803367321229,Normal,Shadowing,Shadowing,Shadowing,Shadowing
2023-11-14 12:45:00+08:00,0.04660215272634028,2.2180763902586535e-11,2.1969034421754553e-08,1.6596260175968348e-09,0.9533978236228184,Shadowing,1,0.9533978472736597,Shadowing,Shadowing,Shadowing,Shadowing,Shadowing
2023-11-14 13:00:00+08:00,0.16483986596533529,4.238455150223346e-10,1.2415980820587812e-07,3.3248564151896083e-09,0.8351600061261546,Shadowing,1,0.8351601340346647,Shadowing,Shadowing,Shadowing,Shadowing,Shadowing
2023-11-14 13:15:00+08:00,0.3248661404376675,1.6321449361966531e-09,3.2741987067074655e-07,1.61952900742243e-09,0.6751335288907879,Shadowing,1,0.6751338595623325,Shadowing,Shadowing,Shadowing,Shadowing,Shadowing
2023-11-14 13:30:00+08:00,0.077908724371364,3.2076723204890025e-10,9.245514252418406e-08,6.131648754827741e-11,0.9220911827914098,Shadowing,1,0.922091275628636,Shadowing,Shadowing,Shadowing,Shadowing,Shadowing
2023-11-14 13:45:00+08:00,0.3038200913123051,1.0856128727723548e-08,4.734208552158598e-07,5.906792845508835e-10,0.6961794238200317,Shadowing,1,0.696179908687695,Shadowing,Shadowing,Shadowing,Shadowing,Shadowing
2023-11-14 14:00:00+08:00,1.5207328932858024e-06,0.006515212240496554,0.0005451900839689589,4.988324481387311e-11,0.9929380768927579,Shadowing,1,0.9999984792671067,Shadowing,Shadowing,Shadowing,Shadowing,Shadowing
2023-11-14 14:15:00+08:00,0.0014652905259129741,2.6449634623076317e-07,3.105353498567906e-07,1.7207848050067007e-09,0.9985341327216061,Shadowing,1,0.9985347094740871,Shadowing,Shadowing,Shadowing,Shadowing,Shadowing
2023-11-14 14:30:00+08:00,0.3156448870328672,5.70009058553147e-12,5.938997120724301e-08,4.879729494582425e-09,0.684355048691732,Shadowing,1,0.6843551129671328,Shadowing,Shadowing,Shadowing,Shadowing,Shadowing
2023-11-14 14:45:00+08:00,0.6228478173234496,6.965694288216254e-12,3.8901771871758014e-08,1.0988372343928538e-08,0.37715213277944054,Normal,0,0.3771521826765504,Normal,Shadowing,Normal,Shadowing,Normal
2023-11-14 15:00:00+08:00,0.009617846955239897,2.6252528256055507e-12,1.0372913922265564e-09,1.4459944544831705e-09,0.9903821505588489,Shadowing,1,0.9903821530447601,Shadowing,Shadowing,Shadowing,Shadowing,Shadowing
2023-11-14 15:15:00+08:00,0.11927717935714237,6.5505395885020334e-12,4.607693605785247e-08,1.8779415144468615e-09,0.8807227726814295,Shadowing,1,0.8807228206428577,Shadowing,Shadowing,Shadowing,Shadowing,Shadowing
2023-11-14 15:30:00+08:00,0.011340096503227117,1.8272012542112145e-14,7.386100171114754e-10,1.7306474961449458e-10,0.98865990258508,Shadowing,1,0.9886599034967729,Shadowing,Shadowing,Shadowing,Shadowing,Shadowing
2023-11-14 15:45:00+08:00,0.6333004011363255,2.6197525068719054e-11,8.033679798691741e-09,1.9792766020012975e-08,0.3666995710110313,Normal,0,0.36669959886367454,Normal,Normal,Shadowing,Normal,Shadowing
2023-11-14 16:00:00+08:00,0.7349136726966975,2.985192716393613e-11,5.023446369929656e-09,2.1185273544644983e-08,0.26508630106473063,Normal,0,0.2650863273033025,Normal,Normal,Normal,Normal,Normal
2023-11-14 16:15:00+08:00,0.8360666951569229,1.771918121691802e-11,2.195985564924667e-09,2.3518836566285678e-08,0.16393327911053568,Normal,0,0.1639333048430771,Normal,Normal,Normal,Normal,Normal
2023-11-14 16:30:00+08:00,0.8727002023773629,1.4365877281721111e-11,1.531487871867021e-09,2.5910060453112894e-08,0.12729977016672295,Normal,0,0.1272997976226371,Normal,Normal,Normal,Normal,Normal
2023-11-14 16:45:00+08:00,0.8826734005064129,2.83747239121001e-11,7.710342975079487e-10,9.708638645629281e-08,0.11732650160779176,Normal,0,0.11732659949358715,Normal,Normal,Normal,Normal,Normal
2023-11-14 17:00:00+08:00,0.9933327298044652,1.225119007923328e-11,2.787109459292289e-10,4.388002676524456e-08,0.006667226024545897,Normal,0,0.0066672701955348135,Normal,Normal,Normal,Normal,Normal
2023-11-15 07:15:00+08:00,0.8714777412863095,2.2393942576716728e-11,9.61442361545571e-10,7.360803913475438e-08,0.12852218412181515,Normal,0,0.1285222587136905,Normal,Normal,Normal,Normal,Normal
2023-11-15 07:30:00+08:00,0.8683410642761823,1.5990503650281493e-11,1.6623025131565063e-09,2.552772731663434e-08,0.13165890851779743,Normal,0,0.1316589357238177,Normal,Normal,Normal,Normal,Normal
2023-11-15 07:45:00+08:00,0.7891712238269222,3.172035137691049e-11,3.8854527427629705e-09,2.2014100169971587e-08,0.21082875024180464,Normal,0,0.21082877617307783,Normal,Normal,Normal,Normal,Normal
2023-11-15 08:00:00+08:00,0.292877110941101,6.136436876253546e-12,8.942694322657165e-09,4.015583380297169e-09,0.7071228760944848,Shadowing,1,0.707122889058899,Normal,Shadowing,Shadowing,Shadowing,Shadowing
2023-11-15 08:15:00+08:00,0.23741025121649964,3.2493650905416674e-09,7.358635548787966e-08,2.080502829072162e-09,0.7625896698672769,Shadowing,1,0.7625897487835004,Normal,Shadowing,Shadowing,Shadowing,Shadowing
2023-11-15 08:30:00+08:00,0.02895629990459166,5.583975967375449e-13,5.771499383772163e-09,8.426554668039376e-10,0.9710436934806952,Shadowing,1,0.9710437000954083,Shadowing,Shadowing,Shadowing,Shadowing,Shadowing
2023-11-15 08:45:00+08:00,0.36063484354165687,4.354231366467888e-09,3.8958150377311717e-07,1.4623830671003043e-10,0.6393647623763696,Shadowing,1,0.6393651564583431,Shadowing,Shadowing,Shadowing,Shadowing,Shadowing
2023-11-15 09:00:00+08:00,0.0016205763733174888,8.306975486044368e-09,1.3861920104806075e-08,9.748070192484152e-13,0.9983794014568123,Shadowing,1,0.9983794236266825,Shadowing,Shadowing,Shadowing,Shadowing,Shadowing
2023-11-15 09:15:00+08:00,0.007166794454149314,3.670999700400942e-09,2.2074932042135388e-08,2.1686871970019913e-11,0.992833179778232,Shadowing,1,0.9928332055458506,Shadowing,Shadowing,Shadowing,Shadowing,Shadowing
2023-11-15 09:30:00+08:00,0.08536837953463342,3.4779278246418395e-12,2.7897333242360252e-08,2.1568408926350502e-09,0.9146315904077145,Shadowing,1,0.9146316204653666,Shadowing,Shadowing,Shadowing,Shadowing,Shadowing
2023-11-15 09:45:00+08:00,0.0002816075529407201,6.304164973887522e-08,3.134006254180538e-08,3.356816817649698e-14,0.9997182980653134,Shadowing,1,0.9997183924470593,Shadowing,Shadowing,Shadowing,Shadowing,Shadowing
2023-11-15 10:00:00+08:00,6.241772881622835e-05,5.518631236471405e-09,1.0374806646269901e-07,9.039567359760037e-10,0.9999374721005294,Shadowing,1,0.9999375822711838,Shadowing,Shadowing,Shadowing,Shadowing,Shadowing
2023-11-15 10:15:00+08:00,0.0010849397694745458,8.737614650898967e-08,1.7228472125258046e-07,5.439984455272026e-09,0.9989147951296733,Shadowing,1,0.9989150602305255,Shadowing,Shadowing,Shadowing,Shadowing,Shadowing
2023-11-15 10:30:00+08:00,0.22952071145770092,1.552405538534396e-10,1.7567978500482609e-07,8.320952912800428e-10,0.7704791118751781,Shadowing,1,0.7704792885422991,Shadowing,Shadowing,Shadowing,Shadowing,Shadowing
2023-11-15 10:45:00+08:00,0.003437583734641018,1.1905667567629933e-07,1.8265621245891858e-07,1.4468788202816749e-13,0.9965621145523261,Shadowing,1,0.996562416265359,Shadowing,Shadowing,Shadowing,Shadowing,Shadowing
2023-11-15 11:00:00+08:00,0.0002174776021730993,2.498437819756344e-06,1.7225712471592399e-06,3.7057235674998844e-11,0.9997783013517028,Shadowing,1,0.999782522397827,Shadowing,Shadowing,Shadowing,Shadowing,Shadowing
2023-11-15 11:15:00+08:00,7.259922470678547e-07,0.0001982863504368799,0.00023205325489950767,0.0001612639670688797,0.9994076704353476,Shadowing,1,0.9999992740077529,Shadowing,Shadowing,Shadowing,Shadowing,Shadowing
2023-11-15 11:30:00+08:00,9.302114184722262e-06,0.0314581297683252,0.022263976072929924,5.664740502043728e-07,0.9462680255705098,Shadowing,1,0.9999906978858153,Shadowing,Shadowing,Shadowing,Shadowing,Shadowing
2023-11-15 11:45:00+08:00,1.0452194371013524e-05,0.03200598428555545,0.04018945766267697,1.2644974109841746e-05,0.9277814608832866,Shadowing,1,0.999989547805629,Shadowing,Shadowing,Shadowing,Shadowing,Shadowing
2023-11-15 12:00:00+08:00,1.3588352894613707e-05,0.032563133204062386,0.06225211483742604,7.310894241863131e-05,0.9050980546631984,Shadowing,1,0.9999864116471053,Shadowing,Shadowing,Shadowing,Shadowing,Shadowing
2023-11-15 12:15:00+08:00,1.1654684994721854e-05,0.028093349928543315,0.05824302883198389,0.0003799056724031271,0.9132720608820751,Shadowing,1,0.9999883453150052,Shadowing,Shadowing,Shadowing,Shadowing,Shadowing
2023-11-15 12:30:00+08:00,7.92455141745074e-06,0.020835172067807446,0.022517977294002837,0.0005293387504518917,0.9561095873363203,Shadowing,1,0.9999920754485826,Shadowing,Shadowing,Shadowing,Shadowing,Shadowing
2023-11-15 12:45:00+08:00,4.149727326683971e-06,0.00811332884446966,0.0023469433282132923,2.8865402147297222e-05,0.9895067126978431,Shadowing,1,0.9999958502726733,Shadowing,Shadowing,Shadowing,Shadowing,Shadowing
2023-11-15 13:00:00+08:00,2.3042051543003026e-06,0.001636469457338736,0.00028988805528622186,2.8354573934091988e-06,0.9980685028248274,Shadowing,1,0.9999976957948457,Shadowing,Shadowing,Shadowing,Shadowing,Shadowing
2023-11-15 13:15:00+08:00,2.0280113232938827e-06,0.00012098124721584246,2.826924197305023e-05,2.1425956042530325e-09,0.9998487193568923,Shadowing,1,0.9999979719886767,Shadowing,Shadowing,Shadowing,Shadowing,Shadowing
2023-11-15 13:30:00+08:00,0.40366919567304355,3.575100585848042e-08,1.0448232914677875e-06,2.0279711053755344e-10,0.596329723549862,Shadowing,1,0.5963308043269564,Normal,Shadowing,Normal,Shadowing,Shadowing
2023-11-15 13:45:00+08:00,3.3966606270066734e-06,2.4524884298249598e-06,4.811117829529716e-06,4.279235698149211e-10,0.9999893393051901,Shadowing,1,0.999996603339373,Shadowing,Shadowing,Shadowing,Shadowing,Shadowing
2023-11-15 14:00:00+08:00,8.192529322613597e-06,2.0444798578711694e-07,2.258215097152683e-07,1.0991156868202373e-09,0.9999913761020662,Shadowing,1,0.9999918074706774,Shadowing,Shadowing,Shadowing,Shadowing,Shadowing
2023-11-15 14:15:00+08:00,8.724440693322604e-05,5.162220998675836e-08,1.5909847271281063e-07,2.153120093854153e-09,0.999912542719264,Shadowing,1,0.9999127555930668,Shadowing,Shadowing,Shadowing,Shadowing,Shadowing
2023-11-15 14:30:00+08:00,0.0006324348616464315,4.094482851935435e-08,1.3069970856315814e-07,5.87697633912893e-09,0.9993673876168401,Shadowing,1,0.9993675651383536,Shadowing,Shadowing,Shadowing,Shadowing,Shadowing
2023-11-15 14:45:00+08:00,0.0007474570174552927,7.439498414654306e-09,2.8733325214783876e-08,5.291974742788839e-09,0.9992525015177464,Shadowing,1,0.9992525429825447,Shadowing,Shadowing,Shadowing,Shadowing,Shadowing
2023-11-15 15:00:00+08:00,0.0023522293149108742,1.3517765723017803e-09,6.324884817304952e-10,3.2366330073133742e-09,0.997647765464191,Shadowing,1,0.9976477706850891,Shadowing,Shadowing,Shadowing,Shadowing,Shadowing
2023-11-15 15:15:00+08:00,0.0020528535766075697,1.4941103257171232e-10,4.377721462538518e-10,2.2020888699050578e-09,0.9979471436341203,Shadowing,1,0.9979471464233924,Shadowing,Shadowing,Shadowing,Shadowing,Shadowing
2023-11-15 15:30:00+08:00,0.005335566953287132,1.9637490488389024e-12,5.600473384896568e-10,8.861325172183152e-10,0.9946644315985692,Shadowing,1,0.9946644330467128,Shadowing,Shadowing,Shadowing,Shadowing,Shadowing
2023-11-15 15:45:00+08:00,6.426529127667036e-07,6.041180497211095e-06,1.033265467204072e-10,3.8729013579908665e-18,0.9999933160632637,Shadowing,1,0.9999993573470872,Shadowing,Shadowing,Shadowing,Shadowing,Shadowing
2023-11-15 16:00:00+08:00,1.9938345132339103e-06,6.082965538857726e-06,3.469038457506614e-10,8.464971055492366e-16,0.9999919228530432,Shadowing,1,0.9999980061654867,Shadowing,Shadowing,Shadowing,Shadowing,Shadowing
2023-11-15 16:15:00+08:00,2.230677781402302e-05,5.3387542260784465e-06,8.562380598193312e-09,1.4542526140393485e-12,0.9999723459041251,Shadowing,1,0.999977693222186,Shadowing,Shadowing,Shadowing,Shadowing,Shadowing
2023-11-15 16:30:00+08:00,0.7232963098159433,1.4161415112763115e-09,3.783458239327623e-09,5.0064780853629065e-08,0.2767036349196761,Normal,0,0.2767036901840567,Normal,Shadowing,Normal,Normal,Normal
2023-11-15 16:45:00+08:00,0.9422119023718253,2.7897822897614e-11,6.281910454651655e-10,9.268166120667518e-08,0.05778800429042484,Normal,0,0.05778809762817472,Normal,Normal,Normal,Normal,Normal
2023-11-15 17:00:00+08:00,0.9947344163494446,1.1853734052762578e-11,2.6896919615385805e-10,3.948767384447306e-08,0.0052655438820587135,Normal,0,0.0052655836505554054,Normal,Normal,Normal,Normal,Normal
2023-11-16 07:15:00+08:00,0.9786609502612406,2.070316971010007e-11,4.244991087097473e-10,7.272780136827888e-08,0.021338976565755695,Normal,0,0.02133904973875944,Normal,Normal,Normal,Normal,Normal
2023-11-16 07:30:00+08:00,0.8688210106158725,1.3365395985827094e-11,9.79812493635237e-10,5.180551418378079e-08,0.13117893658543572,Normal,0,0.13117898938412753,Normal,Normal,Normal,Normal,Normal
2023-11-16 07:45:00+08:00,0.8511923710941135,1.2453719921456942e-11,1.6755800760262968e-09,2.5083593783822932e-08,0.14880760213425911,Normal,0,0.1488076289058865,Normal,Normal,Normal,Normal,Normal
2023-11-16 08:00:00+08:00,0.8059074794514072,1.745769753053196e-11,2.751597457412801e-09,2.2965506776595067e-08,0.1940924948140308,Normal,0,0.19409252054859283,Normal,Normal,Normal,Normal,Normal
2023-11-16 08:15:00+08:00,0.7663361120203649,8.249300353409489e-12,2.453172019772236e-09,2.3762614269688757e-08,0.23366386175559944,Normal,0,0.2336638879796351,Normal,Normal,Normal,Normal,Normal
2023-11-16 08:30:00+08:00,0.7634725781776563,1.0737811782883675e-11,2.85594741988514e-09,2.350194896725439e-08,0.2365273954537094,Normal,0,0.23652742182234365,Normal,Normal,Normal,Normal,Normal
2023-11-16 08:45:00+08:00,0.8186767054812704,8.174343913143111e-12,1.6750669161861742e-09,2.446259927446834e-08,0.18132326837288915,Normal,0,0.18132329451872964,Normal,Normal,Normal,Normal,Normal
2023-11-16 09:00:00+08:00,0.7384983642558518,2.7676480604498553e-11,4.789335474671359e-09,2.138196160296397e-08,0.2615016095451746,Normal,0,0.2615016357441482,Normal,Normal,Normal,Normal,Normal
2023-11-16 09:15:00+08:00,0.41802458935939824,1.4042908810111349e-11,1.0348965238284079e-08,8.740143382504052e-09,0.5819753915374503,Shadowing,1,0.5819754106406018,Normal,Shadowing,Shadowing,Shadowing,Shadowing
2023-11-16 09:30:00+08:00,0.14574245717097162,3.958681362466599e-12,1.768086955444628e-08,1.5571462636774686e-09,0.854257523587054,Shadowing,1,0.8542575428290284,Normal,Shadowing,Shadowing,Shadowing,Shadowing
2023-11-16 09:45:00+08:00,0.04766293792178609,8.625966969191883e-13,8.5522254913272e-09,4.984981029465166e-10,0.9523370530266277,Shadowing,1,0.9523370620782139,Shadowing,Shadowing,Shadowing,Shadowing,Shadowing
2023-11-16 10:00:00+08:00,0.05265720607974465,4.112150842786923e-12,2.3775289124123013e-08,1.2761731668972904e-09,0.9473427688646809,Shadowing,1,0.9473427939202553,Shadowing,Shadowing,Shadowing,Shadowing,Shadowing
2023-11-16 10:15:00+08:00,0.34801131995158846,1.1645974565227594e-08,4.991273114864359e-07,5.0230577461288404e-11,0.651988169224895,Shadowing,1,0.6519886800484116,Shadowing,Shadowing,Shadowing,Shadowing,Shadowing
2023-11-16 10:30:00+08:00,0.34174608049987054,9.431137340117949e-10,2.3056605427383721e-07,1.6956418454890828e-10,0.6582536878213971,Shadowing,1,0.6582539195001295,Normal,Shadowing,Shadowing,Shadowing,Shadowing
2023-11-16 10:45:00+08:00,0.5187497241260249,2.146431290651862e-11,6.484630081471227e-08,5.482379161658912e-09,0.48125020552383074,Normal,0,0.48125027587397506,Shadowing,Shadowing,Normal,Shadowing,Normal
2023-11-16 11:00:00+08:00,0.15367876190787694,8.720171353589747e-11,1.2853337194804194e-07,4.211714927350052e-10,0.8463211090503779,Shadowing,1,0.846321238092123,Shadowing,Shadowing,Shadowing,Shadowing,Shadowing
2023-11-16 11:15:00+08:00,0.04757358261548217,2.360186669938722e-12,3.5096125313144927e-09,6.855307182834564e-09,0.9524264070172379,Shadowing,1,0.9524264173845178,Shadowing,Shadowing,Shadowing,Shadowing,Shadowing
2023-11-16 11:30:00+08:00,0.0033270567153127614,6.900785004839723e-12,3.8159039891985597e-10,1.1872719861015703e-09,0.9966729417089241,Shadowing,1,0.9966729432846873,Shadowing,Shadowing,Shadowing,Shadowing,Shadowing
2023-11-16 11:45:00+08:00,0.020751277520409974,3.6963809449864484e-13,3.821258086343858e-09,5.359326321238907e-10,0.9792487181220297,Shadowing,1,0.97924872247959,Shadowing,Shadowing,Shadowing,Shadowing,Shadowing
2023-11-16 12:00:00+08:00,0.02483900602930517,8.970464767769191e-14,1.888421242866858e-09,7.460409021474172e-10,0.975160991336143,Shadowing,1,0.9751609939706948,Shadowing,Shadowing,Shadowing,Shadowing,Shadowing
2023-11-16 12:15:00+08:00,1.1817651445118839e-06,1.902240008218852e-08,7.43722529708874e-08,6.409834796160791e-10,0.9999987241992189,Shadowing,1,0.9999988182348555,Shadowing,Shadowing,Shadowing,Shadowing,Shadowing
2023-11-16 12:30:00+08:00,0.0007841110951105118,1.1388592668146394e-08,4.342459186856512e-08,6.5552778989250266e-09,0.999215827536427,Shadowing,1,0.9992158889048894,Shadowing,Shadowing,Shadowing,Shadowing,Shadowing
2023-11-16 12:45:00+08:00,2.3487365230858686e-07,1.6489893469003873e-09,1.8077102092412557e-06,9.897280055397916e-09,0.9999979458698691,Shadowing,1,0.9999997651263477,Shadowing,Shadowing,Shadowing,Shadowing,Shadowing
2023-11-16 13:00:00+08:00,4.317907027349391e-06,8.629038439633905e-07,2.2164684588370003e-06,4.167667035334799e-10,0.9999926023039031,Shadowing,1,0.9999956820929726,Shadowing,Shadowing,Shadowing,Shadowing,Shadowing
2023-11-16 13:15:00+08:00,3.6044779151669635e-07,1.516996589274005e-08,8.272025663296706e-07,2.539331242556335e-09,0.999998794640345,Shadowing,1,0.9999996395522085,Shadowing,Shadowing,Shadowing,Shadowing,Shadowing
2023-11-16 13:30:00+08:00,0.07525907296782455,7.1883788432611725e-09,3.8867238737438904e-08,1.7267151627415307e-08,0.9247408637094063,Shadowing,1,0.9247409270321755,Shadowing,Shadowing,Shadowing,Shadowing,Shadowing
2023-11-16 13:45:00+08:00,0.02989482507752676,9.520710297336845e-08,5.085980243808107e-07,8.158701862331781e-13,0.9701045711165299,Shadowing,1,0.9701051749224733,Shadowing,Shadowing,Shadowing,Shadowing,Shadowing
2023-11-16 14:00:00+08:00,0.339595352133359,5.596870999921296e-09,3.8567980761183316e-07,5.622237809149528e-11,0.66040425653374,Shadowing,1,0.660404647866641,Shadowing,Shadowing,Shadowing,Shadowing,Shadowing
2023-11-16 14:15:00+08:00,0.009846078032274533,2.8815573485284925e-07,1.8011163840220235e-07,7.99816128111272e-10,0.990153452900536,Shadowing,1,0.9901539219677254,Shadowing,Shadowing,Shadowing,Shadowing,Shadowing
2023-11-16 14:30:00+08:00,0.6557439650720225,6.578531886788519e-12,4.289934369588567e-08,8.13881384589255e-09,0.34425598388324147,Normal,0,0.3442560349279775,Shadowing,Shadowing,Normal,Normal,Normal
2023-11-16 14:45:00+08:00,0.06775785361614316,4.624598398199625e-12,1.6891345823704783e-08,1.1438551103244136e-09,0.9322421283440313,Shadowing,1,0.9322421463838568,Shadowing,Shadowing,Shadowing,Shadowing,Shadowing
2023-11-16 15:00:00+08:00,0.11813236462051827,5.913877989165001e-12,1.9824093874137088e-08,1.654059770324255e-09,0.8818676138954142,Shadowing,1,0.8818676353794818,Shadowing,Shadowing,Shadowing,Shadowing,Shadowing
2023-11-16 15:15:00+08:00,0.35479986224660043,2.102095446162398e-11,1.5260966659616044e-08,5.927370539764028e-09,0.6452001165440414,Shadowing,1,0.6452001377533996,Normal,Shadowing,Shadowing,Shadowing,Shadowing
2023-11-16 15:30:00+08:00,0.5611900041262409,4.688685345452102e-11,1.1576531044363658e-08,1.5299989445325565e-08,0.4388099689503518,Normal,0,0.43880999587375913,Normal,Normal,Shadowing,Normal,Shadowing
2023-11-16 15:45:00+08:00,0.24391945814824484,3.048189587929686e-12,6.713949383619463e-09,3.4992660120747814e-09,0.7560805316354916,Shadowing,1,0.7560805418517551,Normal,Shadowing,Shadowing,Shadowing,Shadowing
2023-11-16 16:00:00+08:00,0.7835700765855164,5.24095616667693e-11,4.789365448610465e-09,2.1214422648220616e-08,0.21642989735828602,Normal,0,0.21642992341448364,Normal,Normal,Normal,Normal,Normal
2023-11-16 16:15:00+08:00,0.8073277601510082,2.1971456564280278e-10,5.650814307632096e-09,2.0173416150160292e-08,0.19267221380504695,Normal,0,0.19267223984899184,Normal,Normal,Normal,Normal,Shadowing
2023-11-16 16:30:00+08:00,0.8594135679518171,2.1932399082068416e-10,3.1759566803686375e-09,2.3553062778011924e-08,0.1405864050998395,Normal,0,0.14058643204818289,Normal,Normal,Normal,Normal,Normal
2023-11-16 16:45:00+08:00,0.9604732934050159,2.7061476610847754e-11,5.343056576453737e-10,9.003152653791994e-08,0.03952661600209044,Normal,0,0.03952670659498414,Normal,Normal,Normal,Normal,Normal
2023-11-16 17:00:00+08:00,0.9890329432770614,1.5498822782287915e-11,3.3612248533966143e-10,5.4840739511474295e-08,0.010967001530577902,Normal,0,0.010967056722938628,Normal,Normal,Normal,Normal,Normal
2023-11-17 07:15:00+08:00,0.6799083131503405,3.0193670774786413e-12,9.142570002066644e-10,4.64304325356913e-08,0.3200916395019507,Normal,0,0.3200916868496595,Normal,Normal,Normal,Normal,Normal
2023-11-17 07:30:00+08:00,0.10016607365155694,2.6035869943231415e-13,9.701025035310313e-10,3.4387119188127823e-09,0.8998339219393682,Shadowing,1,0.8998339263484431,Shadowing,Shadowing,Shadowing,Shadowing,Shadowing
2023-11-17 07:45:00+08:00,0.009346575201905068,2.4478289476581158e-14,2.8782374923481864e-10,1.4574724486305303e-10,0.9906534243644994,Shadowing,1,0.9906534247980949,Shadowing,Shadowing,Shadowing,Shadowing,Shadowing
2023-11-17 08:00:00+08:00,0.007823481552153427,2.0820023785750284e-14,3.365180661310853e-10,2.2770028532060833e-10,0.9921765178836074,Shadowing,1,0.9921765184478466,Shadowing,Shadowing,Shadowing,Shadowing,Shadowing
2023-11-17 08:15:00+08:00,0.09806177809958339,2.6114087174027057e-13,5.512658148153109e-09,3.485674997552986e-09,0.9019382129018224,Shadowing,1,0.9019382219004166,Shadowing,Shadowing,Shadowing,Shadowing,Shadowing
2023-11-17 08:30:00+08:00,0.3059964698713006,1.8358013390197905e-11,3.1060602941843874e-08,1.7918682770623674e-08,0.6940034811310556,Shadowing,1,0.6940035301286994,Shadowing,Shadowing,Shadowing,Shadowing,Shadowing
2023-11-17 08:45:00+08:00,0.13052074988449186,1.6587824647853307e-10,1.232204374374891e-07,6.429351160959092e-10,0.8694791260862573,Shadowing,1,0.8694792501155082,Shadowing,Shadowing,Shadowing,Shadowing,Shadowing
2023-11-17 09:00:00+08:00,0.2905335403493291,2.049566160706559e-09,3.064891488257661e-07,1.5319547126864266e-09,0.7094661495800012,Shadowing,1,0.7094664596506709,Shadowing,Shadowing,Shadowing,Shadowing,Shadowing
2023-11-17 09:15:00+08:00,0.48186915859963414,3.0250206678422035e-08,8.894608728698419e-07,3.0339040697245427e-10,0.5181299213858959,Shadowing,1,0.5181308414003658,Normal,Shadowing,Normal,Shadowing,Normal
2023-11-17 09:30:00+08:00,0.2669208082921015,1.7716069588561531e-06,9.16414058572327e-06,1.0632568288283403e-11,0.7330682559497215,Shadowing,1,0.7330791917078985,Shadowing,Shadowing,Shadowing,Shadowing,Shadowing
2023-11-17 09:45:00+08:00,0.5679515583323177,1.5011660014318907e-05,5.42943881718944e-05,7.890033538687746e-12,0.43197913561160617,Normal,0,0.4320484416676823,Normal,Shadowing,Normal,Normal,Normal
2023-11-17 10:00:00+08:00,0.593848798304469,0.0003586789852380955,0.00025805657022438886,8.923342597532837e-12,0.40553446613114524,Normal,0,0.406151201695531,Normal,Normal,Normal,Shadowing,Normal
2023-11-17 10:15:00+08:00,0.020775654302144366,0.29970517066099744,0.0023692971298348497,2.1212964273227496e-12,0.677149877904902,Shadowing,1,0.9792243456978557,Shadowing,Shadowing,Shadowing,Short-Circuit,Shadowing
2023-11-17 10:30:00+08:00,0.011868104079264584,0.3597553621273219,0.005918901984786144,2.1271167927554343e-13,0.6224576318084146,Shadowing,1,0.9881318959207355,Short-Circuit,Shadowing,Shadowing,Shadowing,Shadowing
2023-11-17 10:45:00+08:00,0.0006382049250008264,0.5234446344614536,0.0011422390049395548,1.964018364923158e-11,0.4747749215889658,Short-Circuit,1,0.9993617950749992,Short-Circuit,Short-Circuit,Shadowing,Short-Circuit,Shadowing
2023-11-17 11:00:00+08:00,4.5274741664174385e-05,0.044690689210497105,0.04121517295939644,3.483713536502631e-06,0.9140453793749058,Shadowing,1,0.9999547252583358,Shadowing,Shadowing,Shadowing,Shadowing,Shadowing
2023-11-17 11:15:00+08:00,0.00013268955128391786,0.10580461387520283,0.11688168451627531,9.361061630345935e-05,0.7770874014409344,Shadowing,1,0.9998673104487161,Shadowing,Shadowing,Degradation,Shadowing,Shadowing
2023-11-17 11:30:00+08:00,0.00026621505532056273,0.09971423732074636,0.18389306199663769,5.2547247217410195e-05,0.716073938380078,Shadowing,1,0.9997337849446795,Shadowing,Shadowing,Degradation,Shadowing,Shadowing
2023-11-17 11:45:00+08:00,0.0003139969833893778,0.09927114371281102,0.23025000013024804,6.265369372087816e-05,0.6701022054798307,Shadowing,1,0.9996860030166106,Shadowing,Shadowing,Degradation,Shadowing,Shadowing
2023-11-17 12:00:00+08:00,0.0003111330342375733,0.101573776289489,0.25708673641822005,9.942803149876277e-05,0.6409289262265545,Shadowing,1,0.9996888669657624,Shadowing,Shadowing,Degradation,Shadowing,Shadowing
2023-11-17 12:15:00+08:00,0.00025789494484037304,0.09920448003938828,0.25738007297246035,0.00019051279600108096,0.6429670392473099,Shadowing,1,0.9997421050551596,Shadowing,Shadowing,Degradation,Shadowing,Shadowing
2023-11-17 12:30:00+08:00,0.00016471907773704035,0.08923378710560795,0.20882386506187528,0.0002898924341825838,0.7014877363205974,Shadowing,1,0.9998352809222629,Shadowing,Shadowing,Degradation,Shadowing,Shadowing
2023-11-17 12:45:00+08:00,6.28282241324797e-05,0.08853053755601772,0.15406214748879282,0.0008327941313735852,0.7565116925996834,Shadowing,1,0.9999371717758675,Shadowing,Shadowing,Degradation,Shadowing,Shadowing
2023-11-17 13:00:00+08:00,2.5058626371421605e-05,0.04131005125489949,0.11518000303583839,0.00016433041611588905,0.8433205566667749,Shadowing,1,0.9999749413736285,Shadowing,Shadowing,Degradation,Shadowing,Shadowing
2023-11-17 13:15:00+08:00,6.547441942953641e-06,0.02132602915494263,0.017807513887878445,4.988851523049201e-05,0.9608100210000055,Shadowing,1,0.999993452558057,Shadowing,Shadowing,Shadowing,Shadowing,Shadowing
2023-11-17 13:30:00+08:00,2.1436223629119357e-06,0.001735187748930263,0.0002836505001017983,1.3358786449001921e-06,0.9979776822499602,Shadowing,1,0.999997856377637,Shadowing,Shadowing,Shadowing,Shadowing,Shadowing
2023-11-17 13:45:00+08:00,1.9469064817597077e-06,0.00023313529763243864,5.1164046309135536e-05,5.480445271889959e-09,0.9997137482691315,Shadowing,1,0.9999980530935182,Shadowing,Shadowing,Shadowing,Shadowing,Shadowing
2023-11-17 14:00:00+08:00,4.3739894240865885e-06,3.841194197289469e-06,5.976290627233657e-06,1.9884168811542472e-09,0.9999858065373346,Shadowing,1,0.9999956260105759,Shadowing,Shadowing,Shadowing,Shadowing,Shadowing
2023-11-17 14:15:00+08:00,1.769040101889182e-05,2.626137804829244e-07,3.479102303915247e-07,1.1009397861449686e-09,0.9999816979740306,Shadowing,1,0.9999823095989812,Shadowing,Shadowing,Shadowing,Shadowing,Shadowing
2023-11-17 14:30:00+08:00,9.501967392255442e-05,4.503296225993367e-08,1.4716151205632627e-07,2.13029406645833e-09,0.999904786001309,Shadowing,1,0.9999049803260774,Shadowing,Shadowing,Shadowing,Shadowing,Shadowing
2023-11-17 14:45:00+08:00,0.0004885572037458031,1.1955702116916417e-08,6.994488391935819e-08,4.7797418098227475e-09,0.9995113561159263,Shadowing,1,0.9995114427962541,Shadowing,Shadowing,Shadowing,Shadowing,Shadowing
2023-11-17 15:00:00+08:00,0.001138994391594665,7.064283481578475e-09,7.422461718850663e-09,5.562452249481045e-09,0.9988609855592079,Shadowing,1,0.9988610056084053,Shadowing,Shadowing,Shadowing,Shadowing,Shadowing
2023-11-17 15:15:00+08:00,0.0015997114684474737,6.780058582423867e-10,5.441324417760612e-10,2.1329810236204932e-09,0.9984002851764332,Shadowing,1,0.9984002885315525,Shadowing,Shadowing,Shadowing,Shadowing,Shadowing
2023-11-17 15:30:00+08:00,0.0028758681275980807,2.383060664366814e-11,4.002331642490104e-10,1.9816293704838827e-09,0.9971241294667088,Shadowing,1,0.9971241318724019,Shadowing,Shadowing,Shadowing,Shadowing,Shadowing
2023-11-17 15:45:00+08:00,0.0005156993317732971,2.704597266878881e-06,8.128505129066701e-08,1.2982265279644629e-12,0.9994815147846104,Shadowing,1,0.9994843006682267,Shadowing,Shadowing,Shadowing,Shadowing,Shadowing
2023-11-17 16:00:00+08:00,3.362248177879866e-07,5.02397405710983e-06,3.6379328418645764e-11,3.0033609632128198e-18,0.9999946397647458,Shadowing,1,0.9999996637751822,Shadowing,Shadowing,Shadowing,Shadowing,Shadowing
2023-11-17 16:15:00+08:00,1.3340633087469765e-05,8.516792644680999e-06,4.617300386677618e-09,4.1328357313660505e-13,0.9999781379565542,Shadowing,1,0.9999866593669126,Shadowing,Shadowing,Shadowing,Shadowing,Shadowing
2023-11-17 16:30:00+08:00,0.7018613871386702,1.5826043936836142e-09,3.887027024229918e-09,5.735217695958867e-08,0.29813855003952155,Normal,0,0.2981386128613298,Normal,Shadowing,Normal,Normal,Normal
2023-11-17 16:45:00+08:00,0.9531869663710845,2.9924040277594606e-11,6.080459708885624e-10,9.090020165758434e-08,0.04681294209074383,Normal,0,0.046813033628915535,Normal,Normal,Normal,Normal,Normal
2023-11-17 17:00:00+08:00,0.9889700906732994,1.515464621071398e-11,3.308600136052838e-10,5.495942970954702e-08,0.011029854021256027,Normal,0,0.01102990932670056,Normal,Normal,Normal,Normal,Normal
2023-11-18 07:15:00+08:00,0.6995121690258872,3.2878795303279766e-12,8.375995788278011e-10,5.066266137283774e-08,0.3004877794705639,Normal,0,0.3004878309741128,Normal,Normal,Normal,Normal,Normal
2023-11-18 07:30:00+08:00,0.10777497635770936,2.755323366519908e-13,9.532553645593905e-10,4.0801480598002845e-09,0.8922250186086117,Shadowing,1,0.8922250236422906,Shadowing,Shadowing,Shadowing,Shadowing,Shadowing
2023-11-18 07:45:00+08:00,0.009043734524271322,2.1623720857719314e-14,2.5061532291083715e-10,1.4493323264913287e-10,0.9909562650801584,Shadowing,1,0.9909562654757287,Shadowing,Shadowing,Shadowing,Shadowing,Shadowing
2023-11-18 08:00:00+08:00,0.0065487020855181915,1.547009619197887e-14,2.4629455085548165e-10,1.7035555694032777e-10,0.9934512974978162,Shadowing,1,0.9934512979144818,Shadowing,Shadowing,Shadowing,Shadowing,Shadowing
2023-11-18 08:15:00+08:00,0.0447283007093433,1.5974370888763368e-13,3.0693378061658045e-09,1.6156772322762848e-09,0.9552716946054819,Shadowing,1,0.9552716992906567,Shadowing,Shadowing,Shadowing,Shadowing,Shadowing
2023-11-18 08:30:00+08:00,0.12954463972662505,1.888538434328121e-11,1.6758270574893057e-08,1.4318287137379197e-08,0.8704553291779318,Shadowing,1,0.8704553602733749,Shadowing,Shadowing,Shadowing,Shadowing,Shadowing
2023-11-18 08:45:00+08:00,0.14346074224884486,1.3105111179040324e-10,1.135246694134264e-07,7.634686687857577e-10,0.8565391433319659,Shadowing,1,0.8565392577511551,Shadowing,Shadowing,Shadowing,Shadowing,Shadowing
2023-11-18 09:00:00+08:00,0.21484732746932172,1.4572776510699445e-09,2.3042283381432639e-07,1.1335165308812924e-09,0.7851524395170502,Shadowing,1,0.7851526725306783,Shadowing,Shadowing,Shadowing,Shadowing,Shadowing
2023-11-18 09:15:00+08:00,0.3027326008051544,1.4808758721651388e-08,5.130151215926823e-07,4.996090774152483e-10,0.6972668708713563,Shadowing,1,0.6972673991948456,Shadowing,Shadowing,Shadowing,Shadowing,Shadowing
2023-11-18 09:30:00+08:00,0.32696158508661866,7.083550072013625e-07,4.822424503726747e-06,3.6093656027780213e-11,0.673032884097777,Shadowing,1,0.6730384149133813,Normal,Shadowing,Shadowing,Shadowing,Shadowing
2023-11-18 09:45:00+08:00,0.46661603230172244,1.4524183588572528e-05,2.3461389655081575e-05,1.959008333753092e-11,0.5333459821054439,Shadowing,1,0.5333839676982776,Normal,Shadowing,Normal,Shadowing,Shadowing
2023-11-18 10:00:00+08:00,0.6068749182064257,0.0002576143065943716,7.626713812083438e-05,2.4575638469936896e-11,0.39279120032428344,Normal,0,0.3931250817935743,Normal,Normal,Normal,Shadowing,Normal
2023-11-18 10:15:00+08:00,0.0021249744127310954,0.01038123663455017,0.0003213986747524069,7.078189929232731e-13,0.9871723902772584,Shadowing,1,0.9978750255872689,Shadowing,Shadowing,Shadowing,Shadowing,Shadowing
2023-11-18 10:30:00+08:00,0.00038000876422335467,0.13080148077643822,0.0008231755898991007,7.836317884094506e-14,0.8679953348693609,Shadowing,1,0.9996199912357766,Shadowing,Shadowing,Shadowing,Shadowing,Shadowing
2023-11-18 10:45:00+08:00,3.085672846986623e-05,0.042523006563165475,0.0005886048009900923,1.4386237898932033e-12,0.9568575319059359,Shadowing,1,0.9999691432715301,Shadowing,Shadowing,Shadowing,Shadowing,Shadowing
2023-11-18 11:00:00+08:00,1.3881966322982449e-05,0.03582719306573157,0.0390957927037614,2.6061792702420936e-06,0.9250605260849138,Shadowing,1,0.999986118033677,Shadowing,Shadowing,Shadowing,Shadowing,Shadowing
2023-11-18 11:15:00+08:00,4.872464483609261e-05,0.06409283600998339,0.11975028999180412,0.00020843004950782347,0.8158997193038686,Shadowing,1,0.9999512753551639,Shadowing,Shadowing,Degradation,Shadowing,Shadowing
2023-11-18 11:30:00+08:00,0.00010378089172285887,0.08989898098204514,0.16444774938998866,0.0003976693168325746,0.7451518194194108,Shadowing,1,0.9998962191082772,Shadowing,Shadowing,Degradation,Shadowing,Shadowing
2023-11-18 11:45:00+08:00,0.00011622769171793744,0.08373921818995053,0.19746409326213243,0.0005853599753041439,0.7180951008808949,Shadowing,1,0.9998837723082821,Shadowing,Shadowing,Degradation,Shadowing,Shadowing
2023-11-18 12:00:00+08:00,0.00012730843046312746,0.08551430463635785,0.20786882304024404,0.0006028010421123321,0.7058867628508226,Shadowing,1,0.9998726915695368,Shadowing,Shadowing,Degradation,Shadowing,Shadowing
2023-11-18 12:15:00+08:00,8.929654153943701e-05,0.08252621330737439,0.20827939181010224,0.0018148288562931838,0.7072902694846908,Shadowing,1,0.9999107034584606,Shadowing,Shadowing,Degradation,Shadowing,Shadowing
2023-11-18 12:30:00+08:00,4.6431805916329856e-05,0.07877288403080215,0.1819145131710594,0.0034000062019571816,0.7358661647902649,Shadowing,1,0.9999535681940837,Shadowing,Shadowing,Degradation,Shadowing,Shadowing
2023-11-18 12:45:00+08:00,1.9918487979530893e-05,0.036705981716039504,0.13207612174771782,0.0008375112358306365,0.8303604668124326,Shadowing,1,0.9999800815120204,Shadowing,Shadowing,Degradation,Shadowing,Shadowing
2023-11-18 13:00:00+08:00,9.600963299299945e-06,0.02475445780336342,0.037000573951433746,0.0004186601641829979,0.9378167071177206,Shadowing,1,0.9999903990367007,Shadowing,Shadowing,Shadowing,Shadowing,Shadowing
2023-11-18 13:15:00+08:00,3.757877844833395e-06,0.00440176957495828,0.0009464255532469531,4.5584837933177044e-05,0.9946024621560167,Shadowing,1,0.9999962421221552,Shadowing,Shadowing,Shadowing,Shadowing,Shadowing
2023-11-18 13:30:00+08:00,1.7389520158812015e-06,0.0006991061918008234,0.00014874250325614698,3.123874106170397e-07,0.9991500999655164,Shadowing,1,0.9999982610479842,Shadowing,Shadowing,Shadowing,Shadowing,Shadowing
2023-11-18 13:45:00+08:00,3.522363204965528e-06,2.4436177127564038e-05,1.5186081444773682e-05,1.1808828339676529e-08,0.9999568435693943,Shadowing,1,0.999996477636795,Shadowing,Shadowing,Shadowing,Shadowing,Shadowing
2023-11-18 14:00:00+08:00,7.76523088533158e-06,4.8948900551379e-07,1.3845735228706174e-06,7.790758696482108e-10,0.9999903599275104,Shadowing,1,0.9999922347691147,Shadowing,Shadowing,Shadowing,Shadowing,Shadowing
2023-11-18 14:15:00+08:00,2.9637025684027815e-05,1.0431864324242073e-07,1.742211068900977e-07,1.5315880164597207e-09,0.9999700829029778,Shadowing,1,0.999970362974316,Shadowing,Shadowing,Shadowing,Shadowing,Shadowing
2023-11-18 14:30:00+08:00,0.00023594164672877688,2.5414106292061105e-08,1.1358807680805928e-07,3.3234851656007796e-09,0.9997639160276031,Shadowing,1,0.9997640583532712,Shadowing,Shadowing,Shadowing,Shadowing,Shadowing
2023-11-18 14:45:00+08:00,0.000664904757903795,8.094507259761677e-09,5.260043124360368e-08,5.117072552844978e-09,0.9993350294300851,Shadowing,1,0.9993350952420962,Shadowing,Shadowing,Shadowing,Shadowing,Shadowing
2023-11-18 15:00:00+08:00,0.0026265847067242247,4.151590199799851e-09,1.5698363722856229e-09,4.551596351840865e-09,0.9973734050202528,Shadowing,1,0.9973734152932757,Shadowing,Shadowing,Shadowing,Shadowing,Shadowing
2023-11-18 15:15:00+08:00,0.0014455291735979785,2.321624773431761e-10,3.420095134521013e-10,1.9486641820689162e-09,0.9985544683035659,Shadowing,1,0.998554470826402,Shadowing,Shadowing,Shadowing,Shadowing,Shadowing
2023-11-18 15:30:00+08:00,0.0037070344276301384,3.2810689420495944e-12,3.9154022484218334e-10,8.90257159028182e-10,0.9962929642872915,Shadowing,1,0.9962929655723699,Shadowing,Shadowing,Shadowing,Shadowing,Shadowing
2023-11-18 15:45:00+08:00,7.504235638031777e-05,9.26023887935496e-06,2.5711936459174693e-08,2.692437467608515e-13,0.9999156716925347,Shadowing,1,0.9999249576436197,Shadowing,Shadowing,Shadowing,Shadowing,Shadowing
2023-11-18 16:00:00+08:00,7.608780872611011e-07,6.128712986705297e-06,1.0223941619124027e-10,2.845751169595638e-17,0.9999931103066866,Shadowing,1,0.9999992391219127,Shadowing,Shadowing,Shadowing,Shadowing,Shadowing
2023-11-18 16:15:00+08:00,2.4100321779061065e-05,5.207152164805555e-06,8.904143251104703e-09,1.491447528034167e-12,0.9999706836204213,Shadowing,1,0.999975899678221,Shadowing,Shadowing,Shadowing,Shadowing,Shadowing
2023-11-18 16:30:00+08:00,0.7495284562276687,1.0410942734085402e-09,3.251109348154678e-09,5.7562380475168806e-08,0.2504714819177471,Normal,0,0.2504715437723313,Normal,Shadowing,Normal,Normal,Normal
2023-11-18 16:45:00+08:00,0.950430645182907,3.0345413297104314e-11,6.250532483997594e-10,9.138069197928995e-08,0.04956926278100234,Normal,0,0.049569354817093014,Normal,Normal,Normal,Normal,Normal
2023-11-18 17:00:00+08:00,0.9865857414579496,1.773695005710936e-11,3.7191528656959396e-10,5.995471175573826e-08,0.013414198197686467,Normal,0,0.013414258542050361,Normal,Normal,Normal,Normal,Normal
2023-11-19 07:15:00+08:00,0.8717347417168775,1.2447291363247787e-11,1.0299696546449763e-09,4.460605069342293e-08,0.1282652126346549,Normal,0,0.12826525828312252,Normal,Normal,Normal,Normal,Normal
2023-11-19 07:30:00+08:00,0.8685480449939146,1.3224682716729032e-11,1.501792081416152e-09,2.6359106723376082e-08,0.13145192713196197,Normal,0,0.13145195500608542,Normal,Normal,Normal,Normal,Normal
2023-11-19 07:45:00+08:00,0.8033029551894646,1.891856403654323e-11,2.8931289389729384e-09,2.282656032673276e-08,0.19669701907192758,Normal,0,0.1966970448105354,Normal,Normal,Normal,Normal,Normal
2023-11-19 08:00:00+08:00,0.7048228590954719,2.8823283573167233e-11,5.805992948846124e-09,2.0754269013805844e-08,0.29517711431544286,Normal,0,0.29517714090452807,Normal,Normal,Normal,Normal,Shadowing
2023-11-19 08:15:00+08:00,0.022292696647803905,4.537648629102785e-12,1.2860673911364875e-08,5.602614961660806e-10,0.977707289926723,Shadowing,1,0.9777073033521961,Shadowing,Shadowing,Shadowing,Shadowing,Shadowing
2023-11-19 08:30:00+08:00,0.4897131208885752,2.4783304334069e-12,2.397494385160708e-08,1.563697056590229e-08,0.5102868394970321,Shadowing,1,0.5102868791114248,Normal,Shadowing,Normal,Shadowing,Normal
2023-11-19 08:45:00+08:00,0.3402156181257939,2.914916116934057e-11,8.876739777771961e-08,2.6407939412756173e-09,0.6597842904368653,Shadowing,1,0.6597843818742062,Shadowing,Shadowing,Normal,Shadowing,Shadowing
2023-11-19 09:00:00+08:00,0.14021824071594507,3.6536731762797636e-10,1.4781459373854897e-07,9.641268756590697e-10,0.8597816101399671,Shadowing,1,0.8597817592840549,Shadowing,Shadowing,Shadowing,Shadowing,Shadowing
2023-11-19 09:15:00+08:00,0.20748515445782187,3.648651196595945e-09,2.6662350114549335e-07,7.70547944964126e-10,0.7925145744994779,Shadowing,1,0.7925148455421781,Shadowing,Shadowing,Shadowing,Shadowing,Shadowing
2023-11-19 09:30:00+08:00,0.4473662343554244,8.492295622146158e-08,1.3851308241891809e-06,1.5962834360817224e-10,0.5526322954311669,Shadowing,1,0.5526337656445757,Normal,Shadowing,Shadowing,Shadowing,Shadowing
2023-11-19 09:45:00+08:00,0.5473047019470767,9.508959628509418e-07,3.6930885553108327e-06,1.1051689304699322e-10,0.4526906539578883,Normal,0,0.4526952980529233,Normal,Shadowing,Normal,Shadowing,Normal
2023-11-19 10:00:00+08:00,0.46564144431234744,1.287799499006079e-05,1.4173943079756962e-05,1.032947294111059e-10,0.534331503646288,Shadowing,1,0.5343585556876526,Normal,Normal,Shadowing,Shadowing,Shadowing
2023-11-19 10:15:00+08:00,0.0007192888288524173,8.340924184697201e-05,1.3232379438091066e-05,6.3265698301179414e-12,0.9991840695435359,Shadowing,1,0.9992807111711476,Shadowing,Shadowing,Shadowing,Shadowing,Shadowing
2023-11-19 10:30:00+08:00,0.00012460533291007797,0.0009972147624594144,6.516759232755447e-05,1.2132960588714626e-12,0.9988130123110898,Shadowing,1,0.99987539466709,Shadowing,Shadowing,Shadowing,Shadowing,Shadowing
2023-11-19 10:45:00+08:00,1.4894739337739429e-05,0.0034874077961556823,0.00013272509020496593,1.958582055998177e-13,0.9963649723741057,Shadowing,1,0.9999851052606623,Shadowing,Shadowing,Shadowing,Shadowing,Shadowing
2023-11-19 11:00:00+08:00,1.0480231304166583e-06,0.0016939751856980614,0.0001594790758740838,2.4385202313326797e-09,0.9981454952767772,Shadowing,1,0.9999989519768696,Shadowing,Shadowing,Shadowing,Shadowing,Shadowing
2023-11-19 11:15:00+08:00,2.356145991000033e-06,0.006365556692197698,0.001046195880216346,1.8585295842067928e-07,0.9925857054286364,Shadowing,1,0.999997643854009,Shadowing,Shadowing,Shadowing,Shadowing,Shadowing
2023-11-19 11:30:00+08:00,4.772173407266385e-06,0.018517398837289333,0.008959947857704834,1.790078709090868e-06,0.9725160910528896,Shadowing,1,0.9999952278265928,Shadowing,Shadowing,Shadowing,Shadowing,Shadowing
2023-11-19 11:45:00+08:00,1.2032585114808156e-05,0.03246243505895621,0.04808871782079497,2.773130851698914e-05,0.919409083226617,Shadowing,1,0.9999879674148852,Shadowing,Shadowing,Shadowing,Shadowing,Shadowing
2023-11-19 12:00:00+08:00,1.3019872482189804e-05,0.03224932031808399,0.05607598160719009,5.873880724439483e-05,0.9116029393949991,Shadowing,1,0.9999869801275179,Shadowing,Shadowing,Shadowing,Shadowing,Shadowing
2023-11-19 12:15:00+08:00,7.842711471037741e-06,0.023385820435809966,0.02509795266824505,0.00012827486008514468,0.9513801093243888,Shadowing,1,0.999992157288529,Shadowing,Shadowing,Shadowing,Shadowing,Shadowing
2023-11-19 12:30:00+08:00,4.927722773302767e-06,0.011291843470613964,0.004960470455818742,9.245349057618489e-05,0.9836503048602179,Shadowing,1,0.9999950722772267,Shadowing,Shadowing,Shadowing,Shadowing,Shadowing
2023-11-19 12:45:00+08:00,3.775249478953256e-06,0.004787227317413488,0.0010487978400293145,4.022454148970693e-05,0.9941199750515886,Shadowing,1,0.9999962247505211,Shadowing,Shadowing,Shadowing,Shadowing,Shadowing
2023-11-19 13:00:00+08:00,2.2418274636706075e-06,0.0015983410121128215,0.00028030484060856593,2.2820101252452488e-06,0.9981168303096897,Shadowing,1,0.9999977581725363,Shadowing,Shadowing,Shadowing,Shadowing,Shadowing
2023-11-19 13:15:00+08:00,2.401428815486763e-06,0.0002909722995966792,9.444528110044419e-05,9.827710256720121e-08,0.9996120827133848,Shadowing,1,0.9999975985711845,Shadowing,Shadowing,Shadowing,Shadowing,Shadowing
2023-11-19 13:30:00+08:00,3.512487220038414e-06,9.423643594906653e-06,8.368393367970454e-06,2.9397225428013874e-09,0.9999786925360945,Shadowing,1,0.9999964875127799,Shadowing,Shadowing,Shadowing,Shadowing,Shadowing
2023-11-19 13:45:00+08:00,6.723642439439112e-06,5.180415011514321e-07,1.4647575319111336e-06,8.021674925919899e-10,0.9999912927563599,Shadowing,1,0.9999932763575605,Shadowing,Shadowing,Shadowing,Shadowing,Shadowing
2023-11-19 14:00:00+08:00,3.314496540586741e-05,2.015613413884451e-07,2.1829591147481356e-07,1.4659575667520279e-09,0.9999664337113838,Shadowing,1,0.9999668550345941,Shadowing,Shadowing,Shadowing,Shadowing,Shadowing
2023-11-19 14:15:00+08:00,0.0003134226906899757,9.18376535181235e-08,1.9210173702933673e-07,3.768172798980651e-09,0.9996862896017469,Shadowing,1,0.99968657730931,Shadowing,Shadowing,Shadowing,Shadowing,Shadowing
2023-11-19 14:30:00+08:00,0.0006601567566383621,2.1966629473044434e-08,9.336292888303423e-08,6.6315302197645016e-09,0.999339721282273,Shadowing,1,0.9993398432433617,Shadowing,Shadowing,Shadowing,Shadowing,Shadowing
2023-11-19 14:45:00+08:00,0.002062825859674815,7.122606535382815e-09,3.0108775140611666e-09,5.82324906242891e-09,0.9979371581835921,Shadowing,1,0.9979371741403252,Shadowing,Shadowing,Shadowing,Shadowing,Shadowing
2023-11-19 15:00:00+08:00,0.0015974382900271092,6.302016335376821e-10,5.744891946093728e-10,2.0064525381119565e-09,0.9984025584988295,Shadowing,1,0.9984025617099729,Shadowing,Shadowing,Shadowing,Shadowing,Shadowing
2023-11-19 15:15:00+08:00,0.0029344163707522943,1.737249881596389e-11,3.8612581443473497e-10,1.7147079297562072e-09,0.9970655815110414,Shadowing,1,0.9970655836292477,Shadowing,Shadowing,Shadowing,Shadowing,Shadowing
2023-11-19 15:30:00+08:00,0.00602680831424601,8.419255438077225e-14,6.791909498405031e-10,2.856732991407421e-10,0.9939731907208056,Shadowing,1,0.993973191685754,Shadowing,Shadowing,Shadowing,Shadowing,Shadowing
2023-11-19 15:45:00+08:00,0.0008965179016500694,1.4942990858784577e-06,8.601016485626128e-08,1.1571731864267012e-11,0.9991019017775274,Shadowing,1,0.99910348209835,Shadowing,Shadowing,Shadowing,Shadowing,Shadowing
2023-11-19 16:00:00+08:00,2.5341223978766744e-05,1.0467693383177155e-05,5.557234265080371e-09,2.35982596257421e-13,0.9999641855251677,Shadowing,1,0.9999746587760212,Shadowing,Shadowing,Shadowing,Shadowing,Shadowing
2023-11-19 16:15:00+08:00,0.003943303069040173,2.4559575273467723e-07,8.249094935744837e-08,1.5746828214959024e-10,0.9960563686867895,Shadowing,1,0.9960566969309598,Shadowing,Shadowing,Shadowing,Shadowing,Shadowing
2023-11-19 16:30:00+08:00,0.9065342740134401,8.609305338068732e-11,1.8063278271801321e-09,3.0946945391688084e-08,0.09346569314719375,Normal,0,0.09346572598655989,Normal,Normal,Normal,Normal,Normal
2023-11-19 16:45:00+08:00,0.8821361204892941,3.079642336320554e-11,8.099809803851952e-10,9.703045068355189e-08,0.11786378163947764,Normal,0,0.11786387951070587,Normal,Normal,Normal,Normal,Normal
2023-11-19 17:00:00+08:00,0.9770332408110798,2.3756112038771495e-11,4.658387056670911e-10,7.514081781702284e-08,0.022966683558507457,Normal,0,0.022966759188920216,Normal,Normal,Normal,Normal,Normal
2023-11-20 07:15:00+08:00,0.8046488759954997,5.2240601883054025e-12,1.1827540392340188e-09,3.267061692661927e-08,0.1953510901459053,Normal,0,0.19535112400450028,Normal,Normal,Normal,Normal,Normal
2023-11-20 07:30:00+08:00,0.3722062563688563,1.7085144162609191e-12,2.1155298020055713e-09,1.7620987444525192e-08,0.6277937238929179,Shadowing,1,0.6277937436311437,Normal,Shadowing,Shadowing,Shadowing,Shadowing
2023-11-20 07:45:00+08:00,0.23770624204900578,9.514630646788632e-13,1.7556039993968133e-09,9.980941973036084e-09,0.7622937462134968,Shadowing,1,0.7622937579509942,Normal,Shadowing,Shadowing,Shadowing,Shadowing
2023-11-20 08:00:00+08:00,0.01125830525304974,6.123360209481547e-14,6.83691895538902e-10,2.024723332411436e-10,0.9887416938607249,Shadowing,1,0.9887416947469503,Shadowing,Shadowing,Shadowing,Shadowing,Shadowing
2023-11-20 08:15:00+08:00,0.018946036650837793,9.757469731173215e-14,1.591657453765286e-09,7.464233461966529e-10,0.9810539610109839,Shadowing,1,0.9810539633491622,Shadowing,Shadowing,Shadowing,Shadowing,Shadowing
2023-11-20 08:30:00+08:00,0.5466837465350337,1.5160309104224511e-12,2.412617625561556e-08,1.3037554880814635e-08,0.4533162162997191,Normal,0,0.4533162534649663,Normal,Shadowing,Normal,Shadowing,Normal
2023-11-20 08:45:00+08:00,0.450318126529676,1.6457407046308556e-11,7.264996249459171e-08,4.615615519708633e-09,0.5496817961882885,Shadowing,1,0.5496818734703239,Shadowing,Shadowing,Normal,Shadowing,Shadowing
2023-11-20 09:00:00+08:00,0.13174376358347809,1.8350923353525473e-10,1.192142543479726e-07,9.227877033990425e-10,0.8682561160959705,Shadowing,1,0.8682562364165219,Shadowing,Shadowing,Shadowing,Shadowing,Shadowing
2023-11-20 09:15:00+08:00,0.246485544056286,1.920540027472515e-09,1.8981289895249449e-07,2.6170832186964036e-09,0.7535142615931918,Shadowing,1,0.753514455943714,Shadowing,Shadowing,Shadowing,Shadowing,Shadowing
2023-11-20 09:30:00+08:00,0.43947990961804767,2.4176061288421426e-08,8.601436027781988e-07,3.2169288120342316e-10,0.5605192057405954,Shadowing,1,0.5605200903819523,Normal,Shadowing,Normal,Shadowing,Shadowing
2023-11-20 09:45:00+08:00,0.5062001917328107,2.1414711206313733e-07,1.7437290128341167e-06,1.7730099906403933e-10,0.4937978502137633,Normal,0,0.4937998082671893,Normal,Shadowing,Shadowing,Shadowing,Normal
2023-11-20 10:00:00+08:00,0.46401503600402194,2.1782204738335666e-06,5.322132854550422e-06,1.4441900575304524e-10,0.5359774634982307,Shadowing,1,0.5359849639959781,Normal,Normal,Normal,Shadowing,Shadowing
2023-11-20 10:15:00+08:00,0.02131512946278654,2.2405228080620308e-05,2.5562461917425866e-05,2.628372070543328e-11,0.9786369028209316,Shadowing,1,0.9786848705372134,Shadowing,Shadowing,Shadowing,Shadowing,Shadowing
2023-11-20 10:30:00+08:00,0.000513673969239883,0.00022504738936142003,2.46264666881972e-05,1.4974532693184293e-12,0.999236652173213,Shadowing,1,0.9994863260307602,Shadowing,Shadowing,Shadowing,Shadowing,Shadowing
2023-11-20 10:45:00+08:00,2.718935262274209e-05,0.0011327031160540328,6.511369676041344e-05,5.597774504928806e-13,0.998774993834003,Shadowing,1,0.9999728106473773,Shadowing,Shadowing,Shadowing,Shadowing,Shadowing
2023-11-20 11:00:00+08:00,2.879120106073748e-06,4.466329370098324e-06,6.607425497724926e-06,8.630844823029014e-11,0.9999860470387176,Shadowing,1,0.9999971208798939,Shadowing,Shadowing,Shadowing,Shadowing,Shadowing
2023-11-20 11:15:00+08:00,1.7815877784837612e-06,0.003058059653211076,0.00037838380985565767,9.806012082438226e-08,0.9965616768890339,Shadowing,1,0.9999982184122215,Shadowing,Shadowing,Shadowing,Shadowing,Shadowing
2023-11-20 11:30:00+08:00,3.187754754551289e-06,0.00798518108971932,0.0018429662144426047,2.203603847589914e-06,0.990166461337236,Shadowing,1,0.9999968122452455,Shadowing,Shadowing,Shadowing,Shadowing,Shadowing
2023-11-20 11:45:00+08:00,5.51982108994223e-06,0.01745567183353287,0.011091592551167463,4.2101022882487025e-05,0.9714051147713274,Shadowing,1,0.99999448017891,Shadowing,Shadowing,Shadowing,Shadowing,Shadowing
2023-11-20 12:00:00+08:00,8.836803108877806e-06,0.02507269385953908,0.030610821699622752,0.0001551494520416414,0.9441524981856878,Shadowing,1,0.9999911631968911,Shadowing,Shadowing,Shadowing,Shadowing,Shadowing
2023-11-20 12:15:00+08:00,1.4135999912525035e-05,0.030955261261677976,0.08249419574396126,0.0003520834038083268,0.8861843235906399,Shadowing,1,0.9999858640000875,Shadowing,Shadowing,Shadowing,Shadowing,Shadowing
2023-11-20 12:30:00+08:00,1.2385561474756882e-05,0.02894183983252263,0.06609049847780916,0.0003907713937309475,0.9045645047344625,Shadowing,1,0.9999876144385252,Shadowing,Shadowing,Shadowing,Shadowing,Shadowing
2023-11-20 12:45:00+08:00,5.553412832514563e-06,0.014055921481042908,0.008310503037741812,0.00019062171260253907,0.9774374003557803,Shadowing,1,0.9999944465871675,Shadowing,Shadowing,Shadowing,Shadowing,Shadowing
2023-11-20 13:00:00+08:00,3.7101482349845603e-06,0.002608823103742794,0.0005618244860897465,0.00012820195395894194,0.9966974403079736,Shadowing,1,0.999996289851765,Shadowing,Shadowing,Shadowing,Shadowing,Shadowing
2023-11-20 13:15:00+08:00,1.7338479892598192e-06,0.0006287515956238775,0.0001341459040346171,1.6210649682511214e-07,0.9992352065458554,Shadowing,1,0.9999982661520107,Shadowing,Shadowing,Shadowing,Shadowing,Shadowing
2023-11-20 13:30:00+08:00,2.8717891428169353e-06,4.556297897714705e-05,1.953044494828568e-05,9.119320827713401e-09,0.9999320256676111,Shadowing,1,0.9999971282108572,Shadowing,Shadowing,Shadowing,Shadowing,Shadowing
2023-11-20 13:45:00+08:00,5.908705657396487e-06,1.0708761902162488e-06,3.164661815121537e-06,9.254371391563547e-10,0.9999898548309002,Shadowing,1,0.9999940912943426,Shadowing,Shadowing,Shadowing,Shadowing,Shadowing
2023-11-20 14:00:00+08:00,1.7434090162054583e-05,2.238558135725201e-07,2.6573893274643565e-07,1.165983015797738e-09,0.9999820751491086,Shadowing,1,0.9999825659098379,Shadowing,Shadowing,Shadowing,Shadowing,Shadowing
2023-11-20 14:15:00+08:00,8.349773022687076e-05,6.532864804222025e-08,1.7564382307542445e-07,2.1713065196260224e-09,0.9999162591259955,Shadowing,1,0.9999165022697731,Shadowing,Shadowing,Shadowing,Shadowing,Shadowing
2023-11-20 14:30:00+08:00,0.00039176778133931243,1.9998321670613016e-08,9.938120379583808e-08,4.0329975844578765e-09,0.9996081088061377,Shadowing,1,0.9996082322186607,Shadowing,Shadowing,Shadowing,Shadowing,Shadowing
2023-11-20 14:45:00+08:00,0.0007304293935474005,7.819561651928156e-09,4.4126219779798934e-08,5.300729066141858e-09,0.9992695133599421,Shadowing,1,0.9992695706064526,Shadowing,Shadowing,Shadowing,Shadowing,Shadowing
2023-11-20 15:00:00+08:00,0.0018065894084171405,1.685381638596355e-09,6.798561146094051e-10,3.4164061500570285e-09,0.998193404809939,Shadowing,1,0.9981934105915828,Shadowing,Shadowing,Shadowing,Shadowing,Shadowing
2023-11-20 15:15:00+08:00,0.0014680979372173684,1.432588604682946e-10,2.865537585202481e-10,2.3103879539308835e-09,0.9985318993225819,Shadowing,1,0.9985319020627826,Shadowing,Shadowing,Shadowing,Shadowing,Shadowing
2023-11-20 15:30:00+08:00,0.0032459926969719867,2.990765252317643e-12,3.07656444478657e-10,7.422813723597797e-10,0.9967540062500995,Shadowing,1,0.996754007303028,Shadowing,Shadowing,Shadowing,Shadowing,Shadowing
2023-11-20 15:45:00+08:00,6.029592442455064e-06,1.1565962497490206e-05,1.8186639648249072e-09,1.3787138171215388e-15,0.9999824026263946,Shadowing,1,0.9999939704075576,Shadowing,Shadowing,Shadowing,Shadowing,Shadowing
2023-11-20 16:00:00+08:00,7.070678933399787e-07,6.063443905013968e-06,1.0147410391151374e-10,3.5185125584939746e-17,0.9999932293867276,Shadowing,1,0.9999992929321067,Shadowing,Shadowing,Shadowing,Shadowing,Shadowing
2023-11-20 16:15:00+08:00,2.7195470535140805e-05,4.120366738421819e-06,1.0453446721582257e-08,2.259527310346409e-12,0.9999686737070203,Shadowing,1,0.9999728045294649,Shadowing,Shadowing,Shadowing,Shadowing,Shadowing
2023-11-20 16:30:00+08:00,0.7667555587955779,8.507764868964902e-10,2.962713487433015e-09,6.089142856854338e-08,0.2332443764995035,Normal,0,0.23324444120442211,Normal,Shadowing,Normal,Normal,Normal
2023-11-20 16:45:00+08:00,0.9571496049474228,2.957676318598916e-11,5.859432330375599e-10,9.01182006098635e-08,0.04285030431885655,Normal,0,0.04285039505257715,Normal,Normal,Normal,Normal,Normal
2023-11-20 17:00:00+08:00,0.9892759666210982,1.5486623843100852e-11,3.3542480302607514e-10,5.432649252334527e-08,0.010723978701498018,Normal,0,0.01072403337890182,Normal,Normal,Normal,Normal,Normal
2023-11-21 07:15:00+08:00,0.796140513355094,4.759271252800981e-12,8.150433636725185e-10,4.8926700274712884e-08,0.2038594368984031,Normal,0,0.20385948664490605,Normal,Normal,Normal,Normal,Normal
2023-11-21 07:30:00+08:00,0.31807515070132775,1.1204439825743457e-12,1.463059420637076e-09,1.919387134027454e-08,0.6819248286406211,Shadowing,1,0.6819248492986723,Normal,Shadowing,Shadowing,Shadowing,Shadowing
2023-11-21 07:45:00+08:00,0.02657291589809782,8.165189405498173e-14,6.266221957639262e-10,6.444260198403075e-10,0.9734270828307723,Shadowing,1,0.9734270841019022,Shadowing,Shadowing,Shadowing,Shadowing,Shadowing
2023-11-21 08:00:00+08:00,0.005015244245959988,2.1691658761090504e-14,2.576016028551488e-10,8.485621674527725e-11,0.9949847554115605,Shadowing,1,0.99498475575404,Shadowing,Shadowing,Shadowing,Shadowing,Shadowing
2023-11-21 08:15:00+08:00,0.038981875412167785,6.141417273053064e-14,1.6319159360785975e-09,9.345164489267949e-10,0.9610181220213384,Shadowing,1,0.9610181245878322,Shadowing,Shadowing,Shadowing,Shadowing,Shadowing
2023-11-21 08:30:00+08:00,0.3079161379634782,2.719133988041418e-12,1.6329558298405213e-08,1.623451573472757e-08,0.6920838294697286,Shadowing,1,0.6920838620365217,Shadowing,Shadowing,Shadowing,Shadowing,Shadowing
2023-11-21 08:45:00+08:00,0.49247126519459794,2.5540212295112322e-11,6.809578819497538e-08,5.065798396201401e-09,0.5075286616182753,Shadowing,1,0.5075287348054021,Shadowing,Shadowing,Normal,Shadowing,Normal
2023-11-21 09:00:00+08:00,0.17162729047026412,3.730200291075162e-10,1.1059550066820188e-07,4.806210243469961e-09,0.8283725937550048,Shadowing,1,0.8283727095297359,Shadowing,Shadowing,Shadowing,Shadowing,Shadowing
2023-11-21 09:15:00+08:00,0.18788071904081732,9.984802581794654e-09,1.0798443663548386e-07,7.06080774256592e-09,0.8121191559291357,Shadowing,1,0.8121192809591826,Shadowing,Shadowing,Shadowing,Shadowing,Shadowing
2023-11-21 09:30:00+08:00,0.10655258043084,1.430346065222648e-07,4.3309756380651447e-07,3.798340863291212e-10,0.8934468430571556,Shadowing,1,0.89344741956916,Shadowing,Shadowing,Shadowing,Shadowing,Shadowing
2023-11-21 09:45:00+08:00,0.00014687608012308074,3.6544296730649424e-10,1.6685884873363394e-08,1.398243639409199e-09,0.9998531054703055,Shadowing,1,0.9998531239198769,Shadowing,Shadowing,Shadowing,Shadowing,Shadowing
2023-11-21 10:00:00+08:00,0.009460667107078252,4.937050777539909e-07,2.811970667033728e-06,1.5242961835670852e-10,0.9905360270647472,Shadowing,1,0.9905393328929217,Shadowing,Shadowing,Shadowing,Shadowing,Shadowing
2023-11-21 10:15:00+08:00,0.004486633415363426,4.71526564159627e-05,1.3306993415800785e-05,1.2468623890818254e-11,0.9954529069223362,Shadowing,1,0.9955133665846366,Shadowing,Shadowing,Shadowing,Shadowing,Shadowing
2023-11-21 10:30:00+08:00,0.0006918584120788159,0.0011591169464749917,7.081149785306896e-05,6.185989400009383e-13,0.9980782131429746,Shadowing,1,0.9993081415879211,Shadowing,Shadowing,Shadowing,Shadowing,Shadowing
2023-11-21 10:45:00+08:00,3.9451908748178276e-05,0.005100229337611072,0.00016515169438907832,2.4709837117757713e-13,0.9946951670590046,Shadowing,1,0.9999605480912518,Shadowing,Shadowing,Shadowing,Shadowing,Shadowing
2023-11-21 11:00:00+08:00,3.1386202214839886e-06,0.013763516807982847,0.0034536175225180856,6.866600400560185e-08,0.9827796583832736,Shadowing,1,0.9999968613797785,Shadowing,Shadowing,Shadowing,Shadowing,Shadowing
2023-11-21 11:15:00+08:00,3.3466153913292424e-05,0.04498511570515633,0.07958419701139499,3.2626448013854384e-05,0.8753645946815215,Shadowing,1,0.9999665338460867,Shadowing,Shadowing,Shadowing,Shadowing,Shadowing
2023-11-21 11:30:00+08:00,6.005302708124232e-06,0.026097547799596,0.01388434114077892,2.3795987491257764e-07,0.9600118677970422,Shadowing,1,0.9999939946972919,Shadowing,Shadowing,Shadowing,Shadowing,Shadowing
2023-11-21 11:45:00+08:00,1.9649881299180678e-05,0.038200809889702834,0.06271135624612266,1.2345789933994377e-05,0.8990558381929414,Shadowing,1,0.9999803501187008,Shadowing,Shadowing,Shadowing,Shadowing,Shadowing
2023-11-21 12:00:00+08:00,2.0625185122585874e-05,0.037908973735883464,0.09243138138480878,5.844669383307697e-05,0.8695805730003521,Shadowing,1,0.9999793748148774,Shadowing,Shadowing,Shadowing,Shadowing,Shadowing
2023-11-21 12:15:00+08:00,1.1954291904843881e-05,0.02997367855074349,0.05402174488582441,0.00013464594635458508,0.9158579763251726,Shadowing,1,0.9999880457080952,Shadowing,Shadowing,Shadowing,Shadowing,Shadowing
2023-11-21 12:30:00+08:00,9.32425010823669e-06,0.02472098221330554,0.03355861656282767,0.00030237586495653404,0.9414087011088019,Shadowing,1,0.9999906757498918,Shadowing,Shadowing,Shadowing,Shadowing,Shadowing
2023-11-21 12:45:00+08:00,5.515187092802975e-06,0.012536188464667258,0.006785194832134719,0.0002720515414397157,0.9804010499746656,Shadowing,1,0.9999944848129072,Shadowing,Shadowing,Shadowing,Shadowing,Shadowing
2023-11-21 13:00:00+08:00,3.190845468262866e-06,0.0027692896198793543,0.0005259722589420857,2.3231396079655112e-05,0.9966783158796307,Shadowing,1,0.9999968091545317,Shadowing,Shadowing,Shadowing,Shadowing,Shadowing
2023-11-21 13:15:00+08:00,1.8074498233667092e-06,0.0006308631114348645,0.00014659164515894735,3.2915165621402906e-07,0.9992204086419267,Shadowing,1,0.9999981925501766,Shadowing,Shadowing,Shadowing,Shadowing,Shadowing
2023-11-21 13:30:00+08:00,2.9353286626324364e-06,6.252592150614829e-05,2.5813299606092846e-05,1.6562124925220844e-08,0.9999087088881001,Shadowing,1,0.9999970646713374,Shadowing,Shadowing,Shadowing,Shadowing,Shadowing
2023-11-21 13:45:00+08:00,5.388012055496088e-06,2.347254468586545e-06,4.725720179383827e-06,1.6981699104929942e-09,0.9999875373151266,Shadowing,1,0.9999946119879445,Shadowing,Shadowing,Shadowing,Shadowing,Shadowing
2023-11-21 14:00:00+08:00,5.921413843463954e-06,2.263033797076764e-07,3.6836756497135913e-07,9.220378081707439e-10,0.999993482993174,Shadowing,1,0.9999940785861565,Shadowing,Shadowing,Shadowing,Shadowing,Shadowing
2023-11-21 14:15:00+08:00,6.295381138936756e-05,6.814119439429732e-08,1.7934373188752565e-07,1.9285221426961037e-09,0.9999367967751622,Shadowing,1,0.9999370461886107,Shadowing,Shadowing,Shadowing,Shadowing,Shadowing
2023-11-21 14:30:00+08:00,0.0002477382067187162,1.50131587531115e-08,8.931514468713276e-08,3.1524303634743137e-09,0.9997521543125474,Shadowing,1,0.9997522617932812,Shadowing,Shadowing,Shadowing,Shadowing,Shadowing
2023-11-21 14:45:00+08:00,0.000683354436681224,6.72283753702143e-09,4.665379781327808e-08,4.862449089738351e-09,0.9993165873242343,Shadowing,1,0.9993166455633188,Shadowing,Shadowing,Shadowing,Shadowing,Shadowing
2023-11-21 15:00:00+08:00,0.002433332871721092,2.984791338183e-09,1.1429976038338191e-09,4.026224405700892e-09,0.9975666589742656,Shadowing,1,0.9975666671282789,Shadowing,Shadowing,Shadowing,Shadowing,Shadowing
2023-11-21 15:15:00+08:00,0.0013010591283846937,2.1830719238752406e-10,2.94810160755127e-10,1.988675890077476e-09,0.9986989383698222,Shadowing,1,0.9986989408716153,Shadowing,Shadowing,Shadowing,Shadowing,Shadowing
2023-11-21 15:30:00+08:00,0.002761254030632382,5.283504555575734e-12,2.637707647326096e-10,8.571912090828715e-10,0.9972387448431222,Shadowing,1,0.9972387459693676,Shadowing,Shadowing,Shadowing,Shadowing,Shadowing
2023-11-21 15:45:00+08:00,2.0794155705265948e-06,9.311009599279228e-06,4.517512237334296e-10,7.067857998265256e-17,0.9999886091230789,Shadowing,1,0.9999979205844295,Shadowing,Shadowing,Shadowing,Shadowing,Shadowing
2023-11-21 16:00:00+08:00,4.968221609723474e-07,5.684421515083974e-06,6.713723174648989e-11,1.3799737725306144e-17,0.9999938186891866,Shadowing,1,0.999999503177839,Shadowing,Shadowing,Shadowing,Shadowing,Shadowing
2023-11-21 16:15:00+08:00,1.879785386574681e-05,5.808637390639272e-06,7.74109681999873e-09,1.2890254119766863e-12,0.9999753857663578,Shadowing,1,0.9999812021461343,Shadowing,Shadowing,Shadowing,Shadowing,Shadowing
2023-11-21 16:30:00+08:00,0.7166557673486498,1.2548885785699496e-09,3.3839549586845887e-09,7.17522913983548e-08,0.2833441562602153,Normal,0,0.2833442326513502,Normal,Shadowing,Normal,Normal,Normal
2023-11-21 16:45:00+08:00,0.9740455830757482,2.4254324373113653e-11,4.770945437061288e-10,7.876581466607912e-08,0.025954337657088343,Normal,0,0.025954416924251822,Normal,Normal,Normal,Normal,Normal
2023-11-21 17:00:00+08:00,0.9922017795035789,1.2914016390186642e-11,2.91393223884862e-10,4.7079955744388056e-08,0.007798173112158108,Normal,0,0.007798220496421093,Normal,Normal,Normal,Normal,Normal
2023-11-22 07:30:00+08:00,0.5059888613869296,2.0057693075233105e-12,1.4916478206990509e-09,2.9284500757014283e-08,0.4940111078349162,Normal,0,0.49401113861307044,Normal,Shadowing,Shadowing,Shadowing,Shadowing
2023-11-22 07:45:00+08:00,0.06059395359222468,2.3827724329232854e-13,1.216502198995664e-09,1.6964022596270712e-09,0.9394060434946325,Shadowing,1,0.9394060464077754,Shadowing,Shadowing,Shadowing,Shadowing,Shadowing
2023-11-22 08:00:00+08:00,0.06168913403768411,3.4114038286660436e-13,3.2656248413022823e-09,6.12205620328605e-10,0.9383108620841443,Shadowing,1,0.9383108659623158,Shadowing,Shadowing,Shadowing,Shadowing,Shadowing
2023-11-22 08:15:00+08:00,0.016078153207731982,2.170026890120827e-13,2.396980793552611e-09,4.5365076187099006e-10,0.9839218439414192,Shadowing,1,0.983921846792268,Shadowing,Shadowing,Shadowing,Shadowing,Shadowing
2023-11-22 08:30:00+08:00,0.1421249581462349,3.1884730185352214e-12,8.860380050195831e-09,1.217498847617202e-08,0.8578750208152082,Shadowing,1,0.8578750418537651,Shadowing,Shadowing,Shadowing,Shadowing,Shadowing
2023-11-22 08:45:00+08:00,0.4006698817548503,5.0905170587209144e-11,5.488216519512576e-08,1.2830925478074887e-08,0.5993300504811538,Shadowing,1,0.5993301182451497,Shadowing,Shadowing,Shadowing,Shadowing,Normal
2023-11-22 09:00:00+08:00,0.1896235717078548,3.784935717921743e-10,1.0048077236440086e-07,7.81861293492927e-09,0.8103763196142664,Shadowing,1,0.8103764282921452,Shadowing,Shadowing,Shadowing,Shadowing,Shadowing
2023-11-22 09:15:00+08:00,0.21565719178022258,4.68154144869989e-09,1.4702618648951746e-07,4.5452840803669475e-09,0.7843426519667653,Shadowing,1,0.7843428082197774,Shadowing,Shadowing,Shadowing,Shadowing,Shadowing
2023-11-22 09:30:00+08:00,0.12699988692287753,7.397586980253517e-08,4.0024886476116547e-07,4.0188779542140974e-10,0.8729996384505,Shadowing,1,0.8730001130771224,Shadowing,Shadowing,Shadowing,Shadowing,Shadowing
2023-11-22 09:45:00+08:00,0.5438128497606891,4.3326941572803155e-07,2.0501447995435246e-06,1.741365274445392e-10,0.4561846666509591,Normal,0,0.4561871502393109,Normal,Shadowing,Normal,Shadowing,Normal
2023-11-22 10:00:00+08:00,0.20199962606142421,4.082119128326521e-06,7.527615914186001e-06,4.9351195621731665e-11,0.7979887641541821,Shadowing,1,0.7980003739385758,Shadowing,Shadowing,Shadowing,Shadowing,Shadowing
2023-11-22 10:15:00+08:00,0.0035761989480451424,2.726209426895975e-05,1.1576301965808497e-05,2.170302428815694e-11,0.9963849626340171,Shadowing,1,0.9964238010519548,Shadowing,Shadowing,Shadowing,Shadowing,Shadowing
2023-11-22 10:30:00+08:00,7.534660322650906e-05,0.00028564153397187084,2.949878072764058e-05,7.857425716525268e-13,0.9996095130812883,Shadowing,1,0.9999246533967735,Shadowing,Shadowing,Shadowing,Shadowing,Shadowing
2023-11-22 10:45:00+08:00,1.7531872930415058e-05,0.0019657516297573842,9.556142499158683e-05,3.552038807110269e-13,0.9979211550719652,Shadowing,1,0.9999824681270696,Shadowing,Shadowing,Shadowing,Shadowing,Shadowing
2023-11-22 11:00:00+08:00,1.0830094537517669e-06,0.0013187218007071203,0.00014147806254280612,4.631767005412206e-09,0.9985387124955294,Shadowing,1,0.9999989169905462,Shadowing,Shadowing,Shadowing,Shadowing,Shadowing
2023-11-22 11:15:00+08:00,2.2788773862763744e-06,0.004396152329651978,0.0006612148068329995,4.517614112205429e-07,0.9949399022247176,Shadowing,1,0.9999977211226138,Shadowing,Shadowing,Shadowing,Shadowing,Shadowing
2023-11-22 11:30:00+08:00,5.755572069398752e-06,0.02078287623365153,0.014038415709932838,1.15413089779834e-05,0.9651614111753682,Shadowing,1,0.9999942444279306,Shadowing,Shadowing,Shadowing,Shadowing,Shadowing
2023-11-22 11:45:00+08:00,1.001769861278604e-05,0.028639708989403146,0.038136885426494904,6.0906065821693354e-05,0.9331524818196675,Shadowing,1,0.9999899823013872,Shadowing,Shadowing,Shadowing,Shadowing,Shadowing
2023-11-22 12:00:00+08:00,1.1043904520100055e-05,0.029081139578364935,0.04460768861898243,0.00010532151403782754,0.9261948063840947,Shadowing,1,0.9999889560954799,Shadowing,Shadowing,Shadowing,Shadowing,Shadowing
2023-11-22 12:15:00+08:00,8.201241646496026e-06,0.023670312681372863,0.02673479966816098,0.00017052110795467756,0.949416165300865,Shadowing,1,0.9999917987583535,Shadowing,Shadowing,Shadowing,Shadowing,Shadowing
2023-11-22 12:30:00+08:00,6.280910278844677e-06,0.01813593738960732,0.014188548525540115,0.00015355489144976188,0.9675156782831241,Shadowing,1,0.9999937190897211,Shadowing,Shadowing,Shadowing,Shadowing,Shadowing
2023-11-22 12:45:00+08:00,4.207874350981425e-06,0.0067861025763330685,0.0018190517245028719,5.1602439252651726e-05,0.9913390353855605,Shadowing,1,0.999995792125649,Shadowing,Shadowing,Shadowing,Shadowing,Shadowing
2023-11-22 13:00:00+08:00,2.273057602355368e-06,0.0014316156515249954,0.00026711471438882483,3.0404993850582273e-06,0.9982959560770988,Shadowing,1,0.9999977269423976,Shadowing,Shadowing,Shadowing,Shadowing,Shadowing
2023-11-22 13:15:00+08:00,2.0720297399245206e-06,0.0003020387923455,8.182064518621828e-05,2.957531368068671e-08,0.9996140389574146,Shadowing,1,0.9999979279702601,Shadowing,Shadowing,Shadowing,Shadowing,Shadowing
2023-11-22 13:30:00+08:00,3.4557318805196367e-06,1.9258015624127098e-05,1.2545507201566871e-05,7.529148790751208e-09,0.999964733216145,Shadowing,1,0.9999965442681195,Shadowing,Shadowing,Shadowing,Shadowing,Shadowing
2023-11-22 13:45:00+08:00,7.167378575234891e-06,6.348987702653399e-07,1.9065782643456928e-06,8.226474676918333e-10,0.9999902903217427,Shadowing,1,0.9999928326214248,Shadowing,Shadowing,Shadowing,Shadowing,Shadowing
2023-11-22 14:00:00+08:00,8.282484742825369e-06,1.4915392681741333e-07,1.6209124529806534e-07,1.1726777342418644e-09,0.9999914050974074,Shadowing,1,0.9999917175152572,Shadowing,Shadowing,Shadowing,Shadowing,Shadowing
2023-11-22 14:15:00+08:00,0.00011680989310653065,3.7809024423635196e-08,1.3490949487491055e-07,2.2135060750702944e-09,0.9998830151748681,Shadowing,1,0.9998831901068934,Shadowing,Shadowing,Shadowing,Shadowing,Shadowing
2023-11-22 14:30:00+08:00,0.0004342171663802506,1.4152721725577966e-08,7.946977147677953e-08,4.292715265950572e-09,0.9995656849184111,Shadowing,1,0.9995657828336197,Shadowing,Shadowing,Shadowing,Shadowing,Shadowing
2023-11-22 14:45:00+08:00,0.0010264332677852497,9.07237336499288e-09,1.2736604682262174e-08,6.1612152682922924e-09,0.9989735387620214,Shadowing,1,0.9989735667322147,Shadowing,Shadowing,Shadowing,Shadowing,Shadowing
2023-11-22 15:00:00+08:00,0.0025774368543521626,1.1270964651779152e-09,7.272254402892017e-10,3.0547323568048863e-09,0.9974225582365935,Shadowing,1,0.9974225631456478,Shadowing,Shadowing,Shadowing,Shadowing,Shadowing
2023-11-22 15:15:00+08:00,0.002117562545091996,9.716238388737253e-11,3.804459265052332e-10,2.329260984087831e-09,0.9978824346480387,Shadowing,1,0.997882437454908,Shadowing,Shadowing,Shadowing,Shadowing,Shadowing
2023-11-22 15:30:00+08:00,0.0038429692713962175,6.981649311544804e-13,3.6444314301111234e-10,4.24738262500078e-10,0.9961570299387243,Shadowing,1,0.9961570307286037,Shadowing,Shadowing,Shadowing,Shadowing,Shadowing
2023-11-22 15:45:00+08:00,4.135420470256444e-06,1.0059588626964753e-05,9.152690571831054e-10,6.700525908031117e-16,0.999985804075633,Shadowing,1,0.9999958645795297,Shadowing,Shadowing,Shadowing,Shadowing,Shadowing
2023-11-22 16:00:00+08:00,2.6028105033088023e-06,6.469759484927298e-06,4.396102173166926e-10,1.2263487567566754e-15,0.9999909269904004,Shadowing,1,0.9999973971894967,Shadowing,Shadowing,Shadowing,Shadowing,Shadowing
2023-11-22 16:15:00+08:00,0.00013598605560324526,1.2319647357904864e-06,2.8850918366676865e-08,1.6501182807785523e-11,0.9998627531122415,Shadowing,1,0.9998640139443967,Shadowing,Shadowing,Shadowing,Shadowing,Shadowing
2023-11-22 16:30:00+08:00,0.8113390002885261,5.005454408522314e-10,2.539326041572674e-09,5.4459881825546664e-08,0.18866094221172064,Normal,0,0.18866099971147388,Normal,Normal,Normal,Normal,Normal
2023-11-22 16:45:00+08:00,0.946251248733662,3.0291052109001285e-11,6.418732640613775e-10,9.205010373384833e-08,0.053748658544069974,Normal,0,0.053748751266338046,Normal,Normal,Normal,Normal,Normal
2023-11-22 17:00:00+08:00,0.9887675775525263,1.67353605943935e-11,3.537934471588512e-10,5.557096795216034e-08,0.01123236650597707,Normal,0,0.011232422447473689,Normal,Normal,Normal,Normal,Normal
2023-11-23 07:30:00+08:00,0.6148586141004659,3.875008045580704e-12,2.4050020554787697e-09,2.560098331080915e-08,0.3851413578896737,Normal,0,0.38514138589953406,Normal,Normal,Shadowing,Normal,Normal
2023-11-23 07:45:00+08:00,0.21911758170612233,1.953099757725772e-12,4.784553591117674e-09,4.307704155349614e-09,0.7808824091996668,Shadowing,1,0.7808824182938776,Normal,Shadowing,Shadowing,Shadowing,Shadowing
2023-11-23 08:00:00+08:00,0.10528170227370359,1.0210104575319058e-12,8.65176948199564e-09,8.280152084298687e-10,0.8947182882454909,Shadowing,1,0.8947182977262964,Shadowing,Shadowing,Shadowing,Shadowing,Shadowing
2023-11-23 08:15:00+08:00,0.021899930423388524,3.1301742181547504e-13,3.3757713547409226e-09,3.1901293406240547e-10,0.9781000658815142,Shadowing,1,0.9781000695766114,Shadowing,Shadowing,Shadowing,Shadowing,Shadowing
2023-11-23 08:30:00+08:00,0.028449709463986887,2.4450046616394588e-12,1.0811981045417551e-08,9.03058760779251e-10,0.9715502788185283,Shadowing,1,0.9715502905360132,Shadowing,Shadowing,Shadowing,Shadowing,Shadowing
2023-11-23 08:45:00+08:00,0.024380155555617747,2.0303040748873712e-11,2.7038881782723526e-08,1.362790158756195e-10,0.9756198172489186,Shadowing,1,0.9756198444443822,Shadowing,Shadowing,Shadowing,Shadowing,Shadowing
2023-11-23 09:00:00+08:00,0.0913210091838007,4.0089758755029573e-11,7.177886933574818e-08,1.4362436245630159e-10,0.9086789188536158,Shadowing,1,0.9086789908161993,Shadowing,Shadowing,Shadowing,Shadowing,Shadowing
2023-11-23 09:15:00+08:00,0.5435601881772529,2.3963384304961193e-11,6.003312176874902e-08,5.310670148690417e-09,0.4564397464549918,Normal,0,0.45643981182274707,Shadowing,Shadowing,Normal,Shadowing,Normal
2023-11-23 09:30:00+08:00,0.44856521919448944,5.05384176136296e-08,1.1535936824691686e-06,2.1206427722555938e-10,0.5514335764613463,Shadowing,1,0.5514347808055106,Normal,Shadowing,Normal,Shadowing,Shadowing
2023-11-23 09:45:00+08:00,0.36327541139739544,2.8060207118592707e-07,2.671464398160071e-06,7.084177804219481e-11,0.6367216364652935,Shadowing,1,0.6367245886026045,Normal,Shadowing,Shadowing,Shadowing,Shadowing
2023-11-23 10:00:00+08:00,0.5928390379086613,1.0090184758358383e-06,3.349888700176671e-06,1.3832668548767068e-10,0.4071566030458359,Normal,0,0.4071609620913387,Normal,Normal,Normal,Shadowing,Normal
2023-11-23 10:15:00+08:00,0.00026391701929205283,5.3089746919955376e-05,9.00857659225649e-06,6.667271544178096e-12,0.9996739846505285,Shadowing,1,0.9997360829807079,Shadowing,Shadowing,Shadowing,Shadowing,Shadowing
2023-11-23 10:30:00+08:00,0.5555561359260277,9.822552140546403e-07,3.3114549554246004e-06,1.580958327786351e-10,0.44443957020570696,Normal,0,0.4444438640739723,Normal,Normal,Normal,Shadowing,Normal
2023-11-23 10:45:00+08:00,0.0001206400944015145,8.596131001884955e-07,1.4461628556727996e-06,6.572774833742557e-11,0.999877054063915,Shadowing,1,0.9998793599055985,Shadowing,Shadowing,Shadowing,Shadowing,Shadowing
2023-11-23 11:00:00+08:00,3.5184474019447e-06,7.40399159775945e-06,7.615385245420377e-06,2.123253012923773e-09,0.9999814600525019,Shadowing,1,0.999996481552598,Shadowing,Shadowing,Shadowing,Shadowing,Shadowing
2023-11-23 11:15:00+08:00,2.8918645904866436e-06,4.385244462191331e-06,6.5917251816353955e-06,8.763875038283555e-11,0.9999861310781271,Shadowing,1,0.9999971081354095,Shadowing,Shadowing,Shadowing,Shadowing,Shadowing
2023-11-23 11:30:00+08:00,2.5954564095217546e-06,0.003546994569893808,0.0005724219143095198,2.2842673867034413e-06,0.9958757037920005,Shadowing,1,0.9999974045435904,Shadowing,Shadowing,Shadowing,Shadowing,Shadowing
2023-11-23 11:45:00+08:00,3.3712257061520825e-06,0.004290792125703301,0.0008463870265544201,1.7243050202376982e-05,0.9948422065718339,Shadowing,1,0.9999966287742938,Shadowing,Shadowing,Shadowing,Shadowing,Shadowing
2023-11-23 12:00:00+08:00,3.5047903411275033e-06,0.0025019710564628157,0.0005202114167382978,7.506541493234234e-05,0.9968992473215254,Shadowing,1,0.9999964952096588,Shadowing,Shadowing,Shadowing,Shadowing,Shadowing
2023-11-23 12:15:00+08:00,5.316140296158171e-06,0.010798511511322672,0.005001854151796032,0.00025332728761693626,0.9839409909089681,Shadowing,1,0.9999946838597038,Shadowing,Shadowing,Shadowing,Shadowing,Shadowing
2023-11-23 12:30:00+08:00,5.162252797026528e-06,0.007657475515309392,0.0026649509679601124,0.0003331730658600244,0.9893392381980733,Shadowing,1,0.999994837747203,Shadowing,Shadowing,Shadowing,Shadowing,Shadowing
2023-11-23 12:45:00+08:00,3.6646424079313638e-06,0.0031450890424780226,0.0006529341203355442,7.065792024224788e-05,0.9961276542745363,Shadowing,1,0.999996335357592,Shadowing,Shadowing,Shadowing,Shadowing,Shadowing
2023-11-23 13:00:00+08:00,2.345416206778043e-06,0.0010835869870572268,0.00024202539781964386,6.703817411613535e-06,0.9986653383815047,Shadowing,1,0.9999976545837932,Shadowing,Shadowing,Shadowing,Shadowing,Shadowing
2023-11-23 13:15:00+08:00,2.4918201709810875e-06,0.0002762840433803325,9.143500369452303e-05,1.0518619894016614e-07,0.9996296839465554,Shadowing,1,0.999997508179829,Shadowing,Shadowing,Shadowing,Shadowing,Shadowing
2023-11-23 13:30:00+08:00,4.228063815152379e-06,1.322996178008378e-05,1.2052869542965556e-05,1.0852414937331554e-08,0.9999704782524468,Shadowing,1,0.9999957719361848,Shadowing,Shadowing,Shadowing,Shadowing,Shadowing
2023-11-23 13:45:00+08:00,5.953415053591624e-06,4.081382826940132e-07,1.3122395576582345e-06,7.941945056970849e-10,0.9999923254129115,Shadowing,1,0.9999940465849464,Shadowing,Shadowing,Shadowing,Shadowing,Shadowing
2023-11-23 14:00:00+08:00,1.5466075733478757e-05,1.7321377945061176e-07,1.7190399668144943e-07,1.3169410825139471e-09,0.9999841874895493,Shadowing,1,0.9999845339242666,Shadowing,Shadowing,Shadowing,Shadowing,Shadowing
2023-11-23 14:15:00+08:00,0.00019549373804244618,6.141673130426299e-08,1.631428636865434e-07,3.2250123856764087e-09,0.9998042784773501,Shadowing,1,0.9998045062619576,Shadowing,Shadowing,Shadowing,Shadowing,Shadowing
2023-11-23 14:30:00+08:00,0.0005096990029137499,1.3170493028678191e-08,7.334624018359292e-08,5.012551887430533e-09,0.9994902094678011,Shadowing,1,0.9994903009970862,Shadowing,Shadowing,Shadowing,Shadowing,Shadowing
2023-11-23 14:45:00+08:00,0.0011166685741216616,6.105597620246981e-09,6.46276411768854e-09,5.188489708976329e-09,0.9988833136690267,Shadowing,1,0.9988833314258784,Shadowing,Shadowing,Shadowing,Shadowing,Shadowing
2023-11-23 15:00:00+08:00,0.0015202747341416195,7.602940593931114e-10,4.876677391597265e-10,2.294115059307512e-09,0.9984797217237815,Shadowing,1,0.9984797252658584,Shadowing,Shadowing,Shadowing,Shadowing,Shadowing
2023-11-23 15:15:00+08:00,0.0018356934236170518,6.157114983095745e-11,2.3436104241210146e-10,1.9297390792795787e-09,0.9981643043507116,Shadowing,1,0.998164306576383,Shadowing,Shadowing,Shadowing,Shadowing,Shadowing
2023-11-23 15:30:00+08:00,0.0026916330643720144,3.767158586518956e-13,2.441236255737513e-10,2.423820469069827e-10,0.9973083664487457,Shadowing,1,0.997308366935628,Shadowing,Shadowing,Shadowing,Shadowing,Shadowing
2023-11-23 15:45:00+08:00,3.9341945216354275e-06,9.26048455685295e-06,7.437237912526543e-10,7.387364836810681e-16,0.999986804577197,Shadowing,1,0.9999960658054784,Shadowing,Shadowing,Shadowing,Shadowing,Shadowing
2023-11-23 16:00:00+08:00,7.0646648181045336e-06,7.217067682537593e-06,1.4426789930963894e-09,2.28858984317582e-14,0.9999857168247974,Shadowing,1,0.9999929353351819,Shadowing,Shadowing,Shadowing,Shadowing,Shadowing
2023-11-23 16:15:00+08:00,0.0020116184610777066,2.6523127783548765e-07,7.097772150491937e-08,1.8230934551915266e-10,0.9979880451476136,Shadowing,1,0.9979883815389223,Shadowing,Shadowing,Shadowing,Shadowing,Shadowing
2023-11-23 16:30:00+08:00,0.8648051537375604,1.8441789389244727e-10,1.966071277608753e-09,4.9484634730074696e-08,0.1351947946273156,Normal,0,0.1351948462624396,Normal,Normal,Normal,Normal,Normal
2023-11-23 16:45:00+08:00,0.9316884289145643,3.081880616822927e-11,6.996956612872092e-10,9.380286977419661e-08,0.06831147655205147,Normal,0,0.06831157108543573,Normal,Normal,Normal,Normal,Normal
2023-11-23 17:00:00+08:00,0.9851073821323503,1.907312248442613e-11,3.9248671493437687e-10,6.275734549246568e-08,0.01489255469874442,Normal,0,0.014892617867649727,Normal,Normal,Normal,Normal,Normal
2023-11-24 07:30:00+08:00,0.35698254770574883,1.2381808588493116e-12,1.2934305884698922e-09,2.4623060588231904e-08,0.6430174263765218,Shadowing,1,0.6430174522942511,Normal,Shadowing,Shadowing,Shadowing,Shadowing
2023-11-24 07:45:00+08:00,0.027553216548601333,6.69180642485023e-14,5.11261191073001e-10,6.61475571435228e-10,0.972446782278595,Shadowing,1,0.9724467834513987,Shadowing,Shadowing,Shadowing,Shadowing,Shadowing
2023-11-24 08:00:00+08:00,0.0036142102146827825,9.478004233500976e-15,1.2544192445428874e-10,4.980503739922355e-11,0.9963857896100607,Shadowing,1,0.9963857897853172,Shadowing,Shadowing,Shadowing,Shadowing,Shadowing
2023-11-24 08:15:00+08:00,0.018337920305116818,2.697549352253181e-14,9.014523536531112e-10,3.3670116335035257e-10,0.9816620784567027,Shadowing,1,0.9816620796948832,Shadowing,Shadowing,Shadowing,Shadowing,Shadowing
2023-11-24 08:30:00+08:00,0.008235781678456195,1.689868926716872e-11,1.349363637785383e-09,2.322908302914112e-09,0.9917642146323731,Shadowing,1,0.9917642183215438,Shadowing,Shadowing,Shadowing,Shadowing,Shadowing
2023-11-24 08:45:00+08:00,0.447440677735476,3.8496084983588315e-11,5.116969358661842e-08,1.094487761541483e-08,0.5525592601114566,Shadowing,1,0.552559322264524,Shadowing,Shadowing,Normal,Shadowing,Normal
2023-11-24 09:00:00+08:00,0.14805249264734038,2.4340976270048704e-10,1.0722312149888267e-07,2.6520370986210376e-09,0.8519473972340913,Shadowing,1,0.8519475073526597,Shadowing,Shadowing,Shadowing,Shadowing,Shadowing
2023-11-24 09:15:00+08:00,0.27773315873979776,2.1589467541831277e-09,1.4696544846653855e-07,5.430283206965676e-09,0.7222666867055239,Shadowing,1,0.7222668412602022,Shadowing,Shadowing,Shadowing,Shadowing,Shadowing
2023-11-24 09:30:00+08:00,0.4235548968736732,2.5263466320069014e-08,8.861903651067181e-07,2.945404583003898e-10,0.576444191377955,Shadowing,1,0.5764451031263268,Normal,Shadowing,Normal,Shadowing,Shadowing
2023-11-24 09:45:00+08:00,0.3942126435631489,2.5119090255905525e-07,2.4101289455123066e-06,9.360494572944299e-11,0.605784695023398,Shadowing,1,0.6057873564368511,Normal,Shadowing,Shadowing,Shadowing,Shadowing
2023-11-24 10:00:00+08:00,0.5748632628479589,2.190418884622691e-06,5.127244335982986e-06,1.2451934223856623e-10,0.42512941936430104,Normal,0,0.42513673715204114,Normal,Normal,Normal,Shadowing,Normal
2023-11-24 10:15:00+08:00,0.04220091684809379,3.4943625696580824e-05,3.0472575146320258e-05,1.7310745381925218e-11,0.9577336669337526,Shadowing,1,0.9577990831519062,Shadowing,Shadowing,Shadowing,Shadowing,Shadowing
2023-11-24 10:30:00+08:00,0.0014649048636829927,0.0003396740922592257,3.598390529516689e-05,9.831055706882479e-13,0.9981594371377795,Shadowing,1,0.998535095136317,Shadowing,Shadowing,Shadowing,Shadowing,Shadowing
2023-11-24 10:45:00+08:00,0.0002705030482199894,0.004699191815751505,0.000170361178162343,6.521395368708556e-13,0.994859943957214,Shadowing,1,0.99972949695178,Shadowing,Shadowing,Shadowing,Shadowing,Shadowing
2023-11-24 11:00:00+08:00,1.0649856860130385e-06,0.0008197647945612374,6.148259558774662e-05,3.2055491708466313e-10,0.99911768730361,Shadowing,1,0.999998935014314,Shadowing,Shadowing,Shadowing,Shadowing,Shadowing
2023-11-24 11:15:00+08:00,1.2256471352383014e-06,0.00190113799270296,0.00019640995429068983,7.883895300527878e-09,0.9979012185219759,Shadowing,1,0.9999987743528648,Shadowing,Shadowing,Shadowing,Shadowing,Shadowing
2023-11-24 11:30:00+08:00,2.090547101306463e-06,0.004225183776216602,0.0005900478366804128,2.098320582523556e-07,0.9951824680079435,Shadowing,1,0.9999979094528987,Shadowing,Shadowing,Shadowing,Shadowing,Shadowing
2023-11-24 11:45:00+08:00,1.809320609195028e-06,0.0034795241600231778,0.0004307855259298063,8.33286197276231e-08,0.9960877976648181,Shadowing,1,0.9999981906793908,Shadowing,Shadowing,Shadowing,Shadowing,Shadowing
2023-11-24 12:00:00+08:00,1.450923045942591e-06,0.00030063468906332266,0.00026895818106648626,8.985729646056498e-05,0.9993390989103638,Shadowing,1,0.9999985490769541,Shadowing,Shadowing,Shadowing,Shadowing,Shadowing
2023-11-24 12:15:00+08:00,2.3575367101861823e-06,0.004839262213560491,0.0007578623488602049,4.869665348555925e-07,0.9944000309343342,Shadowing,1,0.9999976424632898,Shadowing,Shadowing,Shadowing,Shadowing,Shadowing
2023-11-24 12:30:00+08:00,8.299149186577605e-06,0.012242760290959873,0.018971725885648612,0.07178860076631036,0.8969886139078946,Shadowing,1,0.9999917008508135,Shadowing,Shadowing,Shadowing,Shadowing,Shadowing
2023-11-24 12:45:00+08:00,3.302867976206054e-06,0.0003731766340552663,0.0005966847308352347,0.3113723478595029,0.6876544879076304,Shadowing,1,0.9999966971320238,Shadowing,Open-Circuit,Open-Circuit,Shadowing,Shadowing
2023-11-24 13:00:00+08:00,0.8905307706323221,2.3565293406114565e-05,0.0003953316030435602,1.6691540640957466e-12,0.10905033246955917,Normal,0,0.10946922936767789,Normal,Normal,Normal,Normal,Normal
2023-11-24 13:15:00+08:00,1.1698823611380738e-05,2.643973253406807e-07,3.830193717250201e-07,9.345147208585023e-10,0.9999876528251768,Shadowing,1,0.9999883011763886,Shadowing,Shadowing,Shadowing,Shadowing,Shadowing
2023-11-24 13:30:00+08:00,3.890330414519284e-07,4.3437307070726093e-07,2.155448980559417e-10,3.1349773724962236e-19,0.9999991763783431,Shadowing,1,0.9999996109669586,Shadowing,Shadowing,Shadowing,Shadowing,Shadowing
2023-11-24 13:45:00+08:00,7.144046232840511e-05,9.014524830701667e-12,5.035335990921268e-10,9.28336995296571e-11,0.9999285589322897,Shadowing,1,0.9999285595376716,Shadowing,Shadowing,Shadowing,Shadowing,Shadowing
2023-11-24 14:00:00+08:00,0.18016904925210728,6.759070435472504e-09,1.7427701672424573e-07,2.7270732608755903e-09,0.8198307669847322,Shadowing,1,0.8198309507478927,Shadowing,Shadowing,Shadowing,Shadowing,Shadowing
2023-11-24 14:15:00+08:00,0.3207572603908768,5.41577293055663e-09,3.733169427710182e-07,4.4523427390367604e-11,0.679242360831884,Shadowing,1,0.6792427396091232,Shadowing,Shadowing,Shadowing,Shadowing,Shadowing
2023-11-24 14:30:00+08:00,0.05854864057887902,8.037300007697426e-10,4.114890183968855e-08,9.24641209546879e-09,0.941451308222077,Shadowing,1,0.941451359421121,Shadowing,Shadowing,Shadowing,Shadowing,Shadowing
2023-11-24 14:45:00+08:00,0.4439327861448043,4.156165226624457e-11,5.286420362333025e-08,1.120317798017899e-08,0.5560671497462525,Shadowing,1,0.5560672138551956,Shadowing,Shadowing,Normal,Shadowing,Normal
2023-11-24 15:00:00+08:00,0.6174263210099226,2.6533293069986758e-12,3.150826411269866e-08,1.160641568477192e-08,0.3825736358727443,Normal,0,0.38257367899007744,Normal,Normal,Normal,Shadowing,Normal
2023-11-24 15:15:00+08:00,0.3065557239288909,6.537639320465718e-13,1.2355199844146013e-08,1.1925443011507116e-08,0.6934442517898125,Shadowing,1,0.693444276071109,Shadowing,Shadowing,Shadowing,Shadowing,Shadowing
2023-11-24 15:30:00+08:00,0.016864135562839604,2.06976743591556e-13,2.265152613319979e-09,2.7476115050811125e-10,0.9831358618970396,Shadowing,1,0.9831358644371604,Shadowing,Shadowing,Shadowing,Shadowing,Shadowing
2023-11-24 15:45:00+08:00,0.19016689666369993,6.61557177242923e-08,8.578353711159444e-08,9.004461727029765e-10,0.8098329504965992,Shadowing,1,0.8098331033363001,Normal,Shadowing,Shadowing,Shadowing,Shadowing
2023-11-24 16:00:00+08:00,0.37218868543389866,1.4873265375315682e-08,2.5976233447813738e-08,6.075111518375667e-09,0.627811267641491,Shadowing,1,0.6278113145661013,Normal,Shadowing,Shadowing,Shadowing,Shadowing
2023-11-24 16:15:00+08:00,0.7817600710579405,1.0123873724370456e-09,5.5296336060715516e-09,2.1886855240738585e-08,0.2182399005131832,Normal,0,0.21823992894205946,Normal,Normal,Normal,Normal,Normal
2023-11-24 16:30:00+08:00,0.9026495030050328,3.111259034941014e-11,1.75689526319973e-09,2.6716786406866448e-08,0.09735046849017312,Normal,0,0.09735049699496723,Normal,Normal,Normal,Normal,Normal
2023-11-24 16:45:00+08:00,0.8664475092901499,1.9626933974702547e-11,9.184423423569278e-10,7.317974215530974e-08,0.13355241659203854,Normal,0,0.1335524907098501,Normal,Normal,Normal,Normal,Normal
2023-11-24 17:00:00+08:00,0.9489891234909085,2.932094055174785e-11,6.187354759690328e-10,9.167571884478598e-08,0.05101078418531628,Normal,0,0.05101087650909153,Normal,Normal,Normal,Normal,Normal
2023-11-25 07:30:00+08:00,0.7748204162309952,4.715052017054988e-12,1.3538899182524695e-09,2.9100514988265237e-08,0.22517955330988476,Normal,0,0.22517958376900482,Normal,Normal,Normal,Normal,Normal
2023-11-25 07:45:00+08:00,0.26892804551994215,1.524285727900853e-12,2.599235798198974e-09,1.0828289892866604e-08,0.7310719410510079,Shadowing,1,0.7310719544800579,Normal,Shadowing,Shadowing,Shadowing,Shadowing
2023-11-25 08:00:00+08:00,0.04404664499748753,2.2356723668549235e-13,2.1132157959417847e-09,5.712543878711512e-10,0.9559533523178189,Shadowing,1,0.9559533550025124,Shadowing,Shadowing,Shadowing,Shadowing,Shadowing
2023-11-25 08:15:00+08:00,0.011593924909017537,1.3456722530375592e-13,1.4889544987255396e-09,3.1045465932257824e-10,0.9884060732914388,Shadowing,1,0.9884060750909824,Shadowing,Shadowing,Shadowing,Shadowing,Shadowing
2023-11-25 08:30:00+08:00,0.07586348603964235,1.8549891302996754e-12,4.5907473875335495e-09,8.469314758202038e-09,0.9241365008984406,Shadowing,1,0.9241365139603577,Shadowing,Shadowing,Shadowing,Shadowing,Shadowing
2023-11-25 08:45:00+08:00,0.5604893795057071,1.1324740919567477e-11,5.88892852561382e-08,6.838311004259322e-09,0.4395105547553719,Normal,0,0.4395106204942929,Shadowing,Shadowing,Normal,Normal,Normal
2023-11-25 09:00:00+08:00,0.16005536956446206,1.0812184674113357e-10,1.0491432180785433e-07,1.1875891223654266e-09,0.8399445242255051,Shadowing,1,0.8399446304355379,Shadowing,Shadowing,Shadowing,Shadowing,Shadowing
2023-11-25 09:15:00+08:00,0.22176074661867337,7.93363693112105e-10,1.3221551685213803e-07,7.2379163485917406e-09,0.7782391131345298,Shadowing,1,0.7782392533813266,Shadowing,Shadowing,Shadowing,Shadowing,Shadowing
2023-11-25 09:30:00+08:00,0.41985253637531333,8.165604657657918e-09,5.2948975861348e-07,6.893165483305809e-10,0.580146925280007,Shadowing,1,0.5801474636246866,Normal,Shadowing,Shadowing,Shadowing,Shadowing
2023-11-25 09:45:00+08:00,0.4100301539139696,1.0812748511705128e-07,1.615651629369931e-06,1.2107956406654972e-10,0.5899681221858363,Shadowing,1,0.5899698460860304,Normal,Shadowing,Shadowing,Shadowing,Shadowing
2023-11-25 10:00:00+08:00,0.5287965674380681,6.031478872520261e-07,2.6839829830418975e-06,1.4532776282565156e-10,0.47120014528573373,Normal,0,0.47120343256193187,Normal,Shadowing,Normal,Shadowing,Normal
2023-11-25 10:15:00+08:00,0.10703265075614865,4.9984767392746615e-06,1.0647073555072105e-05,4.640434542361418e-11,0.8929517036471527,Shadowing,1,0.8929673492438513,Shadowing,Shadowing,Shadowing,Shadowing,Shadowing
2023-11-25 10:30:00+08:00,0.0020935798307955542,3.759817085815754e-05,1.0280728004858498e-05,1.5588045803125958e-11,0.9978585412547535,Shadowing,1,0.9979064201692045,Shadowing,Shadowing,Shadowing,Shadowing,Shadowing
2023-11-25 10:45:00+08:00,0.0003665053100600687,0.0002997064129408391,2.9922679928475094e-05,9.683726603255948e-13,0.9993038655961023,Shadowing,1,0.9996334946899399,Shadowing,Shadowing,Shadowing,Shadowing,Shadowing
2023-11-25 11:00:00+08:00,1.365773259996334e-06,0.00010192254968030907,1.6464201674762712e-05,7.911191563507435e-11,0.999880247396273,Shadowing,1,0.99999863422674,Shadowing,Shadowing,Shadowing,Shadowing,Shadowing
2023-11-25 11:15:00+08:00,1.0222423620875248e-06,0.0009033039937824519,6.647813812768496e-05,3.1657805458389587e-10,0.9990291953091497,Shadowing,1,0.9999989777576379,Shadowing,Shadowing,Shadowing,Shadowing,Shadowing
2023-11-25 11:30:00+08:00,1.1739030449749128e-06,0.0015935513160368901,0.00016953003382862467,7.357263584914848e-09,0.9982357373898259,Shadowing,1,0.999998826096955,Shadowing,Shadowing,Shadowing,Shadowing,Shadowing
2023-11-25 11:45:00+08:00,1.9781663181826897e-06,0.0026892090669554734,0.0003655024196162791,3.2171163813435404e-07,0.9969429886354719,Shadowing,1,0.9999980218336818,Shadowing,Shadowing,Shadowing,Shadowing,Shadowing
2023-11-25 12:00:00+08:00,2.376258490834813e-06,0.003454795485882077,0.0005246528748411845,1.07791129931717e-06,0.9960170974694865,Shadowing,1,0.9999976237415091,Shadowing,Shadowing,Shadowing,Shadowing,Shadowing
2023-11-25 12:15:00+08:00,2.377873415116997e-06,0.0026278800273279216,0.00040673205327306254,1.7172827243727744e-06,0.9969612927632594,Shadowing,1,0.9999976221265848,Shadowing,Shadowing,Shadowing,Shadowing,Shadowing
2023-11-25 12:30:00+08:00,1.9121539442130786e-06,0.0015467501182657877,0.00024356212306345348,5.614837359443857e-07,0.9982072141209907,Shadowing,1,0.9999980878460558,Shadowing,Shadowing,Shadowing,Shadowing,Shadowing
2023-11-25 12:45:00+08:00,1.5351850481593325e-06,0.0007877233051846877,0.00013385020700620623,9.197607385586454e-08,0.9990767993266874,Shadowing,1,0.9999984648149518,Shadowing,Shadowing,Shadowing,Shadowing,Shadowing
2023-11-25 13:00:00+08:00,2.2553073117909663e-06,0.00020742615956193786,4.976352410425305e-05,1.050121088006511e-08,0.9997405445078111,Shadowing,1,0.9999977446926882,Shadowing,Shadowing,Shadowing,Shadowing,Shadowing
2023-11-25 13:15:00+08:00,3.510644036332879e-06,1.2180271585976968e-05,9.536075348607102e-06,4.198500455952506e-09,0.9999747688105286,Shadowing,1,0.9999964893559636,Shadowing,Shadowing,Shadowing,Shadowing,Shadowing
2023-11-25 13:30:00+08:00,5.779932199063403e-06,8.072972819739591e-07,2.3540594932928968e-06,8.359365306350524e-10,0.9999910578750892,Shadowing,1,0.9999942200678009,Shadowing,Shadowing,Shadowing,Shadowing,Shadowing
2023-11-25 13:45:00+08:00,2.588749700355408e-05,2.4844210538615875e-07,3.124308640181458e-07,1.2124542477400081e-09,0.9999735504175729,Shadowing,1,0.9999741125029964,Shadowing,Shadowing,Shadowing,Shadowing,Shadowing
2023-11-25 14:00:00+08:00,0.00011094394386510872,1.075950433931139e-07,2.1556973602230805e-07,2.4307854833296246e-09,0.9998887304605699,Shadowing,1,0.9998890560561349,Shadowing,Shadowing,Shadowing,Shadowing,Shadowing
2023-11-25 14:15:00+08:00,0.000635962291707516,7.882174725895144e-08,1.7286432251669633e-07,4.694227899634264e-09,0.9993637813279946,Shadowing,1,0.9993640377082925,Shadowing,Shadowing,Shadowing,Shadowing,Shadowing
2023-11-25 14:30:00+08:00,0.0008476548303906703,1.8440993179114994e-08,7.046303396702538e-08,8.205317363215296e-09,0.9991522480602649,Shadowing,1,0.9991523451696094,Shadowing,Shadowing,Shadowing,Shadowing,Shadowing
2023-11-25 14:45:00+08:00,0.004270484746934309,5.031091692160514e-09,1.8100063836777007e-09,5.713720289183257e-09,0.9957295026982473,Shadowing,1,0.9957295152530657,Shadowing,Shadowing,Shadowing,Shadowing,Shadowing
2023-11-25 15:00:00+08:00,0.0020145651882735676,3.7660908550129514e-10,6.545056396401635e-10,1.5527442998773294e-09,0.9979854322278674,Shadowing,1,0.9979854348117264,Shadowing,Shadowing,Shadowing,Shadowing,Shadowing
2023-11-25 15:15:00+08:00,0.004605746506280976,8.489650853624917e-12,5.968908466757374e-10,1.6408171999602648e-09,0.9953942512475212,Shadowing,1,0.995394253493719,Shadowing,Shadowing,Shadowing,Shadowing,Shadowing
2023-11-25 15:30:00+08:00,0.009256145726349668,6.126423907004469e-14,9.102244766249586e-10,3.2248929065568806e-10,0.9907438530408752,Shadowing,1,0.9907438542736503,Shadowing,Shadowing,Shadowing,Shadowing,Shadowing
2023-11-25 15:45:00+08:00,2.434563064402818e-06,8.533728786005629e-06,4.2836672949238015e-10,1.6953674893852034e-16,0.9999890312797828,Shadowing,1,0.9999975654369356,Shadowing,Shadowing,Shadowing,Shadowing,Shadowing
2023-11-25 16:00:00+08:00,1.2668502910504966e-05,8.674822399186588e-06,2.4223965462905362e-09,5.0923335023747785e-14,0.9999786542522427,Shadowing,1,0.9999873314970895,Shadowing,Shadowing,Shadowing,Shadowing,Shadowing
2023-11-25 16:15:00+08:00,0.001759355130856339,3.0907319561211614e-07,6.880562747125977e-08,1.2662122469455306e-10,0.9982402668636994,Shadowing,1,0.9982406448691437,Shadowing,Shadowing,Shadowing,Shadowing,Shadowing
2023-11-25 16:30:00+08:00,0.870577897629383,2.1074021280095158e-10,2.1681404716986126e-09,3.7910770206372617e-08,0.12942206208096602,Normal,0,0.12942210237061702,Normal,Normal,Normal,Normal,Normal
2023-11-25 16:45:00+08:00,0.899217176077301,3.0995773803035914e-11,7.694870499055764e-10,9.620804882491903e-08,0.10078272691416737,Normal,0,0.100782823922699,Normal,Normal,Normal,Normal,Normal
2023-11-25 17:00:00+08:00,0.9773700214165043,2.3762330546136572e-11,4.652910924958198e-10,7.471814871328941e-08,0.0226299033762936,Normal,0,0.02262997858349569,Normal,Normal,Normal,Normal,Normal
2023-11-26 07:30:00+08:00,0.5289068684571984,2.078762233359677e-12,1.397639089844049e-09,3.076942791808615e-08,0.4710930993736559,Normal,0,0.47109313154280164,Normal,Normal,Shadowing,Shadowing,Shadowing
2023-11-26 07:45:00+08:00,0.08608684677175214,3.124251491517869e-13,1.2451410082515764e-09,2.7040491706842097e-09,0.9139131492787452,Shadowing,1,0.9139131532282478,Shadowing,Shadowing,Shadowing,Shadowing,Shadowing
2023-11-26 08:00:00+08:00,0.014007524009106242,5.693521569082164e-14,6.501528571007028e-10,2.137949758877403e-10,0.985992475126889,Shadowing,1,0.9859924759908938,Shadowing,Shadowing,Shadowing,Shadowing,Shadowing
2023-11-26 08:15:00+08:00,0.01083118491617053,6.33138896452679e-14,8.82127091044335e-10,3.816666034397455e-10,0.9891688138199723,Shadowing,1,0.9891688150838295,Shadowing,Shadowing,Shadowing,Shadowing,Shadowing
2023-11-26 08:30:00+08:00,0.03560762595721433,2.1560651137120548e-12,2.7694480670750017e-09,5.850384228925009e-09,0.9643923654207972,Shadowing,1,0.9643923740427857,Shadowing,Shadowing,Shadowing,Shadowing,Shadowing
2023-11-26 08:45:00+08:00,0.6321093309575406,1.0928696696596593e-11,4.7305907639704614e-08,6.911768128222376e-09,0.3678906148138549,Normal,0,0.3678906690424594,Shadowing,Shadowing,Normal,Normal,Normal
2023-11-26 09:00:00+08:00,0.18728136675964113,1.2931845936374802e-10,8.596863509265754e-08,4.011296115251665e-09,0.8127185431311093,Shadowing,1,0.8127186332403589,Shadowing,Shadowing,Shadowing,Shadowing,Shadowing
2023-11-26 09:15:00+08:00,0.25624131586914184,1.0206482928692218e-09,1.2960894062536212e-07,7.937449360802082e-09,0.7437585455638198,Shadowing,1,0.7437586841308581,Shadowing,Shadowing,Shadowing,Shadowing,Shadowing
2023-11-26 09:30:00+08:00,0.41258376938994284,8.695922561717336e-09,5.194500215364822e-07,6.64755558467951e-10,0.5874157017993576,Shadowing,1,0.5874162306100572,Normal,Shadowing,Shadowing,Shadowing,Normal
2023-11-26 09:45:00+08:00,0.5211323664026849,8.338324018423133e-08,1.08860098139036e-06,2.0441559801260446e-10,0.47886646140867795,Normal,0,0.4788676335973151,Normal,Shadowing,Normal,Shadowing,Normal
2023-11-26 10:00:00+08:00,0.5179141687478823,7.472416735050888e-07,2.7711310860391583e-06,1.7999769307753433e-10,0.48208231269936047,Normal,0,0.4820858312521177,Normal,Normal,Normal,Shadowing,Normal
2023-11-26 10:15:00+08:00,0.13397838398574033,5.728925146209334e-06,1.0820677828559392e-05,4.2489252265506515e-11,0.8660050663687956,Shadowing,1,0.8660216160142596,Shadowing,Shadowing,Shadowing,Shadowing,Shadowing
2023-11-26 10:30:00+08:00,0.002954931068159989,3.1295018396034686e-05,1.0799200906904588e-05,1.9045927127129294e-11,0.9970029746934911,Shadowing,1,0.99704506893184,Shadowing,Shadowing,Shadowing,Shadowing,Shadowing
2023-11-26 10:45:00+08:00,0.0001819312632373464,0.00022916376046451878,2.4827185475674984e-05,1.2277524129539593e-12,0.9995640777895947,Shadowing,1,0.9998180687367626,Shadowing,Shadowing,Shadowing,Shadowing,Shadowing
2023-11-26 11:00:00+08:00,1.6503809494794047e-06,7.451349665275759e-05,1.5759208343795784e-05,2.372673526268531e-10,0.9999080766767866,Shadowing,1,0.9999983496190505,Shadowing,Shadowing,Shadowing,Shadowing,Shadowing
2023-11-26 11:15:00+08:00,1.2490243649077583e-06,0.0005955812136295481,6.387789140045212e-05,9.47541145660451e-10,0.999339290923064,Shadowing,1,0.9999987509756351,Shadowing,Shadowing,Shadowing,Shadowing,Shadowing
2023-11-26 11:30:00+08:00,1.2919075783781827e-06,0.0012477466354106552,0.00015927783079647387,2.296043182245356e-08,0.9985916606657828,Shadowing,1,0.9999987080924216,Shadowing,Shadowing,Shadowing,Shadowing,Shadowing
2023-11-26 11:45:00+08:00,1.984923908941243e-06,0.0016225565703912638,0.0002574023752010322,7.329871976206774e-07,0.9981173231433011,Shadowing,1,0.9999980150760911,Shadowing,Shadowing,Shadowing,Shadowing,Shadowing
2023-11-26 12:00:00+08:00,1.9312983757297817e-06,0.0015897628368926123,0.00024920925662540655,5.897417272718417e-07,0.998158506866379,Shadowing,1,0.9999980687016242,Shadowing,Shadowing,Shadowing,Shadowing,Shadowing
2023-11-26 12:15:00+08:00,2.22008842826243e-06,0.0015136004347518028,0.0002702044316603019,2.2598539580244625e-06,0.9982117151912016,Shadowing,1,0.9999977799115717,Shadowing,Shadowing,Shadowing,Shadowing,Shadowing
2023-11-26 12:30:00+08:00,1.7296543646552964e-06,0.0009276865119056879,0.0001728177160288212,4.000663356152733e-07,0.9988973660513653,Shadowing,1,0.9999982703456354,Shadowing,Shadowing,Shadowing,Shadowing,Shadowing
2023-11-26 12:45:00+08:00,1.9160269166014516e-06,0.00035692631845112076,9.121087787936031e-05,3.134797331567134e-08,0.9995499154287796,Shadowing,1,0.9999980839730834,Shadowing,Shadowing,Shadowing,Shadowing,Shadowing
2023-11-26 13:00:00+08:00,2.558100230450047e-06,7.83234503840597e-05,2.628176364580797e-05,7.498716656513809e-09,0.999892829187023,Shadowing,1,0.9999974418997696,Shadowing,Shadowing,Shadowing,Shadowing,Shadowing
2023-11-26 13:15:00+08:00,4.059233365848576e-06,4.761947477551432e-06,6.543350486660757e-06,2.085817984965721e-09,0.9999846333828518,Shadowing,1,0.9999959407666341,Shadowing,Shadowing,Shadowing,Shadowing,Shadowing
2023-11-26 13:30:00+08:00,7.091779650355269e-06,4.483981610915955e-07,1.1768882272066081e-06,8.129416694320986e-10,0.9999912821210197,Shadowing,1,0.9999929082203497,Shadowing,Shadowing,Shadowing,Shadowing,Shadowing
2023-11-26 13:45:00+08:00,3.6219303080924466e-05,2.083136726708528e-07,2.270654038888455e-07,1.4415800225844522e-09,0.9999633438762624,Shadowing,1,0.999963780696919,Shadowing,Shadowing,Shadowing,Shadowing,Shadowing
2023-11-26 14:00:00+08:00,0.00015858561800113075,1.0691804265033597e-07,2.0842280225667876e-07,2.7612910220553214e-09,0.999841096279863,Shadowing,1,0.9998414143819989,Shadowing,Shadowing,Shadowing,Shadowing,Shadowing
2023-11-26 14:15:00+08:00,0.0006615324730904692,5.691610704663531e-08,1.4999609898192832e-07,5.4839783416075415e-09,0.9993382551307253,Shadowing,1,0.9993384675269096,Shadowing,Shadowing,Shadowing,Shadowing,Shadowing
2023-11-26 14:30:00+08:00,0.0008903854982676799,1.4228148029318205e-08,4.07203409511525e-08,7.393099015505635e-09,0.9991095521601443,Shadowing,1,0.9991096145017323,Shadowing,Shadowing,Shadowing,Shadowing,Shadowing
2023-11-26 14:45:00+08:00,0.003691333437813285,3.8106060203127785e-09,1.420256490656261e-09,5.004309530265757e-09,0.9963086563270147,Shadowing,1,0.9963086665621868,Shadowing,Shadowing,Shadowing,Shadowing,Shadowing
2023-11-26 15:00:00+08:00,0.0017087416062248964,3.5204546260161365e-10,5.122974633459306e-10,1.6466495786425876e-09,0.9982912558827828,Shadowing,1,0.9982912583937751,Shadowing,Shadowing,Shadowing,Shadowing,Shadowing
2023-11-26 15:15:00+08:00,0.003776366680150964,8.656846256491241e-12,4.760943556088167e-10,1.465045743962036e-09,0.9962236313700521,Shadowing,1,0.9962236333198491,Shadowing,Shadowing,Shadowing,Shadowing,Shadowing
2023-11-26 15:30:00+08:00,0.007040919743560475,4.373629111231326e-14,7.201923163246147e-10,2.1195148914705648e-10,0.9929590793242522,Shadowing,1,0.9929590802564395,Shadowing,Shadowing,Shadowing,Shadowing,Shadowing
2023-11-26 15:45:00+08:00,1.7602330833803696e-06,7.864843717492032e-06,2.8143258551012437e-10,6.831511618100718e-17,0.9999903746417665,Shadowing,1,0.9999982397669166,Shadowing,Shadowing,Shadowing,Shadowing,Shadowing
2023-11-26 16:00:00+08:00,1.2687383055349724e-05,8.672862231666793e-06,2.3664239808558322e-09,4.4934328189441035e-14,0.999978637388244,Shadowing,1,0.9999873126169446,Shadowing,Shadowing,Shadowing,Shadowing,Shadowing
2023-11-26 16:15:00+08:00,0.0018845399267811505,3.143298494786827e-07,6.980287649755052e-08,1.1352042229859576e-10,0.9981150758269723,Shadowing,1,0.9981154600732188,Shadowing,Shadowing,Shadowing,Shadowing,Shadowing
2023-11-26 16:30:00+08:00,0.8806715742287945,1.735634396451378e-10,2.087706506666677e-09,3.542414799076426e-08,0.11932838808578754,Normal,0,0.1193284257712055,Normal,Normal,Normal,Normal,Normal
2023-11-26 16:45:00+08:00,0.8960251032804157,3.1185664730996577e-11,7.778169801211795e-10,9.63654160232971e-08,0.10397479954516575,Normal,0,0.10397489671958426,Normal,Normal,Normal,Normal,Normal
2023-11-26 17:00:00+08:00,0.9806129965957695,2.191012405324329e-11,4.369698565776989e-10,7.012849707156434e-08,0.019386932816853476,Normal,0,0.019387003404230496,Normal,Normal,Normal,Normal,Normal
2023-11-27 07:30:00+08:00,0.7271619937149792,3.4956464719399305e-12,1.233232868409302e-09,3.2678092065556836e-08,0.2728379723702002,Normal,0,0.27283800628502075,Normal,Normal,Normal,Normal,Normal
2023-11-27 07:45:00+08:00,0.20108008479643974,9.147902982900736e-13,1.9172710909371866e-09,7.739079585333325e-09,0.7989199055462948,Shadowing,1,0.7989199152035602,Shadowing,Shadowing,Shadowing,Shadowing,Shadowing
2023-11-27 08:00:00+08:00,0.03478703210895391,1.70537873313351e-13,1.5423957537996331e-09,5.962932754375088e-10,0.9652129657521865,Shadowing,1,0.965212967891046,Shadowing,Shadowing,Shadowing,Shadowing,Shadowing
2023-11-27 08:15:00+08:00,0.009586067223669077,1.0649490304586974e-13,1.163759049593465e-09,2.1757469997423932e-10,0.9904139313948906,Shadowing,1,0.9904139327763309,Shadowing,Shadowing,Shadowing,Shadowing,Shadowing
2023-11-27 08:30:00+08:00,0.02914259389525107,6.725258457096461e-13,2.025146341911471e-09,2.701755684570195e-09,0.9708574013771744,Shadowing,1,0.9708574061047489,Shadowing,Shadowing,Shadowing,Shadowing,Shadowing
2023-11-27 08:45:00+08:00,0.6535263724685351,5.459821902066816e-12,4.1050669138157114e-08,8.5420316435854e-09,0.34647357793330436,Normal,0,0.34647362753146493,Normal,Shadowing,Normal,Normal,Normal
2023-11-27 09:00:00+08:00,0.32267422994575634,5.4716547114112645e-11,7.966487105961806e-08,5.146684445467245e-09,0.6773256851879716,Shadowing,1,0.6773257700542437,Shadowing,Shadowing,Shadowing,Shadowing,Shadowing
2023-11-27 09:15:00+08:00,0.22026452681596384,5.669331050828779e-10,1.0793248841902652e-07,9.939775397908065e-09,0.7797353547448392,Shadowing,1,0.7797354731840361,Shadowing,Shadowing,Shadowing,Shadowing,Shadowing
2023-11-27 09:30:00+08:00,0.2510667598376683,3.5563566771999506e-09,3.2807331946279516e-07,1.0407684039500019e-09,0.7489329074918871,Shadowing,1,0.7489332401623316,Shadowing,Shadowing,Shadowing,Shadowing,Shadowing
2023-11-27 09:45:00+08:00,0.3831454151844806,3.570178503932775e-08,7.512088836510265e-07,3.431680140318251e-10,0.6168537975616827,Shadowing,1,0.6168545848155194,Shadowing,Shadowing,Shadowing,Shadowing,Shadowing
2023-11-27 10:00:00+08:00,0.16366022110491946,8.521250213906167e-07,1.6573109659700275e-06,8.907082410666953e-11,0.8363372693700224,Shadowing,1,0.8363397788950806,Shadowing,Shadowing,Shadowing,Shadowing,Shadowing
2023-11-27 10:15:00+08:00,0.0763283557581743,1.9434970514790383e-06,3.70938143024008e-06,1.0654700688253255e-10,0.9236659912567969,Shadowing,1,0.9236716442418257,Shadowing,Shadowing,Shadowing,Shadowing,Shadowing
2023-11-27 10:30:00+08:00,0.002122037843066342,1.841071477287067e-05,9.846794123579141e-06,2.065691317725806e-11,0.9978497046273803,Shadowing,1,0.9978779621569337,Shadowing,Shadowing,Shadowing,Shadowing,Shadowing
2023-11-27 10:45:00+08:00,0.0001050099197417378,7.99698639970986e-05,1.2482372647204678e-05,3.0810040975029787e-12,0.9998025378405329,Shadowing,1,0.9998949900802583,Shadowing,Shadowing,Shadowing,Shadowing,Shadowing
2023-11-27 11:00:00+08:00,1.9272001452759095e-06,4.3337785386862535e-05,1.2219821081673568e-05,3.8909890761608464e-10,0.9999425148042873,Shadowing,1,0.9999980727998548,Shadowing,Shadowing,Shadowing,Shadowing,Shadowing
2023-11-27 11:15:00+08:00,1.446618017551402e-06,0.00030003195304585374,4.7113652178726965e-05,9.025217633093352e-10,0.999651406874236,Shadowing,1,0.9999985533819824,Shadowing,Shadowing,Shadowing,Shadowing,Shadowing
2023-11-27 11:30:00+08:00,1.2013131419112124e-06,0.0009407217691179114,0.00011472037482915326,8.164913092733959e-09,0.9989433483779979,Shadowing,1,0.999998798686858,Shadowing,Shadowing,Shadowing,Shadowing,Shadowing
2023-11-27 11:45:00+08:00,1.9981133893819985e-06,0.0013857619818520264,0.00023808000112871067,9.890254648411586e-07,0.9983731708781651,Shadowing,1,0.9999980018866106,Shadowing,Shadowing,Shadowing,Shadowing,Shadowing
2023-11-27 12:00:00+08:00,2.080304198027095e-06,0.0013229490608705108,0.00023996073564130162,1.524781464123171e-06,0.998433485117826,Shadowing,1,0.999997919695802,Shadowing,Shadowing,Shadowing,Shadowing,Shadowing
2023-11-27 12:15:00+08:00,1.894502946044399e-06,0.0010588111065915672,0.00020067399215718067,8.805734526437127e-07,0.9987377398248526,Shadowing,1,0.9999981054970539,Shadowing,Shadowing,Shadowing,Shadowing,Shadowing
2023-11-27 12:30:00+08:00,1.8956068097210772e-06,0.00036732424178437094,9.269802430643208e-05,3.2014402782561247e-08,0.9995380501126967,Shadowing,1,0.9999981043931903,Shadowing,Shadowing,Shadowing,Shadowing,Shadowing
2023-11-27 12:45:00+08:00,2.4872662307428017e-06,0.00014911507782065594,4.2917433521293885e-05,1.459830008087099e-08,0.9998054656241273,Shadowing,1,0.9999975127337692,Shadowing,Shadowing,Shadowing,Shadowing,Shadowing
2023-11-27 13:00:00+08:00,3.607831787988747e-06,1.1887137457902796e-05,9.669301392475855e-06,4.610681538241005e-09,0.9999748311186801,Shadowing,1,0.999996392168212,Shadowing,Shadowing,Shadowing,Shadowing,Shadowing
2023-11-27 13:15:00+08:00,5.265517885732738e-06,1.5058644438194234e-06,3.8705284729580175e-06,1.0408420441606878e-09,0.9999893570483553,Shadowing,1,0.9999947344821143,Shadowing,Shadowing,Shadowing,Shadowing,Shadowing
2023-11-27 13:30:00+08:00,1.0633972852923406e-05,2.8195599880320593e-07,4.611855976650223e-07,9.783655551807838e-10,0.9999886219071851,Shadowing,1,0.999989366027147,Shadowing,Shadowing,Shadowing,Shadowing,Shadowing
2023-11-27 13:45:00+08:00,5.384710628905892e-05,1.8903163563642611e-07,2.763978034633985e-07,1.7388070924750638e-09,0.9999456857254648,Shadowing,1,0.9999461528937109,Shadowing,Shadowing,Shadowing,Shadowing,Shadowing
2023-11-27 14:00:00+08:00,0.0002979993278053951,7.890671761463519e-08,1.799696464393029e-07,3.812330930905957e-09,0.9997017379834997,Shadowing,1,0.9997020006721946,Shadowing,Shadowing,Shadowing,Shadowing,Shadowing
2023-11-27 14:15:00+08:00,0.0007678908766910902,4.5328464929008514e-08,1.3316424502043772e-07,6.4739943750963716e-09,0.9992319241566048,Shadowing,1,0.999232109123309,Shadowing,Shadowing,Shadowing,Shadowing,Shadowing
2023-11-27 14:30:00+08:00,0.0009295868512656476,1.0162505644976096e-08,1.9911541976433425e-08,6.408756783081796e-09,0.9990703766659298,Shadowing,1,0.9990704131487343,Shadowing,Shadowing,Shadowing,Shadowing,Shadowing
2023-11-27 14:45:00+08:00,0.003453994340276998,1.8399272206477865e-09,8.67927970928363e-10,4.035390377705261e-09,0.9965459989164774,Shadowing,1,0.996546005659723,Shadowing,Shadowing,Shadowing,Shadowing,Shadowing
2023-11-27 15:00:00+08:00,0.001595454405745404,1.5752193802378825e-10,3.4051755777490976e-10,2.2626573083092775e-09,0.9984045428335578,Shadowing,1,0.9984045455942546,Shadowing,Shadowing,Shadowing,Shadowing,Shadowing
2023-11-27 15:15:00+08:00,0.0036266703969316783,3.202873783540143e-12,3.762769488329185e-10,8.608490011151994e-10,0.9963733283627395,Shadowing,1,0.9963733296030683,Shadowing,Shadowing,Shadowing,Shadowing,Shadowing
2023-11-27 15:30:00+08:00,0.013995775589923886,2.0755683162052385e-14,8.347309740493223e-10,2.1702622922090209e-10,0.9860042233582982,Shadowing,1,0.9860042244100761,Shadowing,Shadowing,Shadowing,Shadowing,Shadowing
2023-11-27 15:45:00+08:00,1.0196360065112958e-05,9.78420355537544e-06,2.2650631322466156e-09,1.2802732305182135e-14,0.9999800171713036,Shadowing,1,0.9999898036399348,Shadowing,Shadowing,Shadowing,Shadowing,Shadowing
2023-11-27 16:00:00+08:00,7.644246369586564e-05,4.230234262551781e-06,1.562037458194226e-08,2.2546878257175266e-12,0.9999193116794123,Shadowing,1,0.9999235575363041,Shadowing,Shadowing,Shadowing,Shadowing,Shadowing
2023-11-27 16:15:00+08:00,0.12986503568018876,4.5498912343087977e-08,9.05011680871846e-08,2.74355360184143e-09,0.8701348255761772,Shadowing,1,0.8701349643198113,Normal,Shadowing,Shadowing,Shadowing,Shadowing
2023-11-27 16:30:00+08:00,0.9128573101842166,3.923616641736174e-11,1.5711246296834806e-09,3.593900081450035e-08,0.0871426522664217,Normal,0,0.08714268981578344,Normal,Normal,Normal,Normal,Normal
2023-11-27 16:45:00+08:00,0.8865124482570105,3.0546510280414954e-11,7.905323986891648e-10,9.680266772391632e-08,0.11348745411924277,Normal,0,0.11348755174298952,Normal,Normal,Normal,Normal,Normal
2023-11-27 17:00:00+08:00,0.9809790119641143,2.1375435647807236e-11,4.2970148094896947e-10,6.953321733984445e-08,0.019020918051591576,Normal,0,0.0190209880358857,Normal,Normal,Normal,Normal,Normal
2023-11-28 07:30:00+08:00,0.7765211903388043,4.376155171945277e-12,1.1633643051825334e-09,3.30088243673779e-08,0.22347877548463085,Normal,0,0.2234788096611957,Normal,Normal,Normal,Normal,Normal
2023-11-28 07:45:00+08:00,0.332204269365217,1.7069080515646581e-12,2.372824061795355e-09,1.4891768000874521e-08,0.667795713368484,Shadowing,1,0.667795730634783,Normal,Shadowing,Shadowing,Shadowing,Shadowing
2023-11-28 08:00:00+08:00,0.07785942523861003,4.345150962276912e-13,2.5116878824599463e-09,1.2891418801865996e-09,0.9221405709601257,Shadowing,1,0.92214057476139,Shadowing,Shadowing,Shadowing,Shadowing,Shadowing
2023-11-28 08:15:00+08:00,0.01855128379555323,2.2002607400227327e-13,2.429036330717479e-09,2.9299008267667905e-10,0.9814487134822002,Shadowing,1,0.9814487162044467,Shadowing,Shadowing,Shadowing,Shadowing,Shadowing
2023-11-28 08:30:00+08:00,0.0785753618233612,5.37552925560123e-13,4.657678470014502e-09,5.067454590260049e-09,0.9214246284509681,Shadowing,1,0.9214246381766388,Shadowing,Shadowing,Shadowing,Shadowing,Shadowing
2023-11-28 08:45:00+08:00,0.6355504626323583,3.947220045341687e-12,3.863755312199708e-08,9.1781687162872e-09,0.3644494895479727,Normal,0,0.36444953736764174,Normal,Shadowing,Normal,Normal,Normal
2023-11-28 09:00:00+08:00,0.4199852411232151,2.8469447151372825e-11,7.737834387669454e-08,4.1522949623000056e-09,0.5800146773176766,Shadowing,1,0.5800147588767849,Shadowing,Shadowing,Normal,Shadowing,Normal
2023-11-28 09:15:00+08:00,0.15338696481171976,2.854662317266513e-10,1.0946537305070597e-07,3.070289234438576e-09,0.8466129223671517,Shadowing,1,0.8466130351882802,Shadowing,Shadowing,Shadowing,Shadowing,Shadowing
2023-11-28 09:30:00+08:00,0.27964363504747275,2.113307785942982e-09,2.9876264622152376e-07,1.4524259569506908e-09,0.7203560626241472,Shadowing,1,0.7203563649525273,Shadowing,Shadowing,Shadowing,Shadowing,Shadowing
2023-11-28 09:45:00+08:00,0.3506145339943664,1.2192533229466459e-08,5.218757199692219e-07,5.738956240254504e-10,0.6493849313634847,Shadowing,1,0.6493854660056336,Shadowing,Shadowing,Shadowing,Shadowing,Shadowing
2023-11-28 10:00:00+08:00,0.1364270405583621,2.804373540681211e-07,7.876191451927603e-07,1.696207232807248e-10,0.8635718912155179,Shadowing,1,0.8635729594416379,Shadowing,Shadowing,Shadowing,Shadowing,Shadowing
2023-11-28 10:15:00+08:00,0.06401623164173245,1.738296972993141e-06,3.6010554447838988e-06,1.2657907135144772e-10,0.9359784288792706,Shadowing,1,0.9359837683582676,Shadowing,Shadowing,Shadowing,Shadowing,Shadowing
2023-11-28 10:30:00+08:00,0.008924536230459374,9.177719905558716e-06,1.6266010401951273e-05,4.2657603376367654e-11,0.9910500199965757,Shadowing,1,0.9910754637695406,Shadowing,Shadowing,Shadowing,Shadowing,Shadowing
2023-11-28 10:45:00+08:00,0.00022731013810611936,3.959955127472938e-05,7.404736197903004e-06,7.102678149389552e-12,0.9997256855673186,Shadowing,1,0.9997726898618938,Shadowing,Shadowing,Shadowing,Shadowing,Shadowing
2023-11-28 11:00:00+08:00,2.2135342214422236e-06,9.518205426493405e-06,5.745782816773675e-06,6.367732569728872e-11,0.9999825224138579,Shadowing,1,0.9999977864657785,Shadowing,Shadowing,Shadowing,Shadowing,Shadowing
2023-11-28 11:15:00+08:00,1.3634688941209285e-06,0.00018740719069030873,2.599483480471864e-05,1.631416945142244e-10,0.9997852343424691,Shadowing,1,0.9999986365311059,Shadowing,Shadowing,Shadowing,Shadowing,Shadowing
2023-11-28 11:30:00+08:00,1.1417458639702848e-06,0.0006318882810445788,5.6852853851224206e-05,3.818438900437503e-10,0.9993101167373964,Shadowing,1,0.999998858254136,Shadowing,Shadowing,Shadowing,Shadowing,Shadowing
2023-11-28 11:45:00+08:00,1.2249335842045883e-06,0.001045754209372231,0.00013481878117668032,1.5584705597901286e-08,0.9988181864911614,Shadowing,1,0.9999987750664158,Shadowing,Shadowing,Shadowing,Shadowing,Shadowing
2023-11-28 12:00:00+08:00,1.581889315883821e-06,0.0015126204265012715,0.00020825033156160277,1.0518752562787078e-07,0.9982774421650955,Shadowing,1,0.9999984181106841,Shadowing,Shadowing,Shadowing,Shadowing,Shadowing
2023-11-28 12:15:00+08:00,1.8181159521671925e-06,0.0015490710257040764,0.00023467195936999018,3.545387315691668e-07,0.9982140843602423,Shadowing,1,0.9999981818840479,Shadowing,Shadowing,Shadowing,Shadowing,Shadowing
2023-11-28 12:30:00+08:00,1.7624744694565648e-06,0.0013049637281312078,0.0002093428700744579,3.493212952328594e-07,0.9984835816060297,Shadowing,1,0.9999982375255305,Shadowing,Shadowing,Shadowing,Shadowing,Shadowing
2023-11-28 12:45:00+08:00,1.5616365492673654e-06,0.0007760122967322285,0.0001348410604635083,1.0550070994905029e-07,0.9990874795055451,Shadowing,1,0.9999984383634507,Shadowing,Shadowing,Shadowing,Shadowing,Shadowing
2023-11-28 13:00:00+08:00,2.1963539941845884e-06,0.00022076975454081858,5.382272726109299e-05,1.1352811926268115e-08,0.999723199811392,Shadowing,1,0.9999978036460058,Shadowing,Shadowing,Shadowing,Shadowing,Shadowing
2023-11-28 13:15:00+08:00,3.4087110811865924e-06,1.8317084022798648e-05,1.1947779055291728e-05,6.5403659594511136e-09,0.9999663198854748,Shadowing,1,0.9999965912889188,Shadowing,Shadowing,Shadowing,Shadowing,Shadowing
2023-11-28 13:30:00+08:00,5.858567708024207e-06,9.626979032977855e-07,2.831559324691963e-06,8.738839615113898e-10,0.9999903463011801,Shadowing,1,0.9999941414322919,Shadowing,Shadowing,Shadowing,Shadowing,Shadowing
2023-11-28 13:45:00+08:00,1.2234421621396638e-05,2.426207802321147e-07,3.179160409290552e-07,1.0486136658750608e-09,0.9999872039929437,Shadowing,1,0.9999877655783787,Shadowing,Shadowing,Shadowing,Shadowing,Shadowing
2023-11-28 14:00:00+08:00,6.37844617794468e-05,9.440207559334579e-08,2.0319702755287977e-07,1.939714471530064e-09,0.9999359159994029,Shadowing,1,0.9999362155382205,Shadowing,Shadowing,Shadowing,Shadowing,Shadowing
2023-11-28 14:15:00+08:00,0.0003621687344261587,4.942478607484973e-08,1.457830134289451e-07,4.222298919085124e-09,0.9996376318354754,Shadowing,1,0.9996378312655738,Shadowing,Shadowing,Shadowing,Shadowing,Shadowing
2023-11-28 14:30:00+08:00,0.0005738973087862304,1.0130522987397619e-08,6.101032125859741e-08,5.393265679711602e-09,0.999426026157104,Shadowing,1,0.9994261026912138,Shadowing,Shadowing,Shadowing,Shadowing,Shadowing
2023-11-28 14:45:00+08:00,0.0018768013882018725,6.711391240561266e-09,3.1436878452120433e-09,5.662483257715768e-09,0.9981231830942358,Shadowing,1,0.9981231986117981,Shadowing,Shadowing,Shadowing,Shadowing,Shadowing
2023-11-28 15:00:00+08:00,0.0012494834196301418,5.513879099656047e-10,4.4973924356918003e-10,1.8408538007440672e-09,0.998750513738389,Shadowing,1,0.9987505165803698,Shadowing,Shadowing,Shadowing,Shadowing,Shadowing
2023-11-28 15:15:00+08:00,0.002712858277055347,3.8208053251067886e-11,4.0013118619455287e-10,2.4078327690351233e-09,0.9972871388767727,Shadowing,1,0.9972871417229446,Shadowing,Shadowing,Shadowing,Shadowing,Shadowing
2023-11-28 15:30:00+08:00,0.0021789151046241453,1.7497730255704374e-15,1.0325610925644806e-10,1.3400255664574206e-11,0.9978210847787178,Shadowing,1,0.9978210848953759,Shadowing,Shadowing,Shadowing,Shadowing,Shadowing
2023-11-28 15:45:00+08:00,0.0007369709609831085,9.984680106818658e-07,5.766945223646487e-08,2.1746721395132184e-11,0.9992619728798072,Shadowing,1,0.9992630290390169,Shadowing,Shadowing,Shadowing,Shadowing,Shadowing
2023-11-28 16:00:00+08:00,0.8178208563561291,6.107993425441233e-11,4.131974334187936e-09,2.170948073444843e-08,0.18217911774133594,Normal,0,0.1821791436438709,Normal,Normal,Normal,Normal,Normal
2023-11-28 16:15:00+08:00,0.859848994669923,5.5747506700833494e-11,2.804287687805207e-09,2.3106099946688627e-08,0.14015097936394175,Normal,0,0.14015100533007696,Normal,Normal,Normal,Normal,Normal
2023-11-28 16:30:00+08:00,0.864439543406607,1.0097598361609358e-11,1.0217944307825209e-09,4.082747713949662e-08,0.13556041473402375,Normal,0,0.135560456593393,Normal,Normal,Normal,Normal,Normal
2023-11-28 16:45:00+08:00,0.875108244124422,3.10413584095771e-11,8.504567539351068e-10,9.722178623600767e-08,0.12489165777229363,Normal,0,0.12489175587557799,Normal,Normal,Normal,Normal,Normal
2023-11-28 17:00:00+08:00,0.9865732495166857,2.0285145669620526e-11,4.048391876855723e-10,6.032316862823048e-08,0.013426689735021521,Normal,0,0.01342675048331432,Normal,Normal,Normal,Normal,Normal
2023-11-29 07:30:00+08:00,0.9903557383400969,1.0740669512158609e-11,2.548430705711981e-10,5.168883205658514e-08,0.009644209705487232,Normal,0,0.009644261659903064,Normal,Normal,Normal,Normal,Normal
2023-11-29 07:45:00+08:00,0.8568456861686384,2.0718670268860268e-11,6.914507464910263e-10,1.0264661572895669e-07,0.14315421047257645,Normal,0,0.14315431383136157,Normal,Normal,Normal,Normal,Normal
2023-11-29 08:00:00+08:00,0.8502063027542176,9.234519373890688e-12,1.330657108567904e-09,2.9574166537270005e-08,0.14979366633172425,Normal,0,0.1497936972457824,Normal,Normal,Normal,Normal,Normal
2023-11-29 08:15:00+08:00,0.8584715989857743,1.0408887090750562e-11,1.3612698655990859e-09,2.9036274026736166e-08,0.1415283706062728,Normal,0,0.1415284010142257,Normal,Normal,Normal,Normal,Normal
2023-11-29 08:30:00+08:00,0.864734848233554,2.4797106835930388e-11,2.1025249312739753e-09,2.4829580087065944e-08,0.13526512480954395,Normal,0,0.13526515176644605,Normal,Normal,Normal,Normal,Normal
2023-11-29 08:45:00+08:00,0.863647293997914,3.496290095687495e-11,2.3956768276860167e-09,2.4233554200226953e-08,0.1363526793378922,Normal,0,0.13635270600208604,Normal,Normal,Normal,Normal,Normal
2023-11-29 09:00:00+08:00,0.8387263944034459,2.8171775950555772e-11,2.6457326385839573e-09,2.2883128194581125e-08,0.16127358003952152,Normal,0,0.16127360559655413,Normal,Normal,Normal,Normal,Normal
2023-11-29 09:15:00+08:00,0.7910542494013052,3.4794105133226325e-11,3.98134507628746e-09,2.193252976296658e-08,0.20894572465002578,Normal,0,0.2089457505986948,Normal,Normal,Normal,Normal,Normal
2023-11-29 09:30:00+08:00,0.791548557043628,1.7041360177585974e-11,2.98010063832522e-09,2.294318260863096e-08,0.20845141701604727,Normal,0,0.20845144295637197,Normal,Normal,Normal,Normal,Normal
2023-11-29 09:45:00+08:00,0.7954561651483958,8.056928753363111e-12,1.956668333065071e-09,2.369922472893402e-08,0.20454380918765427,Normal,0,0.2045438348516042,Normal,Normal,Normal,Normal,Normal
2023-11-29 10:00:00+08:00,0.7262060022274486,9.143990864477705e-12,3.2453817409336604e-09,2.364530505509661e-08,0.27379397087272084,Normal,0,0.2737939977725514,Normal,Normal,Normal,Normal,Normal
2023-11-29 10:15:00+08:00,0.6927375718194538,1.1254885559584615e-11,4.233959452565067e-09,2.314211630721953e-08,0.3072624007932155,Normal,0,0.30726242818054617,Normal,Normal,Normal,Normal,Normal
2023-11-29 10:30:00+08:00,0.34016673808058967,1.087703115552117e-11,1.1310501245932232e-08,5.048753104377242e-09,0.6598332455492789,Shadowing,1,0.6598332619194103,Normal,Shadowing,Shadowing,Shadowing,Shadowing
2023-11-29 10:45:00+08:00,0.07287608363246519,1.0547123093803482e-11,2.0838513766811713e-08,1.829531322506259e-09,0.9271238936889425,Shadowing,1,0.9271239163675348,Shadowing,Shadowing,Shadowing,Shadowing,Shadowing
2023-11-29 11:00:00+08:00,0.03448531003449146,1.2217531585337796e-12,1.0364004372511391e-08,1.0253975013859316e-09,0.9655146785748849,Shadowing,1,0.9655146899655085,Shadowing,Shadowing,Shadowing,Shadowing,Shadowing
2023-11-29 11:15:00+08:00,0.09571802236217843,9.177333150603116e-12,2.1584239998338535e-08,1.886541413521438e-09,0.9042819541578627,Shadowing,1,0.9042819776378216,Shadowing,Shadowing,Shadowing,Shadowing,Shadowing
2023-11-29 11:30:00+08:00,0.053178264638149474,2.4494766253132642e-12,1.3823132420082625e-08,6.910566129832521e-10,0.9468217208452121,Shadowing,1,0.9468217353618505,Shadowing,Shadowing,Shadowing,Shadowing,Shadowing
2023-11-29 11:45:00+08:00,0.02987201891067265,1.6170154640746875e-12,1.0159535230092279e-08,4.655679432439361e-10,0.9701279704626071,Shadowing,1,0.9701279810893273,Shadowing,Shadowing,Shadowing,Shadowing,Shadowing
2023-11-29 12:00:00+08:00,0.02881075338642975,5.2282656234495895e-12,1.3019342138725624e-08,9.250798521506523e-10,0.97118923266392,Shadowing,1,0.9711892466135702,Shadowing,Shadowing,Shadowing,Shadowing,Shadowing
2023-11-29 12:15:00+08:00,0.050572182661444164,2.4334573083942657e-12,1.3531068968760657e-08,6.739756623895296e-10,0.9494278031310778,Shadowing,1,0.9494278173385559,Shadowing,Shadowing,Shadowing,Shadowing,Shadowing
2023-11-29 12:30:00+08:00,0.04033372008733592,2.7005579418037726e-12,1.2272816457476897e-08,6.413131305150469e-10,0.959666266995834,Shadowing,1,0.9596662799126641,Shadowing,Shadowing,Shadowing,Shadowing,Shadowing
2023-11-29 12:45:00+08:00,0.45699748038732146,1.4116925556569964e-12,2.8397432150571473e-08,1.083707307636964e-08,0.5430024803767617,Shadowing,1,0.5430025196126785,Shadowing,Normal,Shadowing,Shadowing,Normal
2023-11-29 13:00:00+08:00,0.49359918759083465,5.463562601325088e-12,5.378978841979913e-08,7.850114501697787e-09,0.5064007507637989,Shadowing,1,0.5064008124091653,Shadowing,Shadowing,Normal,Normal,Normal
2023-11-29 13:15:00+08:00,0.18458592923819503,4.8581863043236263e-11,1.0889280946656805e-07,2.5919402100161577e-10,0.8154139615612197,Shadowing,1,0.8154140707618049,Shadowing,Shadowing,Shadowing,Shadowing,Shadowing
2023-11-29 13:30:00+08:00,0.25937577556975067,4.1233494925332866e-10,2.163538664223329e-07,6.364280644655702e-10,0.7406240070276199,Shadowing,1,0.7406242244302493,Shadowing,Shadowing,Shadowing,Shadowing,Shadowing
2023-11-29 13:45:00+08:00,0.13144090126648073,5.146623064506927e-09,5.10220235636915e-08,2.1286374102590377e-08,0.8685590212784986,Shadowing,1,0.8685590987335192,Shadowing,Shadowing,Shadowing,Shadowing,Shadowing
2023-11-29 14:00:00+08:00,0.43171179481244737,1.9274404013629775e-12,2.0161924206254552e-08,1.6047748349047224e-08,0.5682881689759526,Shadowing,1,0.5682882051875526,Normal,Shadowing,Normal,Shadowing,Shadowing
2023-11-29 14:15:00+08:00,0.13037766493660458,4.107390202249269e-12,1.814863993133392e-08,1.4757311482339373e-09,0.869622315434917,Shadowing,1,0.8696223350633954,Shadowing,Shadowing,Shadowing,Shadowing,Shadowing
2023-11-29 14:30:00+08:00,0.19468958454695276,3.072886482817535e-12,1.3533908092508422e-08,1.7709681660771946e-09,0.8053104001450982,Shadowing,1,0.8053104154530473,Normal,Shadowing,Shadowing,Shadowing,Shadowing
2023-11-29 14:45:00+08:00,0.13290213061308506,1.3891583658735824e-12,1.0077105682937906e-08,9.902486864102499e-10,0.8670978583181714,Shadowing,1,0.8670978693869149,Normal,Shadowing,Shadowing,Shadowing,Shadowing
2023-11-29 15:00:00+08:00,0.6620793168943153,3.744007853864654e-11,7.741256869513179e-09,1.936117207094086e-08,0.3379206559658158,Normal,0,0.3379206831056847,Normal,Normal,Normal,Normal,Shadowing
2023-11-29 15:15:00+08:00,0.20475829532055623,2.0530919007452053e-12,6.002514713828093e-09,2.581776020863027e-09,0.7952416960930999,Shadowing,1,0.7952417046794438,Normal,Shadowing,Shadowing,Shadowing,Shadowing
2023-11-29 15:30:00+08:00,0.43964844644658935,6.500701127466261e-12,5.9362861081842304e-09,1.4040795059261284e-08,0.5603515335698288,Shadowing,1,0.5603515535534107,Normal,Shadowing,Shadowing,Shadowing,Shadowing
2023-11-29 15:45:00+08:00,0.7757636492504039,1.0840705408283592e-11,2.6642937156879874e-09,2.351268617483191e-08,0.2242363245617755,Normal,0,0.22423635074959614,Normal,Normal,Normal,Normal,Normal
2023-11-29 16:00:00+08:00,0.783367691953098,6.593472183022437e-12,1.897888562604955e-09,2.3816263790680726e-08,0.21663228232615617,Normal,0,0.21663230804690203,Normal,Normal,Normal,Normal,Normal
2023-11-29 16:15:00+08:00,0.8585239084453147,1.2376257645390749e-11,1.5784367193897246e-09,2.5367096382586e-08,0.14147606459677595,Normal,0,0.14147609155468532,Normal,Normal,Normal,Normal,Normal
2023-11-29 16:30:00+08:00,0.8555861183197322,1.3354937009875198e-11,1.6803045122668582e-09,2.5173727058893708e-08,0.14441385481288121,Normal,0,0.1444138816802678,Normal,Normal,Normal,Normal,Normal
2023-11-29 16:45:00+08:00,0.8726151993313312,1.2007983651217426e-11,1.0611357089056635e-09,4.104487443189859e-08,0.12738475855065062,Normal,0,0.12738480066866875,Normal,Normal,Normal,Normal,Normal
2023-11-29 17:00:00+08:00,0.9445726660229367,2.7592287234489416e-11,6.139424079486397e-10,9.254966081230052e-08,0.05542724078586775,Normal,0,0.05542733397706334,Normal,Normal,Normal,Normal,Normal
2023-11-30 07:30:00+08:00,0.9291183203348587,3.085016322142769e-11,7.059991754790987e-10,9.406709948905281e-08,0.07088158486119243,Normal,0,0.07088167966514125,Normal,Normal,Normal,Normal,Normal
2023-11-30 07:45:00+08:00,0.8879767959723504,1.612696679541543e-11,1.2611236004477857e-09,3.317778962436431e-08,0.11202316957260954,Normal,0,0.11202320402764965,Normal,Normal,Normal,Normal,Normal
2023-11-30 08:00:00+08:00,0.7761494100801405,1.756703192865085e-11,3.3110865233277648e-09,2.2804008725325052e-08,0.22385056378719725,Normal,0,0.2238505899198595,Normal,Normal,Normal,Normal,Normal
2023-11-30 08:15:00+08:00,0.736194615151146,2.9225584633958546e-11,4.94913012789716e-09,2.124071661108372e-08,0.26380535862978166,Normal,0,0.26380538484885396,Normal,Normal,Normal,Normal,Normal
2023-11-30 08:30:00+08:00,0.5442752733352083,1.3562342032700215e-11,7.340168274399417e-09,1.720541393642556e-08,0.45572470210564725,Normal,0,0.4557247266647917,Normal,Normal,Shadowing,Normal,Shadowing
2023-11-30 08:45:00+08:00,0.5980553101156408,3.608585428124806e-11,9.932149024235441e-09,1.797493740724884e-08,0.4019446619411869,Normal,0,0.40194468988435916,Normal,Normal,Shadowing,Normal,Shadowing
2023-11-30 09:00:00+08:00,0.46078492907694796,2.726925506012287e-11,1.2188520738044032e-08,9.217852472922459e-09,0.5392150494894096,Shadowing,1,0.5392150709230521,Normal,Shadowing,Shadowing,Normal,Shadowing
2023-11-30 09:15:00+08:00,0.2119605635091632,2.9387585294491402e-12,1.0051032902556025e-08,2.017549966176325e-09,0.788039424419315,Shadowing,1,0.7880394364908367,Normal,Shadowing,Shadowing,Shadowing,Shadowing
2023-11-30 09:30:00+08:00,0.06691279213990793,1.3581556924560624e-12,1.2504741959543846e-08,5.994425964989696e-10,0.9330871947545493,Shadowing,1,0.933087207860092,Shadowing,Shadowing,Shadowing,Shadowing,Shadowing
2023-11-30 09:45:00+08:00,0.04120542880609722,3.788473225112608e-12,1.3560044522437641e-08,8.41546574266465e-10,0.9587945567885233,Shadowing,1,0.9587945711939028,Shadowing,Shadowing,Shadowing,Shadowing,Shadowing
2023-11-30 10:00:00+08:00,0.06724490837489869,2.8124800209514543e-12,2.1797774133599236e-08,1.7835365724247262e-09,0.9327550680409782,Shadowing,1,0.9327550916251013,Shadowing,Shadowing,Shadowing,Shadowing,Shadowing
2023-11-30 10:15:00+08:00,0.0455044970579701,8.816428483660016e-12,3.003659012475774e-08,5.362245049642908e-10,0.9544954723603988,Shadowing,1,0.9544955029420299,Shadowing,Shadowing,Shadowing,Shadowing,Shadowing
2023-11-30 10:30:00+08:00,0.425354034330387,1.4907656365580091e-12,3.0249149732272145e-08,1.0099165749248032e-08,0.5746459253198067,Shadowing,1,0.574645965669613,Shadowing,Normal,Shadowing,Shadowing,Normal
2023-11-30 10:45:00+08:00,0.1300802535031143,1.6009562429477538e-10,1.5051969186210377e-07,5.577703830390031e-10,0.8699195952593278,Shadowing,1,0.8699197464968857,Shadowing,Shadowing,Shadowing,Shadowing,Shadowing
2023-11-30 11:00:00+08:00,0.20955646308254364,7.021181245416504e-11,9.774397198321653e-08,2.0321937857043013e-09,0.7904434370710789,Shadowing,1,0.7904435369174564,Shadowing,Shadowing,Shadowing,Shadowing,Shadowing
2023-11-30 11:15:00+08:00,0.5359719074986031,2.3000797474442907e-11,6.195860175534735e-08,5.402294406482752e-09,0.46402802511749996,Normal,0,0.46402809250139687,Shadowing,Shadowing,Normal,Shadowing,Normal
2023-11-30 11:30:00+08:00,0.6513797887319128,8.053236678687803e-12,4.611331046439191e-08,7.68064823080823e-09,0.34862015746607533,Normal,0,0.3486202112680872,Shadowing,Shadowing,Normal,Normal,Normal
2023-11-30 11:45:00+08:00,0.26816565031562306,7.41873299143186e-12,6.592455193994893e-08,3.214429902006771e-09,0.7318342805379763,Shadowing,1,0.7318343496843769,Shadowing,Shadowing,Shadowing,Shadowing,Shadowing
2023-11-30 12:00:00+08:00,0.036050522564479034,1.5237163215451256e-08,2.6071658968316985e-08,1.0336823683193388e-08,0.9639494257898751,Shadowing,1,0.963949477435521,Shadowing,Shadowing,Shadowing,Shadowing,Shadowing
2023-11-30 12:15:00+08:00,0.08423555829188457,8.785289770462721e-08,1.8381191234092195e-07,1.4739046137125581e-09,0.9157641685694008,Shadowing,1,0.9157644417081154,Shadowing,Shadowing,Shadowing,Shadowing,Shadowing
2023-11-30 12:30:00+08:00,1.2286549300394659e-05,1.5976149341149563e-06,1.4971392032818621e-06,2.8707334179288877e-11,0.9999846186678548,Shadowing,1,0.9999877134506996,Shadowing,Shadowing,Shadowing,Shadowing,Shadowing
2023-11-30 12:45:00+08:00,0.3754727629279095,1.1760706546869832e-06,4.102739817415271e-06,1.0968742122682987e-11,0.6245219582506496,Shadowing,1,0.6245272370720905,Shadowing,Shadowing,Shadowing,Shadowing,Shadowing
2023-11-30 13:00:00+08:00,0.19661243058505481,0.00019241975188117854,7.2841857065796646e-06,3.4597386751412416e-13,0.8031878654770115,Shadowing,1,0.8033875694149452,Shadowing,Shadowing,Shadowing,Shadowing,Shadowing
2023-11-30 13:15:00+08:00,0.09161130162260545,5.289451409025408e-10,5.5856606188165314e-08,1.2180679533950907e-08,0.9083886298111636,Shadowing,1,0.9083886983773946,Shadowing,Shadowing,Shadowing,Shadowing,Shadowing
2023-11-30 13:30:00+08:00,0.022474158580251327,6.707339458668475e-14,1.3211086988639561e-09,7.848615124362841e-10,0.9775258393137115,Shadowing,1,0.9775258414197486,Shadowing,Shadowing,Shadowing,Shadowing,Shadowing
2023-11-30 13:45:00+08:00,0.30236526371572375,3.4787877572455002e-12,4.4934379710991736e-08,6.418454626477315e-09,0.6976346849279631,Shadowing,1,0.6976347362842763,Shadowing,Shadowing,Shadowing,Shadowing,Shadowing
2023-11-30 14:00:00+08:00,0.09056435996438222,4.5208943038462356e-10,5.463546640393798e-08,1.103550950374821e-08,0.9094355739125526,Shadowing,1,0.9094356400356178,Shadowing,Shadowing,Shadowing,Shadowing,Shadowing
2023-11-30 14:15:00+08:00,0.5711392833844314,1.6354613350636457e-11,5.776525792296841e-08,6.144256642168036e-09,0.4288606526896994,Normal,0,0.42886071661556857,Shadowing,Shadowing,Normal,Shadowing,Normal
2023-11-30 14:30:00+08:00,0.001436033127724819,1.599216604967014e-07,2.2163829428220618e-07,4.442361320190333e-09,0.9985635808699591,Shadowing,1,0.9985639668722752,Shadowing,Shadowing,Shadowing,Shadowing,Shadowing
2023-11-30 14:45:00+08:00,0.33307113130029337,4.535238270843058e-11,8.499756442942267e-08,3.6835600872188904e-09,0.6669287799732297,Shadowing,1,0.6669288686997066,Shadowing,Shadowing,Shadowing,Shadowing,Shadowing
2023-11-30 15:00:00+08:00,0.4373253060799325,1.0111729653343361e-12,1.9837024227914416e-08,1.2932189400122555e-08,0.5626746611498428,Shadowing,1,0.5626746939200675,Shadowing,Shadowing,Shadowing,Shadowing,Normal
2023-11-30 15:15:00+08:00,0.02683262934125389,4.745570083868249e-13,5.037320580492958e-09,8.002304362525586e-10,0.9731673648207206,Shadowing,1,0.9731673706587461,Shadowing,Shadowing,Shadowing,Shadowing,Shadowing
2023-11-30 15:30:00+08:00,0.0572433983952928,4.836897957288549e-13,5.111926949773812e-09,5.681801722779327e-10,0.9427565959241164,Shadowing,1,0.9427566016047072,Shadowing,Shadowing,Shadowing,Shadowing,Shadowing
2023-11-30 15:45:00+08:00,0.440868308226526,1.2465416736445913e-11,9.06110627349686e-09,1.0742009938683276e-08,0.5591316719578924,Shadowing,1,0.559131691773474,Normal,Shadowing,Shadowing,Shadowing,Shadowing
2023-11-30 16:00:00+08:00,0.8107741348491354,4.346538352197823e-11,3.8475718033263595e-09,2.2004494097159806e-08,0.18922583925533337,Normal,0,0.1892258651508646,Normal,Normal,Normal,Normal,Normal
2023-11-30 16:15:00+08:00,0.8979055483279771,2.263579246325874e-11,1.4877746976305579e-09,2.9569472913399464e-08,0.1020944205921396,Normal,0,0.10209445167202291,Normal,Normal,Normal,Normal,Normal
2023-11-30 16:30:00+08:00,0.9437727763593081,3.6376966230161326e-11,7.216303990307593e-10,9.222053840207168e-08,0.05622713066214622,Normal,0,0.05622722364069188,Normal,Normal,Normal,Normal,Normal
2023-11-30 16:45:00+08:00,0.9812054385004145,3.650274043198029e-11,5.693284857127224e-10,6.748201846820356e-08,0.018794493411735842,Normal,0,0.01879456149958547,Normal,Normal,Normal,Normal,Normal
2023-11-30 17:00:00+08:00,0.9993201185913104,4.268523769002822e-12,1.2886035702020668e-10,1.2518033969692209e-08,0.0006798687575266402,Normal,0,0.0006798814086895755,Normal,Normal,Normal,Normal,Normal
2023-12-01 07:30:00+08:00,0.9984881883009162,5.424290545784123e-12,1.51668876821025e-10,2.0376584948542796e-08,0.0015117911654056735,Normal,0,0.001511811699083765,Normal,Normal,Normal,Normal,Normal
2023-12-01 07:45:00+08:00,0.9962441665316313,7.636588920277096e-12,1.9249706229870276e-10,3.342032399616168e-08,0.0037557998479111543,Normal,0,0.003755833468368719,Normal,Normal,Normal,Normal,Normal
2023-12-01 08:00:00+08:00,0.9823942826542303,1.6379216315896462e-11,3.5649421846154576e-10,6.715048588122554e-08,0.017605649822410245,Normal,0,0.017605717345769656,Normal,Normal,Normal,Normal,Normal
2023-12-01 08:15:00+08:00,0.9743997140282943,1.8610098105758498e-11,3.9880333182615563e-10,7.822972048123372e-08,0.025600207324571723,Normal,0,0.025600285971705716,Normal,Normal,Normal,Normal,Normal
2023-12-01 08:30:00+08:00,0.8648441879271378,1.3462423885102706e-11,9.407207555924348e-10,5.643271301241439e-08,0.13515575468596616,Normal,0,0.1351558120728622,Normal,Normal,Normal,Normal,Normal
2023-12-01 08:45:00+08:00,0.7717806748304175,5.185201669958711e-12,1.5973948175535608e-09,2.586146445208859e-08,0.2282192977055381,Normal,0,0.22821932516958254,Normal,Normal,Normal,Normal,Normal
2023-12-01 09:00:00+08:00,0.3725634953644392,1.3551056465620972e-12,1.476690003334077e-09,2.3976382158982617e-08,0.6274364791811335,Shadowing,1,0.6274365046355608,Normal,Shadowing,Shadowing,Shadowing,Shadowing
2023-12-01 09:15:00+08:00,0.21723168671938983,7.04174354101862e-13,1.3528147845317402e-09,1.0207577428263028e-08,0.7827683017195137,Shadowing,1,0.7827683132806101,Normal,Shadowing,Shadowing,Shadowing,Shadowing
2023-12-01 09:30:00+08:00,0.3595360400102309,4.26564547167847e-12,5.345408111790006e-09,1.0681517993339963e-08,0.6404639439585775,Shadowing,1,0.6404639599897691,Normal,Shadowing,Shadowing,Shadowing,Shadowing
2023-12-01 09:45:00+08:00,0.1320734838655757,1.7402743838200837e-10,4.5789231694981075e-08,5.185917934943392e-09,0.8679264649852472,Shadowing,1,0.8679265161344243,Shadowing,Shadowing,Shadowing,Shadowing,Shadowing
2023-12-01 10:00:00+08:00,0.32230543319190075,9.428915611151815e-11,3.234801957588113e-08,1.0084160530929025e-08,0.67769452428163,Shadowing,1,0.6776945668080993,Normal,Shadowing,Shadowing,Shadowing,Shadowing
2023-12-01 10:15:00+08:00,0.28889025711206834,1.0445220148768427e-10,3.670537925628527e-08,1.0029608264359137e-08,0.7111096960484918,Shadowing,1,0.7111097428879316,Normal,Shadowing,Shadowing,Shadowing,Shadowing
2023-12-01 10:30:00+08:00,0.01116482410378088,9.328365216464259e-09,3.365443657131989e-08,2.1381499231534995e-11,0.988835132892036,Shadowing,1,0.9888351758962192,Shadowing,Shadowing,Shadowing,Shadowing,Shadowing
2023-12-01 10:45:00+08:00,0.5666644765519651,4.027455690163472e-12,4.521734229871609e-08,9.071026226724337e-09,0.433335469155639,Normal,0,0.43333552344803494,Shadowing,Shadowing,Normal,Normal,Normal
2023-12-01 11:00:00+08:00,0.029044180555541976,4.7401644856783014e-11,3.723131131597326e-08,7.32769990235373e-11,0.9709557820924679,Shadowing,1,0.9709558194444581,Shadowing,Shadowing,Shadowing,Shadowing,Shadowing
2023-12-01 11:15:00+08:00,0.008792331376253557,2.009327489052073e-11,1.1731781929802884e-08,2.240401202500697e-10,0.9912076566478312,Shadowing,1,0.9912076686237464,Shadowing,Shadowing,Shadowing,Shadowing,Shadowing
2023-12-01 11:30:00+08:00,0.30604559346685883,3.5651983090153566e-10,5.098079317425747e-08,1.6006425295641333e-08,0.6939543391894029,Shadowing,1,0.6939544065331411,Normal,Shadowing,Shadowing,Shadowing,Shadowing
2023-12-01 11:45:00+08:00,0.6036867801785124,1.2598341610489008e-11,4.554780156739895e-08,8.477506792677226e-09,0.3963131657835809,Normal,0,0.3963132198214876,Shadowing,Shadowing,Normal,Shadowing,Normal
2023-12-01 12:00:00+08:00,0.3959884528368999,1.5100734635663405e-07,1.7774962375247934e-06,5.49543569217826e-11,0.604009618604562,Shadowing,1,0.6040115471631001,Shadowing,Shadowing,Normal,Shadowing,Shadowing
2023-12-01 12:15:00+08:00,0.7893994587343841,1.0226740968067573e-05,9.880722098561538e-05,3.008463130565966e-14,0.21049150730363214,Normal,0,0.2106005412656159,Normal,Normal,Normal,Normal,Normal
2023-12-01 12:30:00+08:00,0.7159001593068197,0.020635315895283828,0.028961512342575085,1.4144418224213125e-12,0.234503012453907,Normal,0,0.2840998406931803,Normal,Normal,Normal,Normal,Normal
2023-12-01 12:45:00+08:00,0.2897503944391611,1.7623775878420106e-05,1.8154398147181913e-05,5.888100709767035e-11,0.7102138273279323,Shadowing,1,0.7102496055608389,Shadowing,Normal,Shadowing,Shadowing,Shadowing
2023-12-01 13:00:00+08:00,0.004860722373233023,2.0394785999488275e-07,4.266342332703034e-08,5.337493391689777e-09,0.9951390256779902,Shadowing,1,0.995139277626767,Shadowing,Shadowing,Shadowing,Shadowing,Shadowing
2023-12-01 13:15:00+08:00,8.520929474973656e-05,2.2231222454478175e-08,1.175886330262804e-07,1.4733609256663606e-09,0.9999146494120339,Shadowing,1,0.9999147907052502,Shadowing,Shadowing,Shadowing,Shadowing,Shadowing
2023-12-01 13:30:00+08:00,3.3943129870679507e-06,2.3297173424981763e-05,1.4093446307361106e-05,9.090169628302645e-09,0.9999592059771109,Shadowing,1,0.999996605687013,Shadowing,Shadowing,Shadowing,Shadowing,Shadowing
2023-12-01 13:45:00+08:00,0.009149318757589535,2.2411198842050201e-07,4.572640128036385e-08,3.7333176421199555e-09,0.9908504076707032,Shadowing,1,0.9908506812424105,Shadowing,Shadowing,Shadowing,Shadowing,Shadowing
2023-12-01 14:00:00+08:00,3.240050295197516e-05,8.41426718650774e-06,8.447757907904599e-09,1.110851867413485e-16,0.9999591767821034,Shadowing,1,0.999967599497048,Shadowing,Shadowing,Shadowing,Shadowing,Shadowing
2023-12-01 14:15:00+08:00,0.2093687246926112,1.2329620707513016e-09,1.811008219113702e-07,2.414966058976057e-09,0.7906310905586387,Shadowing,1,0.7906312753073887,Shadowing,Shadowing,Shadowing,Shadowing,Shadowing
2023-12-01 14:30:00+08:00,0.0010991322291208335,1.6767040251699536e-08,2.7703156834769204e-08,8.199890197477065e-09,0.9989008151007919,Shadowing,1,0.9989008677708792,Shadowing,Shadowing,Shadowing,Shadowing,Shadowing
2023-12-01 14:45:00+08:00,0.0030066715669763403,9.917348010417977e-10,1.362409995765055e-09,1.8303770617757278e-09,0.9969933242485018,Shadowing,1,0.9969933284330237,Shadowing,Shadowing,Shadowing,Shadowing,Shadowing
2023-12-01 15:00:00+08:00,0.003097186863478871,1.6356011455524377e-10,8.06602027314235e-10,1.7356510458286376e-09,0.996902810430708,Shadowing,1,0.9969028131365212,Shadowing,Shadowing,Shadowing,Shadowing,Shadowing
2023-12-01 15:15:00+08:00,0.011540286929522326,1.9653405637596576e-12,1.1380949369499363e-09,1.5538566787546936e-09,0.9884597103765607,Shadowing,1,0.9884597130704776,Shadowing,Shadowing,Shadowing,Shadowing,Shadowing
2023-12-01 15:30:00+08:00,0.046350619400847726,1.1671806275521135e-12,1.0677345021208776e-08,4.840055824493904e-10,0.9536493694366344,Shadowing,1,0.9536493805991523,Shadowing,Shadowing,Shadowing,Shadowing,Shadowing
2023-12-01 15:45:00+08:00,0.0005682152387286742,1.1809913073012398e-06,5.212167482717348e-08,1.6894974428740172e-11,0.9994305516313942,Shadowing,1,0.9994317847612714,Shadowing,Shadowing,Shadowing,Shadowing,Shadowing
2023-12-01 16:00:00+08:00,0.8596584748482592,2.845039241451225e-10,3.151256432183107e-09,2.502005400621767e-08,0.1403414966959265,Normal,0,0.1403415251517408,Normal,Normal,Normal,Normal,Normal
2023-12-01 16:15:00+08:00,0.04226360982085602,8.985774576565604e-08,1.1897247223598695e-07,7.079833581255727e-10,0.9577361806409428,Shadowing,1,0.957736390179144,Shadowing,Shadowing,Shadowing,Shadowing,Shadowing
2023-12-01 16:30:00+08:00,0.8886407503996775,8.16459423562884e-11,1.5046514073002285e-09,5.612873551850917e-08,0.11135919188528964,Normal,0,0.11135924960032251,Normal,Normal,Normal,Normal,Normal
2023-12-01 16:45:00+08:00,0.969313622006808,2.983579024421869e-11,5.434574118531828e-10,8.488299451356101e-08,0.030686292536904296,Normal,0,0.03068637799319196,Normal,Normal,Normal,Normal,Normal
2023-12-01 17:00:00+08:00,0.9505618779603928,2.9633014823365074e-11,6.159201996623175e-10,9.139212709385961e-08,0.04943803000192691,Normal,0,0.04943812203960718,Normal,Normal,Normal,Normal,Normal
2023-12-02 07:30:00+08:00,0.942103975556809,2.986799262908103e-11,6.534163751832305e-10,9.260120526295837e-08,0.057895931158701244,Normal,0,0.057896024443190974,Normal,Normal,Normal,Normal,Normal
2023-12-02 07:45:00+08:00,0.8857435598996697,2.0002543694251722e-11,1.139701236747192e-09,4.9522187389611024e-08,0.11425638941843921,Normal,0,0.11425644010033031,Normal,Normal,Normal,Normal,Normal
2023-12-02 08:00:00+08:00,0.8397614265586197,2.8844212484789563e-11,2.645736641827189e-09,2.288434238418424e-08,0.160238547882457,Normal,0,0.16023857344138026,Normal,Normal,Normal,Normal,Normal
2023-12-02 08:15:00+08:00,0.7688088933186596,4.353622550369872e-11,4.86709563965425e-09,2.120900764533585e-08,0.23119108056170087,Normal,0,0.23119110668134035,Normal,Normal,Normal,Normal,Normal
2023-12-02 08:30:00+08:00,0.6500516909567129,4.212368326710375e-11,8.421410367698938e-09,1.8866692858032736e-08,0.34994828171306025,Normal,0,0.3499483090432871,Normal,Normal,Normal,Normal,Shadowing
2023-12-02 08:45:00+08:00,0.5561117843573797,5.306668567158454e-11,1.2014129828821118e-08,1.5067838700285837e-08,0.44388818850758505,Normal,0,0.44388821564262027,Normal,Normal,Shadowing,Normal,Shadowing
2023-12-02 09:00:00+08:00,0.26814194288689397,1.4414755662652324e-11,1.872627015044639e-08,4.078770652431979e-09,0.7318580342936504,Shadowing,1,0.731858057113106,Normal,Shadowing,Shadowing,Shadowing,Shadowing
2023-12-02 09:15:00+08:00,0.07868016973173139,4.3789435662230625e-13,3.696052919896884e-09,7.183176098263689e-10,0.9213198258534602,Shadowing,1,0.9213198302682686,Shadowing,Shadowing,Shadowing,Shadowing,Shadowing
2023-12-02 09:30:00+08:00,0.02040249501865782,2.250520635589839e-09,1.4063385897900624e-08,4.860000094834027e-09,0.9795974838074354,Shadowing,1,0.9795975049813421,Shadowing,Shadowing,Shadowing,Shadowing,Shadowing
2023-12-02 09:45:00+08:00,0.3910455630048396,4.6789252887120545e-11,7.317609609601996e-08,6.085202764135532e-09,0.6089543576870722,Shadowing,1,0.6089544369951604,Shadowing,Shadowing,Normal,Shadowing,Normal
2023-12-02 10:00:00+08:00,0.20000378886673312,6.15748811612339e-11,3.635805106618603e-08,6.665984465079274e-09,0.7999961680476564,Shadowing,1,0.7999962111332669,Shadowing,Shadowing,Shadowing,Shadowing,Shadowing
2023-12-02 10:15:00+08:00,0.04469845590591423,7.461763074014649e-11,2.8350731219255078e-08,1.7849216458088504e-09,0.9553015138838152,Shadowing,1,0.9553015440940857,Shadowing,Shadowing,Shadowing,Shadowing,Shadowing
2023-12-02 10:30:00+08:00,0.005359877651674465,6.857630409177667e-11,1.398938747223194e-08,3.6161039478569654e-11,0.9946401082542007,Shadowing,1,0.9946401223483256,Shadowing,Shadowing,Shadowing,Shadowing,Shadowing
2023-12-02 10:45:00+08:00,0.10191294605991896,7.0656237977686214e-12,4.435758709286679e-08,1.4953322376333425e-09,0.898087008080096,Shadowing,1,0.898087053940081,Shadowing,Shadowing,Shadowing,Shadowing,Shadowing
2023-12-02 11:00:00+08:00,0.037397754306769906,3.4834110001515814e-12,1.7089341055737287e-08,9.501282662326885e-10,0.9626022276502774,Shadowing,1,0.96260224569323,Shadowing,Shadowing,Shadowing,Shadowing,Shadowing
2023-12-02 11:15:00+08:00,0.015445006381304796,2.4327301419920782e-11,2.1300292795203007e-08,9.111998374459967e-11,0.9845549722029551,Shadowing,1,0.9845549936186953,Shadowing,Shadowing,Shadowing,Shadowing,Shadowing
2023-12-02 11:30:00+08:00,0.1305867796533156,9.008578579098864e-10,6.3337125516125e-08,2.8403580841682632e-09,0.8694131532683429,Shadowing,1,0.8694132203466844,Shadowing,Shadowing,Shadowing,Shadowing,Shadowing
2023-12-02 11:45:00+08:00,0.28834865033431434,1.1845599192257698e-11,1.5413664320512662e-08,4.103870909547807e-09,0.7116513301363048,Shadowing,1,0.7116513496656857,Normal,Shadowing,Shadowing,Shadowing,Shadowing
2023-12-02 12:00:00+08:00,0.36247377573136397,1.3215877962581255e-11,1.1612216625823731e-08,5.71369472390817e-09,0.6375262069295088,Shadowing,1,0.637526224268636,Normal,Shadowing,Shadowing,Shadowing,Shadowing
2023-12-02 12:15:00+08:00,0.30277661869711386,3.4652925779638374e-12,5.516775166236576e-09,7.429795349805387e-09,0.6972233683528503,Shadowing,1,0.6972233813028861,Normal,Shadowing,Shadowing,Shadowing,Shadowing
2023-12-02 12:30:00+08:00,0.31438410147385804,1.493017719496636e-11,1.53550021473635e-08,4.795474586060979e-09,0.685615878360735,Shadowing,1,0.685615898526142,Normal,Shadowing,Shadowing,Shadowing,Shadowing
2023-12-02 12:45:00+08:00,0.03968193401412172,1.009711438474947e-12,9.801431235320034e-09,1.2121318990598704e-09,0.9603180549713054,Shadowing,1,0.9603180659858783,Shadowing,Shadowing,Shadowing,Shadowing,Shadowing
2023-12-02 13:00:00+08:00,0.044416508018485165,1.4454872136801894e-12,1.1752983171556161e-08,5.014819250068359e-10,0.9555834797256042,Shadowing,1,0.9555834919815148,Shadowing,Shadowing,Shadowing,Shadowing,Shadowing
2023-12-02 13:15:00+08:00,0.06750133301274854,2.2882841406191947e-12,1.4826912901167823e-08,7.444278990912234e-10,0.9324986514136224,Shadowing,1,0.9324986669872515,Shadowing,Shadowing,Shadowing,Shadowing,Shadowing
2023-12-02 13:30:00+08:00,0.17533517709480753,3.932288945582306e-12,1.6360161915004347e-08,1.7695222131716636e-09,0.8246648047715761,Shadowing,1,0.8246648229051925,Normal,Shadowing,Shadowing,Shadowing,Shadowing
2023-12-02 13:45:00+08:00,0.021107422160861873,5.88247846788847e-13,5.439309095391488e-09,3.5310540781620095e-10,0.9788925720461353,Shadowing,1,0.9788925778391381,Shadowing,Shadowing,Shadowing,Shadowing,Shadowing
2023-12-02 14:00:00+08:00,0.032112464361641314,7.449804830581146e-13,7.305140020007084e-09,8.895739040046676e-10,0.9678875274428999,Shadowing,1,0.9678875356383587,Shadowing,Shadowing,Shadowing,Shadowing,Shadowing
2023-12-02 14:15:00+08:00,0.05565273289899566,2.5926758721968063e-12,1.4185027833922022e-08,7.223580375417231e-10,0.9443472521910259,Shadowing,1,0.9443472671010044,Shadowing,Shadowing,Shadowing,Shadowing,Shadowing
2023-12-02 14:30:00+08:00,0.27663492700653675,9.236265660381168e-12,1.4173922374428992e-08,3.680835072257769e-09,0.7233650551294695,Shadowing,1,0.7233650729934633,Normal,Shadowing,Shadowing,Shadowing,Shadowing
2023-12-02 14:45:00+08:00,0.2416409307912221,3.356828367361803e-12,7.507549490741097e-09,2.8547591843858525e-09,0.7583590588431124,Shadowing,1,0.7583590692087779,Normal,Shadowing,Shadowing,Shadowing,Shadowing
2023-12-02 15:00:00+08:00,0.4602349574242819,8.26389047332043e-12,6.672069960377517e-09,1.4123705574783528e-08,0.5397650217716787,Shadowing,1,0.5397650425757181,Normal,Shadowing,Shadowing,Shadowing,Shadowing
2023-12-02 15:15:00+08:00,0.6339368166741605,1.7081735980836517e-11,6.611710494590477e-09,2.1236852923928626e-08,0.3660631554601944,Normal,0,0.36606318332583954,Normal,Normal,Shadowing,Normal,Shadowing
2023-12-02 15:30:00+08:00,0.6446425883299195,1.841824602453349e-11,6.6705177151237095e-09,2.1253584042518744e-08,0.35535738372756054,Normal,0,0.3553574116700805,Normal,Normal,Shadowing,Normal,Shadowing
2023-12-02 15:45:00+08:00,0.7504944113946224,1.2067126133813139e-11,3.2551912492382533e-09,2.3292467625241682e-08,0.2495055620456516,Normal,0,0.24950558860537764,Normal,Normal,Normal,Normal,Normal
2023-12-02 16:00:00+08:00,0.0003311212679160177,1.4107968897768636e-06,3.796832628936127e-08,1.2758986001070368e-11,0.9996674299541091,Shadowing,1,0.999668878732084,Shadowing,Shadowing,Shadowing,Shadowing,Shadowing
2023-12-02 16:15:00+08:00,0.0010846391438005072,3.7514559630755653e-07,6.141596157384848e-08,1.0489968305350132e-10,0.9989149241897419,Shadowing,1,0.9989153608561995,Shadowing,Shadowing,Shadowing,Shadowing,Shadowing
2023-12-02 16:30:00+08:00,0.8346649980520763,3.786163722028718e-10,2.4372252861155e-09,4.5777333714504303e-08,0.16533495335474835,Normal,0,0.16533500194792372,Normal,Normal,Normal,Normal,Normal
2023-12-02 16:45:00+08:00,0.9359394260720663,2.965148072147601e-11,6.743755249889546e-10,9.334887941073967e-08,0.06406047987502715,Normal,0,0.06406057392793374,Normal,Normal,Normal,Normal,Normal
2023-12-02 17:00:00+08:00,0.9857054988351814,1.825525802248326e-11,3.8059138181290246e-10,6.160712762646139e-08,0.014294439158844357,Normal,0,0.014294501164818563,Normal,Normal,Normal,Normal,Normal
2023-12-03 07:30:00+08:00,0.993810091244149,1.3039901489847903e-11,2.8934816414136965e-10,4.258666949474453e-08,0.006189865866793562,Normal,0,0.006189908755851015,Normal,Normal,Normal,Normal,Normal
2023-12-03 07:45:00+08:00,0.8754243407615562,3.085035498267696e-11,8.439048986592044e-10,9.722585828016588e-08,0.12457556113783028,Normal,0,0.12457565923844383,Normal,Normal,Normal,Normal,Normal
2023-12-03 08:00:00+08:00,0.8419179458442446,1.0223000864828894e-11,8.061424053469234e-10,6.35541825150368e-08,0.1580819897852074,Normal,0,0.15808205415575538,Normal,Normal,Normal,Normal,Normal
2023-12-03 08:15:00+08:00,0.8508150638689702,8.732080643981714e-12,9.192097071020125e-10,4.7272489328080916e-08,0.14918488793059853,Normal,0,0.1491849361310298,Normal,Normal,Normal,Normal,Normal
2023-12-03 08:30:00+08:00,0.831098755983452,6.896843065479593e-12,1.2117398014576177e-09,3.2309445178286315e-08,0.16890121048846624,Normal,0,0.16890124401654805,Normal,Normal,Normal,Normal,Normal
2023-12-03 08:45:00+08:00,0.7756841000428374,2.0284421567616247e-11,3.512237763871576e-09,2.2523690434245672e-08,0.22431587390094995,Normal,0,0.2243158999571626,Normal,Normal,Normal,Normal,Normal
2023-12-03 09:00:00+08:00,0.7580782383663351,3.929582946219807e-11,4.958446869464046e-09,2.1171410185390048e-08,0.241921735464512,Normal,0,0.24192176163366486,Normal,Normal,Normal,Normal,Normal
2023-12-03 09:15:00+08:00,0.7161710412574575,2.4762551206416233e-11,5.1715857379351136e-09,2.1367958882307624e-08,0.28382893217823535,Normal,0,0.28382895874254255,Normal,Normal,Normal,Normal,Normal
2023-12-03 09:30:00+08:00,0.2805245291217069,3.3228592857065725e-12,5.877590527654729e-09,5.916061669119294e-09,0.7194754590813182,Shadowing,1,0.7194754708782931,Normal,Shadowing,Shadowing,Shadowing,Shadowing
2023-12-03 09:45:00+08:00,0.41253965250233887,2.4721744916370675e-11,1.3331691084330991e-08,7.3189799480668875e-09,0.5874603268222683,Shadowing,1,0.5874603474976612,Normal,Shadowing,Shadowing,Shadowing,Shadowing
2023-12-03 10:00:00+08:00,0.6077686603915748,3.06725750251887e-11,9.22670950815226e-09,1.8814715501967744e-08,0.3922313115363276,Normal,0,0.39223133960842516,Normal,Normal,Shadowing,Normal,Shadowing
2023-12-03 10:15:00+08:00,0.31365722149983194,1.5150909630489392e-11,1.5570665738195894e-08,4.797035442290416e-09,0.6863427581173159,Shadowing,1,0.6863427785001681,Normal,Shadowing,Shadowing,Shadowing,Shadowing
2023-12-03 10:30:00+08:00,0.14327896688187908,9.91921645563783e-12,2.268497432111948e-08,2.332950879043037e-09,0.8567210080902766,Shadowing,1,0.856721033118121,Shadowing,Shadowing,Shadowing,Shadowing,Shadowing
2023-12-03 10:45:00+08:00,0.37288536982301296,3.6141481713134584e-11,4.425667005859224e-08,1.5606082666366597e-08,0.6271145702780928,Shadowing,1,0.627114630176987,Shadowing,Shadowing,Shadowing,Shadowing,Normal
2023-12-03 11:00:00+08:00,0.03395264909714388,3.4929735046062016e-11,3.822840660019489e-08,1.0213589479168732e-10,0.9660473125373837,Shadowing,1,0.9660473509028561,Shadowing,Shadowing,Shadowing,Shadowing,Shadowing
2023-12-03 11:15:00+08:00,0.34983260034528746,9.622476538452573e-12,7.212237976316049e-08,3.5677040036682007e-09,0.6501673239550063,Shadowing,1,0.6501673996547126,Shadowing,Shadowing,Shadowing,Shadowing,Shadowing
2023-12-03 11:30:00+08:00,0.01823423018962999,2.565179917486792e-10,7.831437124422562e-09,1.670760274917654e-09,0.9817657600516547,Shadowing,1,0.98176576981037,Shadowing,Shadowing,Shadowing,Shadowing,Shadowing
2023-12-03 11:45:00+08:00,1.941073002073067e-06,3.065230133210375e-05,9.651979733992846e-06,2.7615413305756153e-10,0.9999577543697777,Shadowing,1,0.9999980589269979,Shadowing,Shadowing,Shadowing,Shadowing,Shadowing
2023-12-03 12:00:00+08:00,0.13767047168802943,3.671589591070047e-10,6.805087805871258e-08,1.381763917241026e-08,0.8623294460762946,Shadowing,1,0.8623295283119705,Shadowing,Shadowing,Shadowing,Shadowing,Shadowing
2023-12-03 12:15:00+08:00,0.024432823542315643,2.2518116421590234e-07,3.423609762718202e-07,5.246820367195443e-10,0.9755666083908618,Shadowing,1,0.9755671764576843,Shadowing,Shadowing,Shadowing,Shadowing,Shadowing
2023-12-03 12:30:00+08:00,7.453176711383076e-05,1.7834209545795818e-07,2.7664824813813056e-07,1.978239662958111e-09,0.9999250112643029,Shadowing,1,0.9999254682328862,Shadowing,Shadowing,Shadowing,Shadowing,Shadowing
2023-12-03 12:45:00+08:00,1.1895212005878085e-05,1.370256994721177e-05,6.356276412799505e-06,4.5633533301269634e-12,0.9999680459370707,Shadowing,1,0.9999881047879942,Shadowing,Shadowing,Shadowing,Shadowing,Shadowing
2023-12-03 13:00:00+08:00,6.659086240985045e-05,1.9109223518533664e-07,4.3866578450577576e-07,1.2047630343813875e-09,0.9999327781748075,Shadowing,1,0.9999334091375901,Shadowing,Shadowing,Shadowing,Shadowing,Shadowing
2023-12-03 13:15:00+08:00,0.0018549208522176837,6.652467177352031e-08,5.5565396819197276e-08,7.247405810830948e-09,0.9981449498103079,Shadowing,1,0.9981450791477823,Shadowing,Shadowing,Shadowing,Shadowing,Shadowing
2023-12-03 13:30:00+08:00,0.2017284585570221,9.128852139818985e-10,9.348408166001876e-08,1.4263075283373265e-08,0.7982714327829357,Shadowing,1,0.798271541442978,Shadowing,Shadowing,Shadowing,Shadowing,Shadowing
2023-12-03 13:45:00+08:00,0.4352978298960347,3.939590024342577e-11,7.134519862877431e-08,5.438249437076734e-09,0.5647020932811212,Shadowing,1,0.5647021701039653,Shadowing,Shadowing,Normal,Shadowing,Normal
2023-12-03 14:00:00+08:00,0.14714089072449227,3.771210975644269e-10,7.119878014395707e-08,1.350566090029636e-08,0.8528590241939457,Shadowing,1,0.8528591092755078,Shadowing,Shadowing,Shadowing,Shadowing,Shadowing
2023-12-03 14:15:00+08:00,0.3522039072884666,5.175876280117213e-12,5.73607343823972e-08,5.791722546606255e-09,0.6477960295539006,Shadowing,1,0.6477960927115334,Shadowing,Shadowing,Shadowing,Shadowing,Shadowing
2023-12-03 14:30:00+08:00,0.0487342964252123,3.88260751703473e-12,2.2070578836490346e-08,1.1840550775186422e-09,0.9512656803162711,Shadowing,1,0.9512657035747877,Shadowing,Shadowing,Shadowing,Shadowing,Shadowing
2023-12-03 14:45:00+08:00,0.08303964159227194,4.165739867306332e-12,1.7348200477532084e-08,1.1722836559135162e-09,0.9169603398830782,Shadowing,1,0.916960358407728,Shadowing,Shadowing,Shadowing,Shadowing,Shadowing
2023-12-03 15:00:00+08:00,0.3540980052580488,1.3373112717995057e-11,1.1894486402394463e-08,5.538629698132642e-09,0.6459019772954621,Shadowing,1,0.6459019947419512,Normal,Shadowing,Shadowing,Shadowing,Shadowing
2023-12-03 15:15:00+08:00,0.5473194986890447,1.7396155671247015e-11,8.413113591158727e-09,1.617243258606565e-08,0.45268047670801304,Normal,0,0.4526805013109553,Normal,Normal,Shadowing,Normal,Shadowing
2023-12-03 15:30:00+08:00,0.7207353379996898,2.8070510173321112e-11,5.27582083699822e-09,2.1085553764878865e-08,0.27926463561086506,Normal,0,0.2792646620003102,Normal,Normal,Normal,Normal,Normal
2023-12-03 15:45:00+08:00,0.676144896202411,4.0271784204205725e-11,7.3613749086571665e-09,1.9532534249265554e-08,0.3238550768634081,Normal,0,0.323855103797589,Normal,Normal,Normal,Normal,Shadowing
2023-12-03 16:00:00+08:00,0.8161585693689126,1.9416073815759727e-11,2.6850040147486313e-09,2.283831896544281e-08,0.18384140508834843,Normal,0,0.18384143063108738,Normal,Normal,Normal,Normal,Normal
2023-12-03 16:15:00+08:00,0.8392937072616515,1.0218486115907339e-11,1.6465231741593078e-09,2.489013651344152e-08,0.16070626619147013,Normal,0,0.16070629273834847,Normal,Normal,Normal,Normal,Normal
2023-12-03 16:30:00+08:00,0.8656362672159252,1.1436235280773832e-11,9.829261934873254e-10,4.709561201643709e-08,0.13436368469410037,Normal,0,0.13436373278407476,Normal,Normal,Normal,Normal,Normal
2023-12-03 16:45:00+08:00,0.876909883879272,1.2388918837636412e-11,1.1525783227394145e-09,3.516977859191635e-08,0.12309007978598205,Normal,0,0.12309011612072795,Normal,Normal,Normal,Normal,Normal
2023-12-03 17:00:00+08:00,0.9001634552241959,3.068880058501296e-11,7.642860981627094e-10,9.615493704142383e-08,0.09983644782589216,Normal,0,0.09983654477580406,Normal,Normal,Normal,Normal,Normal
2023-12-04 07:30:00+08:00,0.9963590671429966,1.006452361106636e-11,2.360843686116233e-10,3.3205468308601e-08,0.0036408994053861348,Normal,0,0.0036409328570033983,Normal,Normal,Normal,Normal,Normal
2023-12-04 07:45:00+08:00,0.9958768980887435,1.029435967414151e-11,2.4124258169358567e-10,3.517012864397259e-08,0.004123066489591043,Normal,0,0.004123101911256533,Normal,Normal,Normal,Normal,Normal
2023-12-04 08:00:00+08:00,0.9489937676456339,3.4191312824324424e-11,6.757990099183112e-10,9.146043688685017e-08,0.05100614018393884,Normal,0,0.05100623235436608,Normal,Normal,Normal,Normal,Normal
2023-12-04 08:15:00+08:00,0.9001706534622258,2.571519732368664e-11,1.6193490927375483e-09,2.743873895775658e-08,0.09982931745397086,Normal,0,0.0998293465377742,Normal,Normal,Normal,Normal,Normal
2023-12-04 08:30:00+08:00,0.8969897433846029,2.144520065432825e-11,1.3250109737640504e-09,3.5190654099222686e-08,0.10301022007828689,Normal,0,0.10301025661539709,Normal,Normal,Normal,Normal,Normal
2023-12-04 08:45:00+08:00,0.7885752005270293,5.6354013176484565e-12,1.5518207419455066e-09,2.5927900130223342e-08,0.2114247719876144,Normal,0,0.21142479947297066,Normal,Normal,Normal,Normal,Normal
2023-12-04 09:00:00+08:00,0.7502267553389877,3.633969281349752e-12,1.009296064007765e-09,3.899622700994817e-08,0.24977320465185512,Normal,0,0.24977324466101225,Normal,Normal,Normal,Normal,Normal
2023-12-04 09:15:00+08:00,0.7615786774343795,1.5066293885540497e-10,6.719871593136843e-09,1.9304002968591876e-08,0.238421296391083,Normal,0,0.23842132256562054,Normal,Normal,Normal,Normal,Shadowing
2023-12-04 09:30:00+08:00,0.03342021533526361,3.335063861436158e-12,1.203773728939995e-08,6.936710554616945e-10,0.9665797719299929,Shadowing,1,0.9665797846647364,Shadowing,Shadowing,Shadowing,Shadowing,Shadowing
2023-12-04 09:45:00+08:00,0.2691103845163068,3.2875118933926508e-12,4.2133151515235004e-08,5.922958267641746e-09,0.7308895674242959,Shadowing,1,0.7308896154836932,Shadowing,Shadowing,Shadowing,Shadowing,Shadowing
2023-12-04 10:00:00+08:00,0.25090039165012745,3.402357918650169e-11,1.0847701820765415e-07,9.563971187869733e-10,0.7490994988824337,Shadowing,1,0.7490996083498725,Shadowing,Shadowing,Shadowing,Shadowing,Shadowing
2023-12-04 10:15:00+08:00,0.02075143130603781,9.380539804835016e-10,3.0054144874629484e-08,2.7614006231668753e-10,0.9792485374256235,Shadowing,1,0.9792485686939622,Shadowing,Shadowing,Shadowing,Shadowing,Shadowing
2023-12-04 10:30:00+08:00,1.3865107319520567e-05,6.7608368319033175e-06,5.0421679197809295e-09,2.925945902489139e-16,0.9999793690136803,Shadowing,1,0.9999861348926805,Shadowing,Shadowing,Shadowing,Shadowing,Shadowing
2023-12-04 10:45:00+08:00,0.019535693245412943,4.946093823071238e-12,1.1889044576445553e-08,5.199289337936942e-10,0.9804642943406675,Shadowing,1,0.9804643067545871,Shadowing,Shadowing,Shadowing,Shadowing,Shadowing
2023-12-04 11:00:00+08:00,0.47836305885567365,4.400147087489314e-12,5.0518619071193124e-08,8.295697466952195e-09,0.5216368823256097,Shadowing,1,0.5216369411443263,Shadowing,Shadowing,Normal,Shadowing,Normal
2023-12-04 11:15:00+08:00,0.3836048869060614,1.811527121996358e-11,8.087227065520606e-08,3.202552970620579e-09,0.6163950290009996,Shadowing,1,0.6163951130939386,Shadowing,Shadowing,Normal,Shadowing,Shadowing
2023-12-04 11:30:00+08:00,0.12661007382078965,3.084578720098724e-10,6.419053027918877e-08,1.225077476792942e-08,0.8733898494294474,Shadowing,1,0.8733899261792104,Shadowing,Shadowing,Shadowing,Shadowing,Shadowing
2023-12-04 11:45:00+08:00,0.006448426351286519,2.895900949238096e-07,2.776400274901867e-07,8.344865164268467e-10,0.9935510055841045,Shadowing,1,0.9935515736487135,Shadowing,Shadowing,Shadowing,Shadowing,Shadowing
2023-12-04 12:00:00+08:00,2.5341768984809115e-06,6.415979536555675e-05,2.21568223923498e-05,5.304649928028616e-09,0.9999111439006937,Shadowing,1,0.9999974658231016,Shadowing,Shadowing,Shadowing,Shadowing,Shadowing
2023-12-04 12:15:00+08:00,2.2267646803711133e-06,0.00020273381952997275,4.793716535946079e-05,9.092543238509667e-09,0.9997470931578869,Shadowing,1,0.9999977732353196,Shadowing,Shadowing,Shadowing,Shadowing,Shadowing
2023-12-04 12:30:00+08:00,3.1608510637870623e-06,1.888799169175915e-05,1.1256454308904527e-05,4.647547250313301e-09,0.9999666900553883,Shadowing,1,0.9999968391489362,Shadowing,Shadowing,Shadowing,Shadowing,Shadowing
2023-12-04 12:45:00+08:00,5.032082713176576e-06,7.835913600436359e-07,2.1967531104728166e-06,6.492377991947209e-10,0.9999919869235784,Shadowing,1,0.9999949679172868,Shadowing,Shadowing,Shadowing,Shadowing,Shadowing
2023-12-04 13:00:00+08:00,9.962878656806771e-06,2.680987187801789e-07,4.1396723305052945e-07,8.594862901254627e-10,0.9999893541959052,Shadowing,1,0.9999900371213432,Shadowing,Shadowing,Shadowing,Shadowing,Shadowing
2023-12-04 13:15:00+08:00,4.15703751382128e-07,3.3357744205739675e-08,8.53521698111746e-07,2.5867643520200115e-09,0.9999986948300419,Shadowing,1,0.9999995842962486,Shadowing,Shadowing,Shadowing,Shadowing,Shadowing
2023-12-04 13:30:00+08:00,0.0011685365621387515,3.200584560326427e-11,1.0051517836216685e-10,1.234880590849722e-09,0.9988314620704598,Shadowing,1,0.9988314634378612,Shadowing,Shadowing,Shadowing,Shadowing,Shadowing
2023-12-04 13:45:00+08:00,0.693178629419188,2.0658097889747714e-11,5.552885834160799e-09,2.1518833932687773e-08,0.3068213434884342,Normal,0,0.30682137058081205,Normal,Normal,Normal,Normal,Normal
2023-12-04 14:00:00+08:00,0.7579126942744712,6.807444825404688e-12,2.265812541769084e-09,2.391097109321083e-08,0.24208727954193782,Normal,0,0.24208730572552883,Normal,Normal,Normal,Normal,Normal
2023-12-04 14:15:00+08:00,0.5771488568169495,1.1350131481525801e-10,1.2277900443855207e-08,1.542324761306922e-08,0.42285111536840125,Normal,0,0.4228511431830505,Normal,Normal,Normal,Normal,Shadowing
2023-12-04 14:30:00+08:00,0.016255488132483405,5.627629973085302e-11,2.707080494648115e-08,4.8930468043818347e-11,0.983744484691505,Shadowing,1,0.9837445118675165,Shadowing,Shadowing,Shadowing,Shadowing,Shadowing
2023-12-04 14:45:00+08:00,0.0036538090129628817,2.599480517199081e-10,1.139686163514435e-09,1.4027271629904045e-09,0.9963461881846758,Shadowing,1,0.9963461909870371,Shadowing,Shadowing,Shadowing,Shadowing,Shadowing
2023-12-04 15:00:00+08:00,0.045308946620514705,4.675091750393624e-13,3.044010140808703e-09,3.1686332227846956e-09,0.9546910471663745,Shadowing,1,0.9546910533794853,Shadowing,Shadowing,Shadowing,Shadowing,Shadowing
2023-12-04 15:15:00+08:00,0.03674178876661321,2.10661615837984e-13,3.4402209166101753e-09,1.472711781266534e-09,0.9632582063202435,Shadowing,1,0.9632582112333868,Shadowing,Shadowing,Shadowing,Shadowing,Shadowing
2023-12-04 15:30:00+08:00,0.004890523002364382,2.0356512995992973e-14,2.438574380852053e-10,8.106811461424453e-11,0.9951094766726897,Shadowing,1,0.9951094769976356,Shadowing,Shadowing,Shadowing,Shadowing,Shadowing
2023-12-04 15:45:00+08:00,0.028316714906826957,2.4303934467840736e-07,1.5579351721807892e-07,1.71542522530343e-10,0.9716828860887686,Shadowing,1,0.971683285093173,Shadowing,Shadowing,Shadowing,Shadowing,Shadowing
2023-12-04 16:00:00+08:00,0.22781776741643783,4.0652625543304075e-08,5.673875685652422e-08,2.3849475432418787e-09,0.772182132807232,Shadowing,1,0.7721822325835621,Normal,Shadowing,Shadowing,Shadowing,Shadowing
2023-12-04 16:15:00+08:00,0.867663755159015,7.608190917978196e-11,2.8668289254463882e-09,2.3426762504419782e-08,0.13233621847131166,Normal,0,0.13233624484098505,Normal,Normal,Normal,Normal,Normal
2023-12-04 16:30:00+08:00,0.8863454433993482,1.6677147037666443e-11,1.384114769430555e-09,3.009418280464442e-08,0.11365452510567708,Normal,0,0.11365455660065182,Normal,Normal,Normal,Normal,Normal
2023-12-04 16:45:00+08:00,0.8629940251852386,2.1021949507533738e-11,8.853988618399747e-10,8.041375131745481e-08,0.13700589349458928,Normal,0,0.1370059748147614,Normal,Normal,Normal,Normal,Normal
2023-12-04 17:00:00+08:00,0.970300802960691,2.6458337273296892e-11,5.085110478168016e-10,8.336612215517731e-08,0.029699113138217388,Normal,0,0.02969919703930901,Normal,Normal,Normal,Normal,Normal
2023-12-05 07:30:00+08:00,0.8337477054302704,6.464260708805824e-12,1.0205003806354056e-09,3.899079766780134e-08,0.16625225455196732,Normal,0,0.16625229456972956,Normal,Normal,Normal,Normal,Normal
2023-12-05 07:45:00+08:00,0.3236152608219088,1.1883155657043783e-12,1.6109025417750095e-09,1.7135704092411503e-08,0.6763847204302962,Shadowing,1,0.6763847391780913,Normal,Shadowing,Shadowing,Shadowing,Shadowing
2023-12-05 08:00:00+08:00,0.029933337234094748,1.0341711953944434e-13,7.741532698910581e-10,7.258133596723088e-10,0.9700666612658353,Shadowing,1,0.9700666627659053,Shadowing,Shadowing,Shadowing,Shadowing,Shadowing
2023-12-05 08:15:00+08:00,0.0055320776261648715,1.2439711653225048e-14,1.9174628657141125e-10,1.2975752047825374e-10,0.9944679220523188,Shadowing,1,0.9944679223738351,Shadowing,Shadowing,Shadowing,Shadowing,Shadowing
2023-12-05 08:30:00+08:00,0.012444760754210334,1.4844039453670238e-13,1.223136115414928e-09,6.620153307970021e-10,0.9875552373604897,Shadowing,1,0.9875552392457897,Shadowing,Shadowing,Shadowing,Shadowing,Shadowing
2023-12-05 08:45:00+08:00,0.6138718712741281,2.4390277062244354e-12,3.1093605949642006e-08,1.1402482635818067e-08,0.3861280862273443,Normal,0,0.3861281287258719,Normal,Normal,Normal,Shadowing,Normal
2023-12-05 09:00:00+08:00,0.5616945822937415,2.1562975434150862e-11,5.720482639567963e-08,5.439680594097312e-09,0.4383053550401885,Normal,0,0.4383054177062585,Shadowing,Shadowing,Normal,Shadowing,Normal
2023-12-05 09:15:00+08:00,0.17385989903514015,1.2572589373318897e-10,9.218632426375318e-08,2.5364866709183517e-09,0.8261400061163229,Shadowing,1,0.8261401009648599,Shadowing,Shadowing,Shadowing,Shadowing,Shadowing
2023-12-05 09:30:00+08:00,0.1962674021884921,1.059889843758422e-09,1.8893803876644483e-07,1.810709843038965e-09,0.8037324060028694,Shadowing,1,0.803732597811508,Shadowing,Shadowing,Shadowing,Shadowing,Shadowing
2023-12-05 09:45:00+08:00,0.4205516776293202,9.110402710700542e-09,5.744363376669877e-07,6.208851040008342e-10,0.5794477382030543,Shadowing,1,0.5794483223706798,Normal,Shadowing,Shadowing,Shadowing,Shadowing
2023-12-05 10:00:00+08:00,0.30825218503283647,6.259337117504948e-08,7.857225036144704e-07,2.797930481458365e-10,0.6917469663714957,Shadowing,1,0.6917478149671635,Shadowing,Shadowing,Shadowing,Shadowing,Shadowing
2023-12-05 10:15:00+08:00,0.07276849229521362,1.3941805708075796e-06,1.439284431624316e-06,1.490650086432728e-10,0.927228674090719,Shadowing,1,0.9272315077047864,Shadowing,Shadowing,Shadowing,Shadowing,Shadowing
2023-12-05 10:30:00+08:00,0.013598690696737812,2.3400375411049933e-06,1.0246652310123026e-05,8.30721507681316e-11,0.9863887225303388,Shadowing,1,0.9864013093032622,Shadowing,Shadowing,Shadowing,Shadowing,Shadowing
2023-12-05 10:45:00+08:00,0.002822331101903204,1.4214115237165086e-05,1.1692476519971044e-05,2.3725206176081585e-11,0.9971517622826145,Shadowing,1,0.9971776688980968,Shadowing,Shadowing,Shadowing,Shadowing,Shadowing
2023-12-05 11:00:00+08:00,4.060721493713413e-06,1.512387049093596e-06,3.6783173245875035e-06,5.646612243590751e-10,0.9999907480094714,Shadowing,1,0.9999959392785063,Shadowing,Shadowing,Shadowing,Shadowing,Shadowing
2023-12-05 11:15:00+08:00,3.032715231752414e-06,8.544569127328122e-06,6.9126156933403545e-06,1.2582987344560904e-09,0.9999815088416488,Shadowing,1,0.9999969672847683,Shadowing,Shadowing,Shadowing,Shadowing,Shadowing
2023-12-05 11:30:00+08:00,3.2711955259444196e-06,3.704032073399008e-06,5.507842300419681e-06,6.197623937043898e-10,0.9999875163103379,Shadowing,1,0.9999967288044741,Shadowing,Shadowing,Shadowing,Shadowing,Shadowing
2023-12-05 11:45:00+08:00,1.9722571686889323e-06,0.00019592211001023002,4.0212363872866714e-05,3.278721053202065e-09,0.9997618899902271,Shadowing,1,0.9999980277428313,Shadowing,Shadowing,Shadowing,Shadowing,Shadowing
2023-12-05 12:00:00+08:00,3.8005975925464295e-05,4.17800534485945e-08,1.6549586777524204e-07,1.289224537162051e-09,0.9999617854589289,Shadowing,1,0.9999619940240745,Shadowing,Shadowing,Shadowing,Shadowing,Shadowing
2023-12-05 12:15:00+08:00,0.11727783741278834,3.4996977308903944e-06,8.042725714820287e-07,5.9196177469649225e-15,0.8827178586169033,Shadowing,1,0.8827221625872117,Shadowing,Shadowing,Shadowing,Shadowing,Shadowing
2023-12-05 12:30:00+08:00,7.323541830506348e-06,0.020667536601418252,0.005232975157085802,1.4841044162180629e-08,0.9740921498586212,Shadowing,1,0.9999926764581695,Shadowing,Shadowing,Shadowing,Shadowing,Shadowing
2023-12-05 12:45:00+08:00,8.358841795782682e-07,3.771126791586496e-05,0.00042583250403485016,0.13787841146857688,0.8616572088752928,Shadowing,1,0.9999991641158205,Shadowing,Shadowing,Shadowing,Shadowing,Shadowing
2023-12-05 13:00:00+08:00,4.3458178284200665e-08,4.756923641855115e-09,1.806328908077647e-06,3.8985378401571464e-05,0.9999591600775884,Shadowing,1,0.9999999565418217,Shadowing,Shadowing,Shadowing,Shadowing,Shadowing
2023-12-05 13:15:00+08:00,4.308696127372528e-06,3.0011235260029683e-05,2.2922051880165442e-05,5.463009913509401e-08,0.9999427033866333,Shadowing,1,0.9999956913038727,Shadowing,Shadowing,Shadowing,Shadowing,Shadowing
2023-12-05 13:30:00+08:00,8.349478785215482e-06,3.365111056073071e-07,7.24862829761038e-07,8.544542887455084e-10,0.9999905882928252,Shadowing,1,0.9999916505212147,Shadowing,Shadowing,Shadowing,Shadowing,Shadowing
2023-12-05 13:45:00+08:00,6.371298099829484e-06,1.1511863152092096e-07,1.350496809084875e-07,1.0790085868720447e-09,0.9999933774545792,Shadowing,1,0.9999936287019001,Shadowing,Shadowing,Shadowing,Shadowing,Shadowing
2023-12-05 14:00:00+08:00,0.006216223552623008,2.889712346118457e-07,2.8769041186125395e-07,8.449837222540914e-10,0.9937831989407468,Shadowing,1,0.993783776447377,Shadowing,Shadowing,Shadowing,Shadowing,Shadowing
2023-12-05 14:15:00+08:00,0.18423979522225614,5.4975164662295984e-12,1.3144328645858303e-08,1.4563592981169336e-08,0.8157601770643247,Shadowing,1,0.8157602047777439,Shadowing,Shadowing,Shadowing,Shadowing,Shadowing
2023-12-05 14:30:00+08:00,0.03401405055580338,1.7969755308800719e-12,1.1684142360420463e-08,1.207819100982639e-09,0.9659859365504382,Shadowing,1,0.9659859494441966,Shadowing,Shadowing,Shadowing,Shadowing,Shadowing
2023-12-05 14:45:00+08:00,0.014186758589525072,4.6295762491987147e-14,8.300908028562597e-10,5.035546431268371e-10,0.9858132400767833,Shadowing,1,0.9858132414104749,Shadowing,Shadowing,Shadowing,Shadowing,Shadowing
2023-12-05 15:00:00+08:00,0.24037457722635983,4.214849771433197e-12,1.0608237835609438e-08,2.5511051552003455e-09,0.7596254096100823,Shadowing,1,0.7596254227736402,Normal,Shadowing,Shadowing,Shadowing,Shadowing
2023-12-05 15:15:00+08:00,0.007893269296140972,1.8262220788244613e-14,3.063248219607691e-10,2.1849573598296017e-10,0.9921067301790203,Shadowing,1,0.992106730703859,Shadowing,Shadowing,Shadowing,Shadowing,Shadowing
2023-12-05 15:30:00+08:00,0.7557273222559969,2.3296415131907014e-11,4.110233221154426e-09,2.203178890637797e-08,0.24427265157868444,Normal,0,0.24427267774400307,Normal,Normal,Normal,Normal,Normal
2023-12-05 15:45:00+08:00,0.8638752505114853,1.658820776809246e-11,1.7624883721877268e-09,2.5287748426619063e-08,0.13612472242168955,Normal,0,0.13612474948851472,Normal,Normal,Normal,Normal,Normal
2023-12-05 16:00:00+08:00,0.8279038361707958,6.955558399789277e-12,1.2717179407491144e-09,3.0592581959316995e-08,0.17209613195794873,Normal,0,0.17209616382920423,Normal,Normal,Normal,Normal,Normal
2023-12-05 16:15:00+08:00,0.8386138546337172,9.512340494885059e-11,4.044747972273496e-09,2.1647345964141882e-08,0.16138611957906535,Normal,0,0.16138614536628282,Normal,Normal,Normal,Normal,Normal
2023-12-05 16:30:00+08:00,0.8921476499971293,1.811079983398123e-11,1.314493897192621e-09,3.2461248950724545e-08,0.10785231620901707,Normal,0,0.10785235000287074,Normal,Normal,Normal,Normal,Normal
2023-12-05 16:45:00+08:00,0.8653876112267046,2.4223933599155976e-11,8.968919180572488e-10,8.517117175706788e-08,0.13461230268100782,Normal,0,0.1346123887732954,Normal,Normal,Normal,Normal,Normal
2023-12-05 17:00:00+08:00,0.9433640560282976,2.936599043875485e-11,6.422304339256558e-10,9.246949479243932e-08,0.05663585083061111,Normal,0,0.05663594397170235,Normal,Normal,Normal,Normal,Normal
2023-12-06 07:30:00+08:00,0.9976982491862408,4.66630149747408e-12,1.300877342771638e-10,2.6308311242110117e-08,0.002301724370693978,Normal,0,0.0023017508137591625,Normal,Normal,Normal,Normal,Normal
2023-12-06 07:45:00+08:00,0.9928094164956012,1.2499669639924298e-11,2.8377417947682724e-10,4.5387202505940693e-08,0.00719053782092267,Normal,0,0.007190583504398829,Normal,Normal,Normal,Normal,Normal
2023-12-06 08:00:00+08:00,0.8656695194127362,1.928952541565732e-11,9.130392744952372e-10,7.317282088752144e-08,0.134330406482114,Normal,0,0.13433048058726382,Normal,Normal,Normal,Normal,Normal
2023-12-06 08:15:00+08:00,0.8580508882965641,9.07929658989333e-12,1.1033012872195503e-09,3.639984365509462e-08,0.14194907419121167,Normal,0,0.14194911170343594,Normal,Normal,Normal,Normal,Normal
2023-12-06 08:30:00+08:00,0.8774352581095325,1.5582818204983244e-11,1.053700725500639e-09,4.8966117921069845e-08,0.12256469185506606,Normal,0,0.12256474189046751,Normal,Normal,Normal,Normal,Normal
2023-12-06 08:45:00+08:00,0.8901133029566332,2.0040422405891708e-11,1.556148622315343e-09,2.729793364486281e-08,0.10988666816924406,Normal,0,0.10988669704336684,Normal,Normal,Normal,Normal,Normal
2023-12-06 09:00:00+08:00,0.879646608485988,3.52944255549186e-11,2.1338698555476933e-09,2.5428382698412166e-08,0.12035336391646514,Normal,0,0.12035339151401203,Normal,Normal,Normal,Normal,Normal
2023-12-06 09:15:00+08:00,0.8052442757736937,1.55292052922874e-11,2.6208131437709825e-09,2.3129896452873086e-08,0.19475569846006743,Normal,0,0.19475572422630627,Normal,Normal,Normal,Normal,Normal
2023-12-06 09:30:00+08:00,0.808056720564009,1.6948331608096195e-11,2.677319327777095e-09,2.3016797329269035e-08,0.1919432537249261,Normal,0,0.191943279435991,Normal,Normal,Normal,Normal,Normal
2023-12-06 09:45:00+08:00,0.8027397108641509,5.37924545105578e-12,1.2527387231591705e-09,3.0665636157123746e-08,0.19726025721209503,Normal,0,0.19726028913584914,Normal,Normal,Normal,Normal,Normal
2023-12-06 10:00:00+08:00,0.8119764207955805,8.225980899527339e-12,6.927297935083566e-10,7.267649654245711e-08,0.18802350582696697,Normal,0,0.18802357920441948,Normal,Normal,Normal,Normal,Normal
2023-12-06 10:15:00+08:00,0.8125867063812059,6.483582133746217e-12,1.398015925821442e-09,2.799489382058852e-08,0.1874132642194007,Normal,0,0.1874132936187941,Normal,Normal,Normal,Normal,Normal
2023-12-06 10:30:00+08:00,0.802521164897262,1.3736937779001195e-11,2.5172161187881376e-09,2.327768839701594e-08,0.19747880929409647,Normal,0,0.197478835102738,Normal,Normal,Normal,Normal,Normal
2023-12-06 10:45:00+08:00,0.762860963422967,1.487580485782306e-11,3.3216408652717596e-09,2.301707182622332e-08,0.23713901022344444,Normal,0,0.23713903657703295,Normal,Normal,Normal,Normal,Normal
2023-12-06 11:00:00+08:00,0.6832639284005974,4.5884038669045e-11,7.355586813856035e-09,1.944019696675016e-08,0.3167360447577347,Normal,0,0.31673607159940265,Normal,Normal,Normal,Normal,Shadowing
2023-12-06 11:15:00+08:00,0.6486734665837783,1.2711779088587064e-09,9.654397693198181e-09,1.3077925117473897e-08,0.35132650941272103,Normal,0,0.35132653341622166,Normal,Normal,Normal,Shadowing,Shadowing
2023-12-06 11:30:00+08:00,0.27346115893359135,3.284355280471656e-08,4.6332765729043154e-08,2.415936783258454e-09,0.7265387594741533,Shadowing,1,0.7265388410664086,Normal,Shadowing,Shadowing,Shadowing,Shadowing
2023-12-06 11:45:00+08:00,0.11669468077903897,1.2477131306710862e-07,1.4434474413737015e-07,3.6238532529984215e-10,0.8833050497425183,Shadowing,1,0.883305319220961,Shadowing,Shadowing,Shadowing,Shadowing,Shadowing
2023-12-06 12:00:00+08:00,0.14838302641769147,1.1809747213435763e-07,1.39367883322217e-07,2.499616027539268e-10,0.8516167158669916,Shadowing,1,0.8516169735823085,Normal,Shadowing,Shadowing,Shadowing,Shadowing
2023-12-06 12:15:00+08:00,0.5484872911752331,6.187703653461052e-11,1.2608760810897857e-08,1.4601339335727815e-08,0.4515126815527898,Normal,0,0.4515127088247669,Normal,Normal,Shadowing,Normal,Shadowing
2023-12-06 12:30:00+08:00,0.5807798396462936,7.783561269961113e-11,1.1690843514272776e-08,1.618100292122502e-08,0.4192201324040242,Normal,0,0.41922016035370635,Normal,Normal,Shadowing,Normal,Shadowing
2023-12-06 12:45:00+08:00,0.4400673565953158,1.3984145610163242e-10,2.5595118077451756e-08,1.423224907178381e-08,0.5599326034374755,Shadowing,1,0.5599326434046842,Normal,Shadowing,Shadowing,Shadowing,Shadowing
2023-12-06 13:00:00+08:00,0.37918156237520895,1.5639630191211442e-11,1.1932945646870771e-08,6.2053265578309485e-09,0.6208184194708792,Shadowing,1,0.620818437624791,Normal,Shadowing,Shadowing,Shadowing,Shadowing
2023-12-06 13:15:00+08:00,0.19143528558132336,4.2601641358185355e-12,1.5717000188298443e-08,1.961634287064282e-09,0.8085646967357819,Shadowing,1,0.8085647144186766,Normal,Shadowing,Shadowing,Shadowing,Shadowing
2023-12-06 13:30:00+08:00,0.47445630517668497,5.652119727212881e-11,1.5255779401699618e-08,1.0997758502640317e-08,0.5255436685132558,Shadowing,1,0.525543694823315,Normal,Shadowing,Shadowing,Normal,Shadowing
2023-12-06 13:45:00+08:00,0.4143473579035075,9.380134466286661e-11,2.363309471763446e-08,1.1621135613707867e-08,0.5856526067484606,Shadowing,1,0.5856526420964925,Normal,Shadowing,Shadowing,Shadowing,Shadowing
2023-12-06 14:00:00+08:00,0.13518716059358532,1.05780021277163e-12,6.883273117361588e-09,1.0260455039834251e-09,0.8648128314960383,Shadowing,1,0.8648128394064147,Normal,Shadowing,Shadowing,Shadowing,Shadowing
2023-12-06 14:15:00+08:00,0.467804603792338,1.2258012924865847e-11,8.377950876992719e-09,1.2627436236556793e-08,0.5321953751900167,Shadowing,1,0.532195396207662,Normal,Shadowing,Shadowing,Shadowing,Shadowing
2023-12-06 14:30:00+08:00,0.02988593299086319,2.3931000685173504e-12,2.530439584418131e-09,5.378035356192018e-09,0.9701140590982688,Shadowing,1,0.9701140670091368,Shadowing,Shadowing,Shadowing,Shadowing,Shadowing
2023-12-06 14:45:00+08:00,0.0008520344680187974,4.241077031556922e-15,6.28432436052365e-11,2.1693006984431074e-11,0.9991479654474407,Shadowing,1,0.9991479655319812,Shadowing,Shadowing,Shadowing,Shadowing,Shadowing
2023-12-06 15:00:00+08:00,0.05984006718872392,4.553001243397653e-13,4.680967608902979e-09,5.891292906597495e-10,0.940159927540724,Shadowing,1,0.9401599328112761,Shadowing,Shadowing,Shadowing,Shadowing,Shadowing
2023-12-06 15:15:00+08:00,0.0028059054763854042,5.435458785637302e-13,2.1993498558077342e-10,2.719775475555215e-10,0.9971940940311586,Shadowing,1,0.9971940945236146,Shadowing,Shadowing,Shadowing,Shadowing,Shadowing
2023-12-06 15:30:00+08:00,0.003764351204439513,1.1273380643158758e-14,3.4672434881804644e-10,6.152153158340825e-11,0.9962356483873034,Shadowing,1,0.9962356487955605,Shadowing,Shadowing,Shadowing,Shadowing,Shadowing
2023-12-06 15:45:00+08:00,0.2867251643148549,2.574327823596235e-08,3.924735444133171e-08,4.061942898957645e-09,0.7132747666325695,Shadowing,1,0.713274835685145,Normal,Shadowing,Shadowing,Shadowing,Shadowing
2023-12-06 16:00:00+08:00,6.622162098232908e-06,1.2273845912219486e-05,2.673373362159153e-09,9.641622146416034e-16,0.9999811013186152,Shadowing,1,0.9999933778379018,Shadowing,Shadowing,Shadowing,Shadowing,Shadowing
2023-12-06 16:15:00+08:00,0.0013738290662957604,8.619198801961221e-07,8.024512217084136e-08,2.685433747906038e-11,0.9986252287418476,Shadowing,1,0.9986261709337042,Shadowing,Shadowing,Shadowing,Shadowing,Shadowing
2023-12-06 16:30:00+08:00,0.8305867117531898,4.907829146905596e-10,4.027102662248487e-09,2.337474669087452e-08,0.16941326035417797,Normal,0,0.16941328824681023,Normal,Normal,Normal,Normal,Normal
2023-12-06 16:45:00+08:00,0.86541930977868,1.6349061371574638e-11,9.244872618677378e-10,6.529081108677453e-08,0.1345806239896727,Normal,0,0.13458069022132002,Normal,Normal,Normal,Normal,Normal
2023-12-06 17:00:00+08:00,0.9367797167096669,2.844956399969851e-11,6.557879986972075e-10,9.327440427760205e-08,0.06322018933169138,Normal,0,0.06322028329033313,Normal,Normal,Normal,Normal,Normal
2023-12-07 07:30:00+08:00,0.426590309260993,1.7855114432273557e-12,8.42378262297781e-10,4.152610089682967e-08,0.5734096483687422,Shadowing,1,0.5734096907390069,Normal,Shadowing,Shadowing,Shadowing,Shadowing
2023-12-07 07:45:00+08:00,0.06618707450344216,1.458071913224758e-13,6.987282525869759e-10,2.2712697636196393e-09,0.933812922526414,Shadowing,1,0.9338129254965578,Shadowing,Shadowing,Shadowing,Shadowing,Shadowing
2023-12-07 08:00:00+08:00,0.006180128914299658,1.126908926328158e-14,1.432421230640941e-10,8.288387587295017e-11,0.9938198708595631,Shadowing,1,0.9938198710857004,Shadowing,Shadowing,Shadowing,Shadowing,Shadowing
2023-12-07 08:15:00+08:00,0.005752484347071892,7.20791232920356e-15,2.490390936753386e-10,7.028795676510924e-11,0.9942475153335938,Shadowing,1,0.9942475156529281,Shadowing,Shadowing,Shadowing,Shadowing,Shadowing
2023-12-07 08:30:00+08:00,0.00911831701050734,7.673378825424195e-13,8.384175273771413e-10,7.483191081007309e-10,0.9908816814019886,Shadowing,1,0.9908816829894926,Shadowing,Shadowing,Shadowing,Shadowing,Shadowing
2023-12-07 08:45:00+08:00,0.08069814091997712,1.6880617579917162e-11,1.1352082732337049e-08,1.131202352508056e-08,0.919301836399036,Shadowing,1,0.9193018590800228,Shadowing,Shadowing,Shadowing,Shadowing,Shadowing
2023-12-07 09:00:00+08:00,0.11307899423956107,2.8507698178622364e-10,5.860082365860909e-08,1.0396784844401452e-08,0.8869209364777534,Shadowing,1,0.886921005760439,Shadowing,Shadowing,Shadowing,Shadowing,Shadowing
2023-12-07 09:15:00+08:00,0.18368312100905407,5.094378389156637e-10,1.222920779432061e-07,5.1305755793310736e-09,0.8163167510588545,Shadowing,1,0.816316878990946,Shadowing,Shadowing,Shadowing,Shadowing,Shadowing
2023-12-07 09:30:00+08:00,0.2156504857645122,3.481445308278383e-09,2.2227136870088533e-07,1.5840511167671963e-09,0.7843492868986226,Shadowing,1,0.7843495142354878,Shadowing,Shadowing,Shadowing,Shadowing,Shadowing
2023-12-07 09:45:00+08:00,0.4339142177051768,5.876975486090083e-08,1.253341155172281e-06,1.8332506604323555e-10,0.566084470000588,Shadowing,1,0.5660857822948232,Normal,Shadowing,Normal,Shadowing,Shadowing
2023-12-07 10:00:00+08:00,0.5356577913368353,3.0997340268122706e-07,1.7660535373226434e-06,1.878643289921437e-10,0.4643401324483604,Normal,0,0.46434220866316467,Normal,Shadowing,Normal,Shadowing,Normal
2023-12-07 10:15:00+08:00,0.13446440563872292,2.6182734079906543e-06,4.893778838850953e-06,7.02888184729849e-11,0.8655280822387414,Shadowing,1,0.865535594361277,Shadowing,Shadowing,Shadowing,Shadowing,Shadowing
2023-12-07 10:30:00+08:00,0.008669350312675635,2.1951655471803954e-05,1.7184029701537914e-05,2.732535828415263e-11,0.9912915139748255,Shadowing,1,0.9913306496873243,Shadowing,Shadowing,Shadowing,Shadowing,Shadowing
2023-12-07 10:45:00+08:00,8.35963845243042e-05,8.572929686996396e-05,1.477260362951391e-05,2.491082278998683e-12,0.999815901712485,Shadowing,1,0.9999164036154757,Shadowing,Shadowing,Shadowing,Shadowing,Shadowing
2023-12-07 11:00:00+08:00,2.015311925737067e-06,4.5963290516889984e-05,1.3372014810614832e-05,5.892473048273334e-10,0.9999386487934995,Shadowing,1,0.9999979846880742,Shadowing,Shadowing,Shadowing,Shadowing,Shadowing
2023-12-07 11:15:00+08:00,1.9174309038792617e-06,0.000148549858516187,3.123352941254018e-05,1.8094103035305729e-09,0.9998182973717571,Shadowing,1,0.9999980825690962,Shadowing,Shadowing,Shadowing,Shadowing,Shadowing
2023-12-07 11:30:00+08:00,1.3730598817954913e-06,0.0008775154341013573,0.00013108158931319177,4.0963982546032354e-08,0.9989899889527211,Shadowing,1,0.9999986269401182,Shadowing,Shadowing,Shadowing,Shadowing,Shadowing
2023-12-07 11:45:00+08:00,2.0187929619658474e-06,0.0014135340407854875,0.00024242578983033644,1.0539429910034012e-06,0.9983409674334311,Shadowing,1,0.9999979812070381,Shadowing,Shadowing,Shadowing,Shadowing,Shadowing
2023-12-07 12:00:00+08:00,2.1389736843273147e-06,0.0014307454025153659,0.0002550252249557964,1.749940644805812e-06,0.9983103404581998,Shadowing,1,0.9999978610263157,Shadowing,Shadowing,Shadowing,Shadowing,Shadowing
2023-12-07 12:15:00+08:00,2.5802827805932287e-06,0.0016302615470948922,0.00031444762773506443,8.069627725311616e-06,0.998044640914664,Shadowing,1,0.9999974197172194,Shadowing,Shadowing,Shadowing,Shadowing,Shadowing
2023-12-07 12:30:00+08:00,2.1456818077479443e-06,0.0010701955117995879,0.00022349416624642954,2.7549875764863885e-06,0.9987014096525696,Shadowing,1,0.9999978543181922,Shadowing,Shadowing,Shadowing,Shadowing,Shadowing
2023-12-07 12:45:00+08:00,1.96793977079248e-06,0.0005299174763141045,0.000145248118023277,4.259660634193771e-07,0.9993224404998283,Shadowing,1,0.9999980320602292,Shadowing,Shadowing,Shadowing,Shadowing,Shadowing
2023-12-07 13:00:00+08:00,2.608614344157589e-06,0.00022637469367456543,6.834464512070188e-05,4.938132717294778e-08,0.9997026226655334,Shadowing,1,0.9999973913856558,Shadowing,Shadowing,Shadowing,Shadowing,Shadowing
2023-12-07 13:15:00+08:00,3.5042985714352416e-06,3.495313724017342e-05,1.9848997733092384e-05,1.9626966287444694e-08,0.9999416739394889,Shadowing,1,0.9999964957014286,Shadowing,Shadowing,Shadowing,Shadowing,Shadowing
2023-12-07 13:30:00+08:00,5.037298190461533e-06,2.829825700681409e-06,5.1922249297388145e-06,1.8615755296787458e-09,0.9999869387896035,Shadowing,1,0.9999949627018095,Shadowing,Shadowing,Shadowing,Shadowing,Shadowing
2023-12-07 13:45:00+08:00,7.714228895550427e-06,2.754754455215873e-07,5.431289245367292e-07,8.732297578665727e-10,0.9999914662935044,Shadowing,1,0.9999922857711044,Shadowing,Shadowing,Shadowing,Shadowing,Shadowing
2023-12-07 14:00:00+08:00,4.206838202820824e-05,1.1587583815670732e-07,2.1331149627248216e-07,1.6418585971881756e-09,0.9999576007887787,Shadowing,1,0.9999579316179718,Shadowing,Shadowing,Shadowing,Shadowing,Shadowing
2023-12-07 14:15:00+08:00,0.00018409204877039396,4.345447295063658e-08,1.4091285273618646e-07,3.1851993657756387e-09,0.9998157203987045,Shadowing,1,0.9998159079512297,Shadowing,Shadowing,Shadowing,Shadowing,Shadowing
2023-12-07 14:30:00+08:00,0.0004455034354665417,7.016736444374556e-09,5.2496446942092476e-08,4.613023858095848e-09,0.9995544324383262,Shadowing,1,0.9995544965645334,Shadowing,Shadowing,Shadowing,Shadowing,Shadowing
2023-12-07 14:45:00+08:00,0.0010014909137947316,5.535573645918144e-09,7.1631070396729706e-09,5.029000748579055e-09,0.9989984913585239,Shadowing,1,0.9989985090862052,Shadowing,Shadowing,Shadowing,Shadowing,Shadowing
2023-12-07 15:00:00+08:00,0.0018464069267131052,8.805147731957742e-10,5.669656404707339e-10,2.553260412733563e-09,0.998153589072546,Shadowing,1,0.9981535930732869,Shadowing,Shadowing,Shadowing,Shadowing,Shadowing
2023-12-07 15:15:00+08:00,0.0016996718805426156,7.843133168550202e-11,2.459146598965143e-10,1.945855870673472e-09,0.9983003258492555,Shadowing,1,0.9983003281194573,Shadowing,Shadowing,Shadowing,Shadowing,Shadowing
2023-12-07 15:30:00+08:00,0.04135476748215316,1.4547106205040649e-12,1.1521714718218063e-08,4.903389348853131e-10,0.9586452205043386,Shadowing,1,0.9586452325178468,Shadowing,Shadowing,Shadowing,Shadowing,Shadowing
2023-12-07 15:45:00+08:00,9.186180125114062e-08,2.9389556001277656e-06,7.050810366812811e-12,1.377432179667798e-19,0.9999969691755478,Shadowing,1,0.9999999081381987,Shadowing,Shadowing,Shadowing,Shadowing,Shadowing
2023-12-07 16:00:00+08:00,7.666508736490687e-07,5.84490822816688e-06,1.252806547964568e-10,8.420948593427315e-17,0.9999933883156175,Shadowing,1,0.9999992333491263,Shadowing,Shadowing,Shadowing,Shadowing,Shadowing
2023-12-07 16:15:00+08:00,3.0185205879076275e-05,3.15520184202613e-06,1.2328507078450827e-08,3.651267450095853e-12,0.9999666472601205,Shadowing,1,0.999969814794121,Shadowing,Shadowing,Shadowing,Shadowing,Shadowing
2023-12-07 16:30:00+08:00,0.5253704188874774,4.343695314916656e-09,7.043065165868949e-09,7.172843233326982e-08,0.4746294979973299,Normal,0,0.4746295811125226,Normal,Shadowing,Shadowing,Normal,Normal
2023-12-07 16:45:00+08:00,0.9770458418250918,2.5171113155247844e-11,4.822602617008274e-10,7.530859818480336e-08,0.022954082358878608,Normal,0,0.0229541581749082,Normal,Normal,Normal,Normal,Normal
2023-12-07 17:00:00+08:00,0.9933439054541354,1.242923395836193e-11,2.813895000712028e-10,4.3874846399534745e-08,0.006656050377199393,Normal,0,0.006656094545864577,Normal,Normal,Normal,Normal,Normal
2023-12-08 07:30:00+08:00,0.8682774725708218,1.8987465766408652e-11,9.369357347007784e-10,6.950045686706561e-08,0.13172245697279827,Normal,0,0.13172252742917823,Normal,Normal,Normal,Normal,Normal
2023-12-08 07:45:00+08:00,0.83740216958402,7.115781035288617e-12,1.1517496222234582e-09,3.428380671250195e-08,0.1625977949733078,Normal,0,0.16259783041597997,Normal,Normal,Normal,Normal,Normal
2023-12-08 08:00:00+08:00,0.021912246246684454,5.916214818873307e-14,4.912384618602349e-10,5.03580599088741e-10,0.9780877527584373,Shadowing,1,0.9780877537533156,Shadowing,Shadowing,Shadowing,Shadowing,Shadowing
2023-12-08 08:15:00+08:00,0.0035922866178868763,4.0610954459924546e-15,1.1538999058539873e-10,3.465669824869797e-11,0.9964077132320623,Shadowing,1,0.9964077133821131,Shadowing,Shadowing,Shadowing,Shadowing,Shadowing
2023-12-08 08:30:00+08:00,0.007091816196050892,5.667076789945099e-14,7.435273360236546e-10,2.5563092468149494e-10,0.9929081828047341,Shadowing,1,0.9929081838039491,Shadowing,Shadowing,Shadowing,Shadowing,Shadowing
2023-12-08 08:45:00+08:00,0.10622483027839595,3.2199978945367257e-12,7.118313318138057e-09,1.0652342488868875e-08,0.8937751519477282,Shadowing,1,0.8937751697216041,Shadowing,Shadowing,Shadowing,Shadowing,Shadowing
2023-12-08 09:00:00+08:00,0.6061416546662575,1.3911042704283839e-11,4.743070975930311e-08,7.452046407835324e-09,0.39385829043707526,Normal,0,0.39385834533374253,Shadowing,Shadowing,Normal,Shadowing,Normal
2023-12-08 09:15:00+08:00,0.2571189134989271,7.966731862013858e-11,8.008333723719656e-08,5.576282766325451e-09,0.7428810007617855,Shadowing,1,0.7428810865010729,Shadowing,Shadowing,Shadowing,Shadowing,Shadowing
2023-12-08 09:30:00+08:00,0.19141159921186568,6.342752521408015e-10,1.3588290291703007e-07,4.792816862164591e-09,0.8085882594781394,Shadowing,1,0.8085884007881343,Shadowing,Shadowing,Shadowing,Shadowing,Shadowing
2023-12-08 09:45:00+08:00,0.42323463822029533,1.0462000117192004e-08,6.330042681866155e-07,4.843931860768455e-10,0.5767647178290431,Shadowing,1,0.5767653617797046,Shadowing,Shadowing,Normal,Shadowing,Shadowing
2023-12-08 10:00:00+08:00,0.49261426607637293,3.224602066847749e-08,7.903368867912403e-07,3.0225375185882453e-10,0.5073849110384658,Shadowing,1,0.5073857339236271,Normal,Shadowing,Normal,Shadowing,Normal
2023-12-08 10:15:00+08:00,0.13647415148411438,6.703440974902613e-07,1.2131298592072299e-06,1.1376554578259846e-10,0.8635239649281635,Shadowing,1,0.8635258485158857,Shadowing,Shadowing,Shadowing,Shadowing,Shadowing
2023-12-08 10:30:00+08:00,0.061472868064404475,2.179396992175326e-06,5.811781229417383e-06,1.0449601722174591e-10,0.9385191406528779,Shadowing,1,0.9385271319355956,Shadowing,Shadowing,Shadowing,Shadowing,Shadowing
2023-12-08 10:45:00+08:00,0.0166553515487551,8.616975783130157e-06,1.7654739519694556e-05,6.089471421958767e-11,0.9833183766750473,Shadowing,1,0.9833446484512449,Shadowing,Shadowing,Shadowing,Shadowing,Shadowing
2023-12-08 11:00:00+08:00,5.8470719897473594e-06,3.568960924036389e-07,6.80927781915113e-07,1.870516531769483e-10,0.9999931149170843,Shadowing,1,0.9999941529280103,Shadowing,Shadowing,Shadowing,Shadowing,Shadowing
2023-12-08 11:15:00+08:00,3.0310497691195433e-06,7.768213856485811e-06,6.661786959333657e-06,1.1052966152974389e-09,0.9999825378441185,Shadowing,1,0.9999969689502309,Shadowing,Shadowing,Shadowing,Shadowing,Shadowing
2023-12-08 11:30:00+08:00,2.140258927282964e-06,0.0014756624483787113,0.00025928471815379314,1.680493140771315e-06,0.9982612320813994,Shadowing,1,0.9999978597410727,Shadowing,Shadowing,Shadowing,Shadowing,Shadowing
2023-12-08 11:45:00+08:00,2.6041711932916693e-07,1.8328076011584828e-08,1.4492047320847995e-06,6.5403577472619495e-09,0.9999982655097149,Shadowing,1,0.9999997395828807,Shadowing,Shadowing,Shadowing,Shadowing,Shadowing
2023-12-08 12:00:00+08:00,0.3428218978424133,1.2474509746058354e-09,2.6682204744458045e-07,2.662660481873958e-10,0.6571778338218223,Shadowing,1,0.6571781021575867,Shadowing,Shadowing,Shadowing,Shadowing,Shadowing
2023-12-08 12:15:00+08:00,0.26377931970922136,3.1172113122434917e-09,1.0533131464264813e-07,1.0119142652442343e-08,0.7362205617231101,Shadowing,1,0.7362206802907787,Shadowing,Shadowing,Shadowing,Shadowing,Shadowing
2023-12-08 12:30:00+08:00,1.2564217756678593e-06,0.0014184343092973986,0.00016763301348889561,1.5632746498223655e-08,0.9984126606226915,Shadowing,1,0.9999987435782244,Shadowing,Shadowing,Shadowing,Shadowing,Shadowing
2023-12-08 12:45:00+08:00,3.5082564406203444e-06,1.7910010595130248e-05,1.212675560036893e-05,7.299231331629976e-09,0.9999664476781327,Shadowing,1,0.9999964917435594,Shadowing,Shadowing,Shadowing,Shadowing,Shadowing
2023-12-08 13:00:00+08:00,4.718249450245507e-06,3.974278455420435e-06,6.180396309985481e-06,2.4829767779066124e-09,0.9999851245928075,Shadowing,1,0.9999952817505497,Shadowing,Shadowing,Shadowing,Shadowing,Shadowing
2023-12-08 13:15:00+08:00,7.117931801419445e-06,5.448081543273522e-07,1.5988173444012313e-06,7.840132584769029e-10,0.9999907376586867,Shadowing,1,0.9999928820681986,Shadowing,Shadowing,Shadowing,Shadowing,Shadowing
2023-12-08 13:30:00+08:00,1.1043384972842872e-05,2.286718293931702e-07,2.86780202333931e-07,1.0578735851423424e-09,0.9999884401051219,Shadowing,1,0.9999889566150272,Shadowing,Shadowing,Shadowing,Shadowing,Shadowing
2023-12-08 13:45:00+08:00,6.0324864324830044e-05,1.5341846104100138e-07,2.5908573556773793e-07,1.8270116243724573e-09,0.9999392608044669,Shadowing,1,0.9999396751356752,Shadowing,Shadowing,Shadowing,Shadowing,Shadowing
2023-12-08 14:00:00+08:00,0.0003093990907660682,8.485391881043836e-08,1.8588518405859224e-07,3.8107652908745375e-09,0.9996903263593658,Shadowing,1,0.9996906009092339,Shadowing,Shadowing,Shadowing,Shadowing,Shadowing
2023-12-08 14:15:00+08:00,0.02244768124460466,8.268504505099466e-08,3.825862433987958e-08,5.520511876467481e-09,0.977552192291214,Shadowing,1,0.9775523187553954,Shadowing,Shadowing,Shadowing,Shadowing,Shadowing
2023-12-08 14:30:00+08:00,0.01467022928757326,3.128477764903759e-11,2.2024688946464702e-08,7.284794800829127e-11,0.9853297485836052,Shadowing,1,0.9853297707124268,Shadowing,Shadowing,Shadowing,Shadowing,Shadowing
2023-12-08 14:45:00+08:00,0.4486793027394782,5.450992617120295e-11,1.654730084567104e-08,1.0247747646151898e-08,0.5513206704109634,Shadowing,1,0.5513206972605218,Normal,Shadowing,Shadowing,Shadowing,Shadowing
2023-12-08 15:00:00+08:00,0.49177871153474156,1.5506696356800918e-11,9.063645746465073e-09,1.306861481403984e-08,0.5082212663174911,Shadowing,1,0.5082212884652584,Normal,Shadowing,Shadowing,Normal,Shadowing
2023-12-08 15:15:00+08:00,0.7757531422425228,1.3306817328999435e-11,2.942018929042143e-09,2.3254705207603637e-08,0.22424683154744648,Normal,0,0.2242468577574772,Normal,Normal,Normal,Normal,Normal
2023-12-08 15:30:00+08:00,0.7855213433946675,4.476932405635664e-12,1.097559836968474e-09,3.5247738081492565e-08,0.2144786202555576,Normal,0,0.2144786566053325,Normal,Normal,Normal,Normal,Normal
2023-12-08 15:45:00+08:00,0.8601257719442718,1.1235716006023287e-11,1.4361622425633527e-09,2.7451961839068966e-08,0.1398741991563685,Normal,0,0.13987422805572824,Normal,Normal,Normal,Normal,Normal
2023-12-08 16:00:00+08:00,0.8745990632770375,1.207975272413665e-11,1.186863555645976e-09,3.4050752910381475e-08,0.12540090147326607,Normal,0,0.12540093672296249,Normal,Normal,Normal,Normal,Normal
2023-12-08 16:15:00+08:00,0.8669248721710782,1.5378957953102745e-11,9.440117847743765e-10,6.069608205011638e-08,0.13307506617344897,Normal,0,0.13307512782892184,Normal,Normal,Normal,Normal,Normal
2023-12-08 16:30:00+08:00,0.8891709703559932,1.7852623646836095e-11,1.4025293053319776e-09,3.0075098545723497e-08,0.11082899814852609,Normal,0,0.11082902964400676,Normal,Normal,Normal,Normal,Normal
2023-12-08 16:45:00+08:00,0.8722483871363751,2.4971607665371864e-11,9.660450599995394e-10,7.797347978791644e-08,0.12775153389912836,Normal,0,0.1277516128636249,Normal,Normal,Normal,Normal,Normal
2023-12-08 17:00:00+08:00,0.9883146056592119,1.6985187366490695e-11,3.5816714149277407e-10,5.652966433889837e-08,0.011685337435971364,Normal,0,0.01168539434078808,Normal,Normal,Normal,Normal,Normal
2023-12-09 07:30:00+08:00,0.8835476171052937,3.229258390389127e-11,8.27010567782987e-10,9.704768854370554e-08,0.11645228498771462,Normal,0,0.11645238289470627,Normal,Normal,Normal,Normal,Normal
2023-12-09 07:45:00+08:00,0.8578900881914763,2.4338963690917366e-11,7.838000332336451e-10,9.909620433497725e-08,0.14210981190418043,Normal,0,0.14210991180852373,Normal,Normal,Normal,Normal,Normal
2023-12-09 08:00:00+08:00,0.8483551181143838,1.9341702966428573e-11,7.872810338961789e-10,9.071897716915767e-08,0.15164479036001638,Normal,0,0.1516448818856162,Normal,Normal,Normal,Normal,Normal
2023-12-09 08:15:00+08:00,0.8490101541160495,8.364090834849775e-12,9.171368451982881e-10,4.6555126906200054e-08,0.15098979840332252,Normal,0,0.15098984588395048,Normal,Normal,Normal,Normal,Normal
2023-12-09 08:30:00+08:00,0.8495724763099052,1.0130706132499864e-11,1.4589688284681977e-09,2.678580772534537e-08,0.15042749543518766,Normal,0,0.15042752369009482,Normal,Normal,Normal,Normal,Normal
2023-12-09 08:45:00+08:00,0.7835559633085277,8.099596553541449e-12,2.153594810947077e-09,2.3740094814255647e-08,0.2164440107896831,Normal,0,0.21644403669147227,Normal,Normal,Normal,Normal,Normal
2023-12-09 09:00:00+08:00,0.4970636140240633,3.31311941018327e-12,2.9625229245591883e-09,2.2172275156747093e-08,0.5029363608378256,Shadowing,1,0.5029363859759367,Normal,Shadowing,Shadowing,Shadowing,Normal
2023-12-09 09:15:00+08:00,0.021146042361621327,3.888178779131219e-13,3.978555747762136e-09,3.0714352692629243e-10,0.9788539533522906,Shadowing,1,0.9788539576383787,Shadowing,Shadowing,Shadowing,Shadowing,Shadowing
2023-12-09 09:30:00+08:00,0.2744085524656435,5.682231836286395e-09,7.574122872220146e-08,1.3437643009078012e-09,0.7255913647671316,Shadowing,1,0.7255914475343566,Normal,Shadowing,Shadowing,Shadowing,Shadowing
2023-12-09 09:45:00+08:00,0.5587243934157307,9.72342718364179e-10,1.726736599518754e-08,8.374946123335458e-09,0.44127557996961453,Normal,0,0.44127560658426934,Normal,Normal,Normal,Shadowing,Shadowing
2023-12-09 10:00:00+08:00,0.7036469559827612,8.155558012797366e-10,8.021154892680991e-09,1.5935495602395296e-08,0.29635301924503255,Normal,0,0.29635304401723883,Normal,Normal,Normal,Normal,Shadowing
2023-12-09 10:15:00+08:00,0.6304098634938488,3.07078135212473e-10,1.2055588517509764e-08,1.5318302738828494e-08,0.36959010882518195,Normal,0,0.36959013650615125,Normal,Normal,Normal,Normal,Shadowing
2023-12-09 10:30:00+08:00,0.04418832226372878,2.841814202943152e-07,2.0720399862952378e-07,8.346798055532741e-11,0.9558111862673844,Shadowing,1,0.9558116777362712,Shadowing,Shadowing,Shadowing,Shadowing,Shadowing
2023-12-09 10:45:00+08:00,0.00028537699215187444,3.896768319938115e-06,7.18969469994272e-08,6.213497024403481e-14,0.9997106543425192,Shadowing,1,0.9997146230078481,Shadowing,Shadowing,Shadowing,Shadowing,Shadowing
2023-12-09 11:00:00+08:00,0.7288891077962223,3.3613470788045075e-10,8.704842712118583e-09,1.766310494538321e-08,0.2711108654996953,Normal,0,0.2711108922037777,Normal,Normal,Normal,Normal,Shadowing
2023-12-09 11:15:00+08:00,0.5584795155046753,2.2398996943005089e-10,1.470397649848325e-08,1.3802072864787062e-08,0.4415204557652853,Normal,0,0.44152048449532466,Normal,Normal,Normal,Normal,Shadowing
2023-12-09 11:30:00+08:00,0.0002680313492812449,4.276246325003924e-06,6.258385926776431e-08,3.5650652167405415e-13,0.999727629820178,Shadowing,1,0.9997319686507188,Shadowing,Shadowing,Shadowing,Shadowing,Shadowing
2023-12-09 11:45:00+08:00,0.1427838462208722,1.4402542464652505e-07,1.674663437959792e-07,9.105537072697021e-11,0.8572158421963039,Shadowing,1,0.8572161537791279,Normal,Shadowing,Shadowing,Shadowing,Shadowing
2023-12-09 12:00:00+08:00,0.09442798564832502,1.566917719160176e-07,2.1728588708573608e-07,1.891054352303043e-11,0.9055716403551056,Shadowing,1,0.905572014351675,Shadowing,Shadowing,Shadowing,Shadowing,Shadowing
2023-12-09 12:15:00+08:00,0.18305632410145908,4.4477712648939406e-11,3.371183954727686e-08,5.4186733847945514e-09,0.8169436367235502,Shadowing,1,0.8169436758985409,Shadowing,Shadowing,Shadowing,Shadowing,Shadowing
2023-12-09 12:30:00+08:00,0.09821095320431042,3.9909963114879657e-13,7.818739614330762e-09,3.2539392016484607e-09,0.9017890357226117,Shadowing,1,0.9017890467956896,Shadowing,Shadowing,Shadowing,Shadowing,Shadowing
2023-12-09 12:45:00+08:00,0.00684063606725543,1.6653904802612964e-14,2.6627411288533223e-10,1.8319817416194146e-10,0.9931593634832556,Shadowing,1,0.9931593639327446,Shadowing,Shadowing,Shadowing,Shadowing,Shadowing
2023-12-09 13:00:00+08:00,0.23757679145957034,3.1679780020518587e-12,7.338140495716466e-09,2.8178017879289017e-09,0.7624231983813193,Shadowing,1,0.7624232085404297,Normal,Shadowing,Shadowing,Shadowing,Shadowing
2023-12-09 13:15:00+08:00,0.025677707187215165,1.1780582564538974e-13,1.2687252620093026e-09,3.9484541132152956e-10,0.9743222911490964,Shadowing,1,0.9743222928127848,Shadowing,Shadowing,Shadowing,Shadowing,Shadowing
2023-12-09 13:30:00+08:00,0.0066489753188002975,1.591769086346423e-14,2.0648382723912883e-10,8.574179078693283e-11,0.9933510243889583,Shadowing,1,0.9933510246811997,Shadowing,Shadowing,Shadowing,Shadowing,Shadowing
2023-12-09 13:45:00+08:00,0.10544264701727084,3.990469626498715e-13,1.3806325395400408e-09,3.446484278686684e-09,0.8945573481552133,Shadowing,1,0.8945573529827292,Shadowing,Shadowing,Shadowing,Shadowing,Shadowing
2023-12-09 14:00:00+08:00,0.745488418508437,3.678623734807662e-10,7.942417861673015e-09,1.8213363801160997e-08,0.25451155496791894,Normal,0,0.25451158149156305,Normal,Normal,Normal,Normal,Shadowing
2023-12-09 14:15:00+08:00,0.7410017109079067,1.209079836508847e-11,3.4475730738981558e-09,2.323795135771185e-08,0.25899826239447826,Normal,0,0.2589982890920933,Normal,Normal,Normal,Normal,Normal
2023-12-09 14:30:00+08:00,0.8130262564742237,1.8239346705166632e-11,2.6718205334674763e-09,2.2923553132491968e-08,0.18697371791216333,Normal,0,0.18697374352577634,Normal,Normal,Normal,Normal,Normal
2023-12-09 14:45:00+08:00,0.8060116938347974,1.545535321234741e-11,2.6008834337441317e-09,2.3137864795170928e-08,0.19398828041099891,Normal,0,0.19398830616520257,Normal,Normal,Normal,Normal,Normal
2023-12-09 15:00:00+08:00,0.5293513343226379,4.0015772234651155e-12,3.2015121650107038e-09,2.3019421911909647e-08,0.4706486394524264,Normal,0,0.4706486656773621,Normal,Normal,Shadowing,Shadowing,Normal
2023-12-09 15:15:00+08:00,0.7679959681190405,5.136600156464449e-12,1.626289202187619e-09,2.5743105276402896e-08,0.23200400450642836,Normal,0,0.23200403188095953,Normal,Normal,Normal,Normal,Normal
2023-12-09 15:30:00+08:00,0.7343357737251811,1.508805557347069e-11,3.913022006405897e-09,2.2777909177755626e-08,0.2656641995687997,Normal,0,0.2656642262748189,Normal,Normal,Normal,Normal,Normal
2023-12-09 15:45:00+08:00,0.8149525363157831,6.54808161870112e-12,1.3737099407132757e-09,2.8347296198316874e-08,0.18504743395666262,Normal,0,0.18504746368421687,Normal,Normal,Normal,Normal,Normal
2023-12-09 16:00:00+08:00,0.835984961983324,1.7891012439651454e-11,6.945913081596408e-10,1.0188514920700482e-07,0.16401493541904458,Normal,0,0.16401503801667605,Normal,Normal,Normal,Normal,Normal
2023-12-09 16:15:00+08:00,0.8872054155867648,2.7614961411687277e-11,1.1430226427443105e-09,6.230715386816536e-08,0.11279452093544377,Normal,0,0.1127945844132352,Normal,Normal,Normal,Normal,Normal
2023-12-09 16:30:00+08:00,0.9139415537871779,2.7625513951488546e-11,7.028494598976535e-10,9.572641081155077e-08,0.0860583497559364,Normal,0,0.0860584462128221,Normal,Normal,Normal,Normal,Normal
2023-12-09 16:45:00+08:00,0.9854403033137329,2.0977621775878756e-11,4.158597271285165e-10,6.243835101472495e-08,0.01455963381107867,Normal,0,0.01455969668626711,Normal,Normal,Normal,Normal,Normal
2023-12-09 17:00:00+08:00,0.9973061919576042,8.386419857713038e-12,2.0537416302515703e-10,2.857699789390929e-08,0.0026937792516374395,Normal,0,0.002693808042395829,Normal,Normal,Normal,Normal,Normal
2023-12-10 07:30:00+08:00,0.8907198829186989,1.8062425069461514e-11,1.2348479344006151e-09,3.7083460589605794e-08,0.10928007874493022,Normal,0,0.10928011708130114,Normal,Normal,Normal,Normal,Normal
2023-12-10 07:45:00+08:00,0.8492095936557739,4.152202161275454e-11,2.8026323767740388e-09,2.279231747791479e-08,0.15079038070775413,Normal,0,0.15079040634422614,Normal,Normal,Normal,Normal,Normal
2023-12-10 08:00:00+08:00,0.8597226991984671,1.750047135541609e-11,1.8691230857298755e-09,2.5006108589412985e-08,0.14027727390880068,Normal,0,0.1402773008015329,Normal,Normal,Normal,Normal,Normal
2023-12-10 08:15:00+08:00,0.04304958097671345,2.0936987311923277e-13,1.5145168316068999e-09,9.028652360977863e-10,0.956950416605695,Shadowing,1,0.9569504190232866,Shadowing,Shadowing,Shadowing,Shadowing,Shadowing
2023-12-10 08:30:00+08:00,0.0010587087210627785,6.116051234102647e-14,8.043071853698615e-11,4.634371970443516e-11,0.9989412911521016,Shadowing,1,0.9989412912789373,Shadowing,Shadowing,Shadowing,Shadowing,Shadowing
2023-12-10 08:45:00+08:00,0.009084083999887112,1.644183180357721e-11,1.5058584900575756e-09,2.3544214020657168e-09,0.9909159121233913,Shadowing,1,0.9909159160001129,Shadowing,Shadowing,Shadowing,Shadowing,Shadowing
2023-12-10 09:00:00+08:00,0.0034123343795428446,1.1796041562874648e-10,8.341724358327947e-10,1.8109157547101927e-09,0.9965876628574085,Shadowing,1,0.9965876656204572,Shadowing,Shadowing,Shadowing,Shadowing,Shadowing
2023-12-10 09:15:00+08:00,0.00024793026348761816,3.313801766403514e-08,2.076345981925383e-08,3.6775622445086494e-14,0.999752015834998,Shadowing,1,0.9997520697365124,Shadowing,Shadowing,Shadowing,Shadowing,Shadowing
2023-12-10 09:30:00+08:00,0.014660620304783486,3.9330202067098534e-11,2.3310110294637278e-08,6.108328642449289e-11,0.9853393562846927,Shadowing,1,0.9853393796952166,Shadowing,Shadowing,Shadowing,Shadowing,Shadowing
2023-12-10 09:45:00+08:00,0.14740353231260336,2.473850645535321e-10,1.1467007937723939e-07,1.6536580087180116e-10,0.8525963526045665,Shadowing,1,0.8525964676873966,Shadowing,Shadowing,Shadowing,Shadowing,Shadowing
2023-12-10 10:00:00+08:00,0.5253073991552594,2.011054798440472e-11,6.401392169360756e-08,5.6194904927506095e-09,0.4746925311912179,Normal,0,0.47469260084474063,Shadowing,Shadowing,Normal,Shadowing,Normal
2023-12-10 10:15:00+08:00,0.1555430141726513,1.4616328453817415e-12,8.22533237435415e-09,1.2523071005889597e-08,0.8444569650774836,Shadowing,1,0.8444569858273487,Shadowing,Shadowing,Shadowing,Shadowing,Shadowing
2023-12-10 10:30:00+08:00,0.22986454812167678,1.2475707866060695e-12,1.1063783099166825e-08,1.471596885501393e-08,0.7701354260973237,Shadowing,1,0.7701354518783232,Shadowing,Shadowing,Shadowing,Shadowing,Shadowing
2023-12-10 10:45:00+08:00,0.10647673803790025,8.036506400608849e-12,4.796900248083333e-08,1.3172121613312983e-09,0.8935232126678487,Shadowing,1,0.8935232619620997,Shadowing,Shadowing,Shadowing,Shadowing,Shadowing
2023-12-10 11:00:00+08:00,0.4106070785641546,4.589646180391563e-11,5.214501740066955e-08,1.286118591521939e-08,0.5893928563837456,Shadowing,1,0.5893929214358453,Shadowing,Shadowing,Shadowing,Shadowing,Normal
2023-12-10 11:15:00+08:00,0.023175945582437307,5.131944662058618e-11,5.8777537440290446e-09,3.6469370848233498e-09,0.9768240448415526,Shadowing,1,0.9768240544175627,Shadowing,Shadowing,Shadowing,Shadowing,Shadowing
2023-12-10 11:30:00+08:00,0.05211935098017868,1.4424292773852189e-08,3.6769855576743564e-08,1.2952184835563153e-08,0.9478805848734881,Shadowing,1,0.9478806490198213,Shadowing,Shadowing,Shadowing,Shadowing,Shadowing
2023-12-10 11:45:00+08:00,3.188560848033674e-05,0.03680966090197861,0.015476195771952996,3.223226218980396e-07,0.9476819353949661,Shadowing,1,0.9999681143915197,Shadowing,Shadowing,Shadowing,Shadowing,Shadowing
2023-12-10 12:00:00+08:00,2.04355455712111e-06,0.0001439923804839838,3.276684052669556e-05,2.8752658724547637e-09,0.9998211943491663,Shadowing,1,0.9999979564454429,Shadowing,Shadowing,Shadowing,Shadowing,Shadowing
2023-12-10 12:15:00+08:00,0.00012464686775279357,0.14607856145138315,0.5236709618356963,0.031246042614399238,0.2988797872307684,Degradation,1,0.9998753531322472,Degradation,Degradation,Shadowing,Degradation,Degradation
2023-12-10 12:30:00+08:00,9.604606442240729e-06,0.016443004988792594,0.03963118705079611,0.04011443519416849,0.9038017681598006,Shadowing,1,0.9999903953935577,Shadowing,Shadowing,Shadowing,Shadowing,Shadowing
2023-12-10 12:45:00+08:00,0.00021806760590598983,1.5862522869145873e-05,4.01703542111027e-06,1.39466660090883e-11,0.999762052821857,Shadowing,1,0.999781932394094,Shadowing,Shadowing,Shadowing,Shadowing,Shadowing
2023-12-10 13:00:00+08:00,1.202543344065869e-06,0.00011899530647408937,1.6243630315413955e-05,3.8306426616258125e-11,0.9998635584815598,Shadowing,1,0.999998797456656,Shadowing,Shadowing,Shadowing,Shadowing,Shadowing
2023-12-10 13:15:00+08:00,0.008992132380000841,3.3990546005595243e-07,8.553558542303051e-07,3.3245503174710425e-10,0.9910066720262298,Shadowing,1,0.9910078676199991,Shadowing,Shadowing,Shadowing,Shadowing,Shadowing
2023-12-10 13:30:00+08:00,0.04249716327088594,2.209259522253602e-09,3.0265922062135455e-08,1.0043275794101886e-08,0.9575027942106565,Shadowing,1,0.9575028367291141,Shadowing,Shadowing,Shadowing,Shadowing,Shadowing
2023-12-10 13:45:00+08:00,0.047635889419821734,5.761592904003559e-09,3.445891941003844e-08,1.3847551511281268e-08,0.9523640565121145,Shadowing,1,0.9523641105801782,Shadowing,Shadowing,Shadowing,Shadowing,Shadowing
2023-12-10 14:00:00+08:00,0.17571026983105825,1.0267917649015329e-09,7.636623367427605e-08,1.8436442621047054e-08,0.8242896343394737,Shadowing,1,0.8242897301689418,Shadowing,Shadowing,Shadowing,Shadowing,Shadowing
2023-12-10 14:15:00+08:00,0.30543214266803187,6.88739358122079e-12,2.1189307617085317e-08,1.7128024629261042e-08,0.6945678190077486,Shadowing,1,0.6945678573319681,Shadowing,Shadowing,Shadowing,Shadowing,Shadowing
2023-12-10 14:30:00+08:00,0.4908605209289297,1.4600784228909959e-12,2.795467446706469e-08,1.134685372866729e-08,0.5091394397680821,Shadowing,1,0.5091394790710704,Normal,Normal,Shadowing,Shadowing,Normal
2023-12-10 14:45:00+08:00,0.06292243686782883,1.946749184991968e-12,1.4087989741251468e-08,6.709427654404845e-10,0.9370775483712919,Shadowing,1,0.9370775631321712,Shadowing,Shadowing,Shadowing,Shadowing,Shadowing
2023-12-10 15:00:00+08:00,0.2449065195601044,5.365014062895543e-12,1.2655508869058738e-08,2.7533416654964442e-09,0.7550934650256801,Shadowing,1,0.7550934804398957,Normal,Shadowing,Shadowing,Shadowing,Shadowing
2023-12-10 15:15:00+08:00,0.6478341049993698,1.8263666136844405e-11,6.558139801722913e-09,2.1317208269889746e-08,0.35216586710701847,Normal,0,0.3521658950006302,Normal,Normal,Shadowing,Normal,Normal
2023-12-10 15:30:00+08:00,0.7201344745003231,1.8040367566504535e-11,4.536551049675212e-09,2.223525936276267e-08,0.27986549870982613,Normal,0,0.2798655254996769,Normal,Normal,Normal,Normal,Normal
2023-12-10 15:45:00+08:00,0.7862434818516153,1.0179259514079354e-11,2.411012391878141e-09,2.3578035630453977e-08,0.2137564921491574,Normal,0,0.2137565181483847,Normal,Normal,Normal,Normal,Normal
2023-12-10 16:00:00+08:00,0.8154954354695313,1.074864634527455e-11,1.9628636911112597e-09,2.3580476701944015e-08,0.1845045389763796,Normal,0,0.1845045645304687,Normal,Normal,Normal,Normal,Normal
2023-12-10 16:15:00+08:00,0.8603961827367511,1.2072193588722054e-11,1.5222998287049642e-09,2.5809163777098233e-08,0.139603789919713,Normal,0,0.13960381726324889,Normal,Normal,Normal,Normal,Normal
2023-12-10 16:30:00+08:00,0.8759771839005955,1.3366234657582447e-11,1.0630298218237308e-09,4.319341626751831e-08,0.12402277182959225,Normal,0,0.12402281609940446,Normal,Normal,Normal,Normal,Normal
2023-12-10 16:45:00+08:00,0.9225388284670224,2.7077918890737328e-11,6.772001471585219e-10,9.537639728002878e-08,0.0774610754523023,Normal,0,0.0774611715329776,Normal,Normal,Normal,Normal,Normal
2023-12-10 17:00:00+08:00,0.9939564734666859,1.2064740663614055e-11,2.742783544213883e-10,4.2002320257133994e-08,0.006043484244650749,Normal,0,0.006043526533314081,Normal,Normal,Normal,Normal,Normal
2023-12-11 07:30:00+08:00,0.8933480374536866,3.319974248976703e-11,8.04003908398745e-10,9.655663616206983e-08,0.10665186515247357,Normal,0,0.10665196254631337,Normal,Normal,Normal,Normal,Normal
2023-12-11 07:45:00+08:00,0.8179009079924591,5.4143687475249065e-12,9.457602497293096e-10,4.1991840223555273e-08,0.18209904906452618,Normal,0,0.18209909200754093,Normal,Normal,Normal,Normal,Normal
2023-12-11 08:00:00+08:00,0.7706127549314694,1.4151380631498323e-11,3.1158528191602755e-09,2.3141246597081235e-08,0.2293872187972798,Normal,0,0.2293872450685306,Normal,Normal,Normal,Normal,Normal
2023-12-11 08:15:00+08:00,0.7529210050236165,2.1352322761623918e-11,4.036229788478381e-09,2.220550995754336e-08,0.2470789687132915,Normal,0,0.24707899497638353,Normal,Normal,Normal,Normal,Normal
2023-12-11 08:30:00+08:00,0.6759340077015065,1.0618538854544695e-11,4.386937894200049e-09,2.3204943231567204e-08,0.3240659646959939,Normal,0,0.32406599229849353,Normal,Normal,Normal,Normal,Normal
2023-12-11 08:45:00+08:00,0.5109206670643581,1.528500027718956e-11,8.563489095026766e-09,1.4403639110329845e-08,0.4890793099532287,Normal,0,0.4890793329356419,Normal,Shadowing,Shadowing,Normal,Shadowing
2023-12-11 09:00:00+08:00,0.20396500565883985,2.4537920574097908e-12,8.858520968965741e-09,1.8515894858815705e-09,0.7960349836285958,Shadowing,1,0.7960349943411602,Normal,Shadowing,Shadowing,Shadowing,Shadowing
2023-12-11 09:15:00+08:00,0.1964800531065583,4.8991900625037606e-12,1.6207534777233004e-08,2.1099951955509897e-09,0.8035199285710126,Shadowing,1,0.8035199468934417,Normal,Shadowing,Shadowing,Shadowing,Shadowing
2023-12-11 09:30:00+08:00,0.03157880682216914,1.836667944915418e-12,1.1225659078609162e-08,1.0572681340136712e-09,0.9684211808930672,Shadowing,1,0.9684211931778308,Shadowing,Shadowing,Shadowing,Shadowing,Shadowing
2023-12-11 09:45:00+08:00,0.02188614605410038,1.878418084570307e-11,2.469505803031212e-08,1.3772590468303316e-10,0.9781138290943314,Shadowing,1,0.9781138539458997,Shadowing,Shadowing,Shadowing,Shadowing,Shadowing
2023-12-11 10:00:00+08:00,0.6106605847102589,5.356061529801913e-12,4.667999155002151e-08,8.762401214178408e-09,0.38933935984199225,Normal,0,0.38933941528974114,Shadowing,Shadowing,Normal,Normal,Normal
2023-12-11 10:15:00+08:00,0.3228669248766361,6.625898069570245e-12,6.430923504064483e-08,4.210831695098986e-09,0.6771330065966713,Shadowing,1,0.677133075123364,Shadowing,Shadowing,Shadowing,Shadowing,Shadowing
2023-12-11 10:30:00+08:00,0.5854021702376958,1.317499635947028e-11,5.648126289563982e-08,6.679703301926635e-09,0.4145977665881631,Normal,0,0.4145978297623042,Shadowing,Shadowing,Normal,Normal,Normal
2023-12-11 10:45:00+08:00,0.2912659376850136,8.09054441764296e-11,6.598292703439783e-08,1.0921616437815321e-08,0.7087339853295375,Shadowing,1,0.7087340623149865,Shadowing,Shadowing,Shadowing,Shadowing,Shadowing
2023-12-11 11:00:00+08:00,0.1160797693780776,1.5577130219041931e-09,5.860523432616314e-08,1.9654715346611472e-08,0.8839201508042596,Shadowing,1,0.8839202306219224,Shadowing,Shadowing,Shadowing,Shadowing,Shadowing
2023-12-11 11:15:00+08:00,0.18601276926805002,2.3149350387591117e-09,6.928752859791972e-08,2.1195089001857084e-08,0.8139871379343975,Shadowing,1,0.81398723073195,Shadowing,Shadowing,Shadowing,Shadowing,Shadowing
2023-12-11 11:30:00+08:00,0.07435920513560047,2.1346660407408167e-08,5.144005882990856e-08,8.749651619184587e-09,0.9256407133280286,Shadowing,1,0.9256407948643995,Shadowing,Shadowing,Shadowing,Shadowing,Shadowing
2023-12-11 11:45:00+08:00,0.21634285014391078,9.503514757099346e-10,1.4846812701153986e-07,4.951935496124799e-09,0.7836569954856752,Shadowing,1,0.7836571498560893,Shadowing,Shadowing,Shadowing,Shadowing,Shadowing
2023-12-11 12:00:00+08:00,0.11208800407784067,5.33804567692352e-09,4.6183386264591885e-08,2.033356929172292e-08,0.887911924067158,Shadowing,1,0.8879119959221593,Shadowing,Shadowing,Shadowing,Shadowing,Shadowing
2023-12-11 12:15:00+08:00,0.23268530032845436,5.152924450296998e-09,1.1304535882952564e-07,7.825772134470686e-09,0.7673145736474902,Shadowing,1,0.7673146996715456,Shadowing,Shadowing,Shadowing,Shadowing,Shadowing
2023-12-11 12:30:00+08:00,0.013776582330274154,1.7759591396114973e-07,7.69941168236783e-08,1.6000609109415057e-09,0.9862231614796342,Shadowing,1,0.9862234176697259,Shadowing,Shadowing,Shadowing,Shadowing,Shadowing
2023-12-11 12:45:00+08:00,0.29174840145921666,2.705769917707125e-06,4.835740956670471e-06,2.4159875631960053e-12,0.7082440570274929,Shadowing,1,0.7082515985407833,Shadowing,Shadowing,Shadowing,Shadowing,Shadowing
2023-12-11 13:00:00+08:00,3.0536942443057805e-06,7.412089263089333e-06,9.960087315176393e-06,3.4328440894123144e-08,0.9999795398007365,Shadowing,1,0.9999969463057556,Shadowing,Shadowing,Shadowing,Shadowing,Shadowing
2023-12-11 13:15:00+08:00,1.692251955313005e-06,0.0002952372774569845,6.0500793750574607e-05,4.277296240024473e-09,0.9996425653995408,Shadowing,1,0.9999983077480447,Shadowing,Shadowing,Shadowing,Shadowing,Shadowing
2023-12-11 13:30:00+08:00,0.000903137536850164,1.6212592543922956e-09,1.6511838608493634e-09,3.0541976432469195e-09,0.9990968561365092,Shadowing,1,0.9990968624631499,Shadowing,Shadowing,Shadowing,Shadowing,Shadowing
2023-12-11 13:45:00+08:00,0.025583498001548764,8.706171387786324e-13,7.710596900106787e-09,3.590419736446975e-10,0.9744164939279418,Shadowing,1,0.9744165019984512,Shadowing,Shadowing,Shadowing,Shadowing,Shadowing
2023-12-11 14:00:00+08:00,0.05331068096253326,2.4017754103779136e-09,3.692586567348383e-08,1.3751214637322373e-08,0.946689265958611,Shadowing,1,0.9466893190374668,Shadowing,Shadowing,Shadowing,Shadowing,Shadowing
2023-12-11 14:15:00+08:00,0.0004131664433007877,3.804905190127208e-08,1.3120096419862598e-07,4.4737668140537764e-09,0.9995866598329162,Shadowing,1,0.9995868335566992,Shadowing,Shadowing,Shadowing,Shadowing,Shadowing
2023-12-11 14:30:00+08:00,0.00011218586913356401,7.489593660611082e-11,3.122050130903475e-09,2.615888366126424e-10,0.9998878106723315,Shadowing,1,0.9998878141308665,Shadowing,Shadowing,Shadowing,Shadowing,Shadowing
2023-12-11 14:45:00+08:00,0.00032786068206950626,3.3625434869120117e-10,3.8821519376246256e-10,7.457913624934281e-10,0.9996721378476694,Shadowing,1,0.9996721393179305,Shadowing,Shadowing,Shadowing,Shadowing,Shadowing
2023-12-11 15:00:00+08:00,0.00022683646994461332,2.512421367621166e-10,9.173156199614517e-11,4.4163395545532813e-10,0.9997731627454478,Shadowing,1,0.9997731635300554,Shadowing,Shadowing,Shadowing,Shadowing,Shadowing
2023-12-11 15:15:00+08:00,0.6470483361014251,7.348039279334164e-12,3.743116210436116e-09,2.3868280198592422e-08,0.3529516362798304,Normal,0,0.3529516638985749,Normal,Normal,Shadowing,Normal,Normal
2023-12-11 15:30:00+08:00,0.841686955277804,1.0193970158136113e-10,4.0134864720164705e-09,2.165313757885103e-08,0.1583130189536322,Normal,0,0.15831304472219598,Normal,Normal,Normal,Normal,Normal
2023-12-11 15:45:00+08:00,0.7919683662255179,5.18961349752741e-12,1.3352384078302897e-09,2.909524123336402e-08,0.20803160333881282,Normal,0,0.20803163377448208,Normal,Normal,Normal,Normal,Normal
2023-12-11 16:00:00+08:00,0.5654969997748529,4.508813582469442e-09,8.153166571051515e-09,3.396480208091366e-08,0.4345029535983649,Normal,0,0.4345030002251471,Normal,Shadowing,Shadowing,Normal,Normal
2023-12-11 16:15:00+08:00,0.7992627776818879,5.409320815717786e-10,2.48804895256179e-09,6.461529587964055e-08,0.20073715467383516,Normal,0,0.20073722231811209,Normal,Normal,Normal,Normal,Normal
2023-12-11 16:30:00+08:00,0.902548275983581,4.548203248466623e-11,9.208078192037689e-10,9.666941207548704e-08,0.09745162638071689,Normal,0,0.097451724016419,Normal,Normal,Normal,Normal,Normal
2023-12-11 16:45:00+08:00,0.9710140291959511,3.082746125733004e-11,5.499802572368866e-10,8.359876645285959e-08,0.028985886624474756,Normal,0,0.028985970804048855,Normal,Normal,Normal,Normal,Normal
2023-12-11 17:00:00+08:00,0.9918907216442703,1.4934564739015297e-11,3.2163703077758435e-10,4.8168749154852905e-08,0.00810922985040899,Normal,0,0.008109278355729721,Normal,Normal,Normal,Normal,Normal
2023-12-12 07:30:00+08:00,0.8157358418443449,5.46574625826916e-12,8.146816092084372e-10,4.927387756526925e-08,0.18426410806163002,Normal,0,0.1842641581556551,Normal,Normal,Normal,Normal,Normal
2023-12-12 07:45:00+08:00,0.47800097820510834,1.79277211320636e-12,1.3561189608894958e-09,2.9666523565327306e-08,0.5219989907704564,Shadowing,1,0.5219990217948917,Normal,Shadowing,Shadowing,Shadowing,Shadowing
2023-12-12 08:00:00+08:00,0.05955982992019025,1.7581253983032814e-13,9.134391732661109e-10,1.7495911341794785e-09,0.9404401674166036,Shadowing,1,0.9404401700798097,Shadowing,Shadowing,Shadowing,Shadowing,Shadowing
2023-12-12 08:15:00+08:00,0.003051909726038145,4.3797382163930526e-15,6.811606456628013e-11,3.610198749572107e-11,0.9969480901697393,Shadowing,1,0.9969480902739618,Shadowing,Shadowing,Shadowing,Shadowing,Shadowing
2023-12-12 08:30:00+08:00,0.007107859612933176,1.7960044417881992e-14,5.839766168518481e-10,1.336870467851496e-10,0.9928921396693852,Shadowing,1,0.9928921403870669,Shadowing,Shadowing,Shadowing,Shadowing,Shadowing
2023-12-12 08:45:00+08:00,0.0320444054524017,1.7341226926489931e-12,2.3898450624464176e-09,5.230750807743412e-09,0.9679555869252683,Shadowing,1,0.9679555945475983,Shadowing,Shadowing,Shadowing,Shadowing,Shadowing
2023-12-12 09:00:00+08:00,0.05010591321615012,3.36259476005645e-11,1.0104070190699108e-08,9.177398487041703e-09,0.9498940674687553,Shadowing,1,0.9498940867838499,Shadowing,Shadowing,Shadowing,Shadowing,Shadowing
2023-12-12 09:15:00+08:00,0.44429969841943884,4.116201215107363e-11,6.778107701725888e-08,6.385706909882744e-09,0.5557002273726153,Shadowing,1,0.5557003015805612,Shadowing,Shadowing,Normal,Shadowing,Normal
2023-12-12 09:30:00+08:00,0.1834218767981236,3.6191208833323143e-10,1.0116612519598506e-07,7.032728090192521e-09,0.816578014641111,Shadowing,1,0.8165781232018764,Shadowing,Shadowing,Shadowing,Shadowing,Shadowing
2023-12-12 09:45:00+08:00,0.23258895140080046,2.0797717918242667e-09,2.563913830721425e-07,1.093534340406919e-09,0.7674107890345103,Shadowing,1,0.7674110485991995,Shadowing,Shadowing,Shadowing,Shadowing,Shadowing
2023-12-12 10:00:00+08:00,0.21627543808499458,1.0483857489871947e-08,3.642795452466986e-07,4.400373336608281e-10,0.7837241867115654,Shadowing,1,0.7837245619150054,Shadowing,Shadowing,Shadowing,Shadowing,Shadowing
2023-12-12 10:15:00+08:00,0.0724321557890752,4.144377585913595e-07,4.774929902329162e-07,3.9958855814085456e-10,0.9275669518805876,Shadowing,1,0.9275678442109248,Shadowing,Shadowing,Shadowing,Shadowing,Shadowing
2023-12-12 10:30:00+08:00,0.042258751901207516,1.111984152178435e-06,2.3850280099727745e-06,2.1664659404824945e-10,0.9577377508699836,Shadowing,1,0.9577412480987925,Shadowing,Shadowing,Shadowing,Shadowing,Shadowing
2023-12-12 10:45:00+08:00,0.010351249157219414,2.7355163521788382e-06,9.393518159195584e-06,6.949531107926048e-11,0.989636621738774,Shadowing,1,0.9896487508427806,Shadowing,Shadowing,Shadowing,Shadowing,Shadowing
2023-12-12 11:00:00+08:00,1.0918574976946202e-05,2.812861536971019e-07,4.4219801602161764e-07,2.779188538524427e-10,0.9999883576629346,Shadowing,1,0.9999890814250231,Shadowing,Shadowing,Shadowing,Shadowing,Shadowing
2023-12-12 11:15:00+08:00,5.265446690882118e-06,6.598122307439917e-07,1.8138424380385011e-06,6.535417485441943e-10,0.9999922602450987,Shadowing,1,0.9999947345533091,Shadowing,Shadowing,Shadowing,Shadowing,Shadowing
2023-12-12 11:30:00+08:00,4.487404113334058e-06,1.4462256084143191e-06,3.7708052326766026e-06,7.3024635288386e-10,0.9999902948347993,Shadowing,1,0.9999955125958867,Shadowing,Shadowing,Shadowing,Shadowing,Shadowing
2023-12-12 11:45:00+08:00,4.042430009366801e-06,5.0369660637125305e-06,6.7349524095659115e-06,2.2143862546500296e-09,0.999984183437131,Shadowing,1,0.9999959575699906,Shadowing,Shadowing,Shadowing,Shadowing,Shadowing
2023-12-12 12:00:00+08:00,3.587833063903406e-06,1.4162689967857602e-05,1.0657846857473339e-05,5.782264853570582e-09,0.9999715858478458,Shadowing,1,0.9999964121669361,Shadowing,Shadowing,Shadowing,Shadowing,Shadowing
2023-12-12 12:15:00+08:00,4.024756910423084e-06,7.274721631513002e-06,8.308250374671214e-06,3.5891164165113276e-09,0.999980388681967,Shadowing,1,0.9999959752430896,Shadowing,Shadowing,Shadowing,Shadowing,Shadowing
2023-12-12 12:30:00+08:00,4.768747799652413e-06,4.18271294350773e-06,6.371380661249264e-06,2.727584390796311e-09,0.9999846744310112,Shadowing,1,0.9999952312522004,Shadowing,Shadowing,Shadowing,Shadowing,Shadowing
2023-12-12 12:45:00+08:00,5.427830373513225e-06,2.8668919302390477e-06,5.2542715725290725e-06,2.2637631009058622e-09,0.9999864487423606,Shadowing,1,0.9999945721696265,Shadowing,Shadowing,Shadowing,Shadowing,Shadowing
2023-12-12 13:00:00+08:00,6.6689871274342454e-06,9.429555857947298e-07,2.9052891242659627e-06,1.1613340602658923e-09,0.9999894816068284,Shadowing,1,0.9999933310128726,Shadowing,Shadowing,Shadowing,Shadowing,Shadowing
2023-12-12 13:15:00+08:00,3.79058130904878e-06,2.1881776040910095e-07,5.485537550763897e-07,8.052653706338159e-10,0.9999954412419101,Shadowing,1,0.9999962094186909,Shadowing,Shadowing,Shadowing,Shadowing,Shadowing
2023-12-12 13:30:00+08:00,9.46883447228303e-06,1.456515604133843e-07,1.56324732074954e-07,1.2071524400451248e-09,0.9999902279820827,Shadowing,1,0.9999905311655277,Shadowing,Shadowing,Shadowing,Shadowing,Shadowing
2023-12-12 13:45:00+08:00,9.041943433162836e-05,5.362500902601609e-08,1.6081293774513412e-07,2.1934812332913645e-09,0.9999093639342403,Shadowing,1,0.9999095805656684,Shadowing,Shadowing,Shadowing,Shadowing,Shadowing
2023-12-12 14:00:00+08:00,0.00046254931269490505,3.773356873185954e-08,1.3043996784472588e-07,4.636320967381525e-09,0.9995372778774476,Shadowing,1,0.999537450687305,Shadowing,Shadowing,Shadowing,Shadowing,Shadowing
2023-12-12 14:15:00+08:00,0.0008273677489175107,2.527236790342066e-08,9.057445623098301e-08,8.395395592615794e-09,0.9991725080088628,Shadowing,1,0.9991726322510824,Shadowing,Shadowing,Shadowing,Shadowing,Shadowing
2023-12-12 14:30:00+08:00,0.0010880270716572215,4.855613682323919e-09,5.177865968885255e-09,4.86887777014562e-09,0.9989119580259855,Shadowing,1,0.9989119729283428,Shadowing,Shadowing,Shadowing,Shadowing,Shadowing
2023-12-12 14:45:00+08:00,0.0016122525768516968,8.523480603877567e-10,4.966017270366564e-10,2.44030550468212e-09,0.998387743633893,Shadowing,1,0.9983877474231483,Shadowing,Shadowing,Shadowing,Shadowing,Shadowing
2023-12-12 15:00:00+08:00,0.0031033009921448374,5.884798082329553e-11,5.597032438703103e-10,2.6449020178370407e-09,0.9968966957444019,Shadowing,1,0.9968966990078552,Shadowing,Shadowing,Shadowing,Shadowing,Shadowing
2023-12-12 15:15:00+08:00,0.014871635986957241,3.4510676383869487e-13,1.2913772852168975e-09,1.1366866575176479e-09,0.9851283615846336,Shadowing,1,0.9851283640130427,Shadowing,Shadowing,Shadowing,Shadowing,Shadowing
2023-12-12 15:30:00+08:00,0.11571635587605142,3.65644895072615e-12,1.7740790672272685e-08,1.3154231502531373e-09,0.8842836250640783,Shadowing,1,0.8842836441239486,Shadowing,Shadowing,Shadowing,Shadowing,Shadowing
2023-12-12 15:45:00+08:00,0.0002569804579885751,2.3637752377484756e-06,4.586668029061068e-08,5.898183309918584e-12,0.9997406098941951,Shadowing,1,0.9997430195420114,Shadowing,Shadowing,Shadowing,Shadowing,Shadowing
2023-12-12 16:00:00+08:00,0.7475613623128086,1.0863749667751248e-09,6.92255253404654e-09,1.985160257111037e-08,0.25243860982666133,Normal,0,0.25243863768719144,Normal,Normal,Normal,Normal,Shadowing
2023-12-12 16:15:00+08:00,0.8553685955568755,7.386560658360343e-11,3.2457927592558693e-09,2.2411450501543963e-08,0.14463137871201565,Normal,0,0.1446314044431245,Normal,Normal,Normal,Normal,Normal
2023-12-12 16:30:00+08:00,0.8847642347954441,1.7441404710326048e-11,1.5035790037806319e-09,2.757734618596696e-08,0.11523573610618934,Normal,0,0.11523576520455592,Normal,Normal,Normal,Normal,Normal
2023-12-12 16:45:00+08:00,0.8918669883774365,2.838786418213091e-11,7.542932451238019e-10,9.6608419973579e-08,0.10813291423146235,Normal,0,0.1081330116225635,Normal,Normal,Normal,Normal,Normal
2023-12-12 17:00:00+08:00,0.9680337513780228,2.2091620622630333e-11,4.5584347371625945e-10,8.52854445519748e-08,0.031966162858597554,Normal,0,0.03196624862197717,Normal,Normal,Normal,Normal,Normal
2023-12-13 07:45:00+08:00,0.9994196561974243,2.794469313748641e-12,9.252719947108914e-11,1.1509965014842071e-08,0.0005803321972889892,Normal,0,0.0005803438025756558,Normal,Normal,Normal,Normal,Normal
2023-12-13 08:00:00+08:00,0.9988102454146706,4.633631465926827e-12,1.3579651942638483e-10,1.7694783075108305e-08,0.001189736750116316,Normal,0,0.001189754585329439,Normal,Normal,Normal,Normal,Normal
2023-12-13 08:15:00+08:00,0.9971722116312339,8.816429896626999e-12,2.1266645839929969e-10,2.9423907881142037e-08,0.0028277587233752786,Normal,0,0.002827788368766071,Normal,Normal,Normal,Normal,Normal
2023-12-13 08:30:00+08:00,0.9848765735723143,1.7070114966692707e-11,3.646586442300539e-10,6.299834370715135e-08,0.015123363047613195,Normal,0,0.015123426427685716,Normal,Normal,Normal,Normal,Normal
2023-12-13 08:45:00+08:00,0.9887685945579582,1.178943641910809e-11,2.7479176332153933e-10,5.531417862138681e-08,0.011231349841281919,Normal,0,0.01123140544204182,Normal,Normal,Normal,Normal,Normal
2023-12-13 09:00:00+08:00,0.9402038186487124,3.3924900872672595e-11,7.087658435360792e-10,9.27489230577549e-08,0.05979608785967387,Normal,0,0.059796181351287614,Normal,Normal,Normal,Normal,Normal
2023-12-13 09:15:00+08:00,0.9544827436301787,2.3755742454188416e-11,4.997789473408918e-10,9.426177526032019e-08,0.04551716158451132,Normal,0,0.04551725636982129,Normal,Normal,Normal,Normal,Normal
2023-12-13 09:30:00+08:00,0.954455037767854,2.2113893859385197e-11,4.729430863847951e-10,9.523281900097579e-08,0.04554486650427001,Normal,0,0.04554496223214599,Normal,Normal,Normal,Normal,Normal
2023-12-13 09:45:00+08:00,0.8997159199498551,4.0016216478459246e-11,8.647247363701188e-10,9.649213630798559e-08,0.10028398265326761,Normal,0,0.10028408005014489,Normal,Normal,Normal,Normal,Normal
2023-12-13 10:00:00+08:00,0.8522753981993958,1.3485234549446699e-11,8.404687797880533e-10,6.862286787175571e-08,0.1477245323237822,Normal,0,0.1477246018006042,Normal,Normal,Normal,Normal,Normal
2023-12-13 10:15:00+08:00,0.8787538711114949,1.2826211372219273e-11,1.1414978779013765e-09,3.5834906797362425e-08,0.1212460918992742,Normal,0,0.12124612888850506,Normal,Normal,Normal,Normal,Normal
2023-12-13 10:30:00+08:00,0.8536139519036248,1.7471945645854432e-11,1.946892392818856e-09,2.464744383251216e-08,0.14638602148456714,Normal,0,0.14638604809637523,Normal,Normal,Normal,Normal,Normal
2023-12-13 10:45:00+08:00,0.8436250098369463,3.359564906838764e-11,2.7241110961181696e-09,2.2843283872138705e-08,0.15637496456206298,Normal,0,0.15637499016305367,Normal,Normal,Normal,Normal,Normal
2023-12-13 11:00:00+08:00,0.22874689844205814,8.743541663664104e-13,1.660352209018219e-09,9.553548701276395e-09,0.7712530903431667,Shadowing,1,0.7712531015579418,Normal,Shadowing,Shadowing,Shadowing,Shadowing
2023-12-13 11:15:00+08:00,0.003108003641367725,6.4057289198638515e-15,8.562257743862691e-11,4.884837631241645e-11,0.9968919962241548,Shadowing,1,0.9968919963586322,Shadowing,Shadowing,Shadowing,Shadowing,Shadowing
2023-12-13 11:30:00+08:00,0.010425459225523657,1.5813887618272428e-14,1.6812022393836428e-10,1.69411166283095e-10,0.9895745404369289,Shadowing,1,0.9895745407744764,Shadowing,Shadowing,Shadowing,Shadowing,Shadowing
2023-12-13 11:45:00+08:00,0.08646798745257492,3.2506180935035893e-13,1.2834494069622803e-09,2.7156266967598627e-09,0.913532008548024,Shadowing,1,0.9135320125474251,Shadowing,Shadowing,Shadowing,Shadowing,Shadowing
2023-12-13 12:00:00+08:00,0.405326960716493,3.518680855252182e-12,3.9621719876456e-09,1.5798543934813643e-08,0.5946730195192724,Shadowing,1,0.594673039283507,Normal,Shadowing,Shadowing,Shadowing,Shadowing
2023-12-13 12:15:00+08:00,0.14708737675148348,5.020694789128499e-13,1.3768389810721208e-09,5.321204262937684e-09,0.8529126165499712,Shadowing,1,0.8529126232485165,Shadowing,Shadowing,Shadowing,Shadowing,Shadowing
2023-12-13 12:30:00+08:00,0.6648765326260018,4.134524519731326e-12,2.155749901210056e-09,2.5691916570812177e-08,0.33512343952219725,Normal,0,0.33512346737399823,Normal,Normal,Shadowing,Normal,Normal
2023-12-13 12:45:00+08:00,0.7837373276568419,6.8949590656708864e-12,1.9482252673156503e-09,2.38032920589211e-08,0.21626264658474587,Normal,0,0.2162626723431581,Normal,Normal,Normal,Normal,Normal
2023-12-13 13:00:00+08:00,0.789225649262091,1.433718949799949e-11,2.804849356817928e-09,2.3194648173951468e-08,0.21077432472407426,Normal,0,0.21077435073790896,Normal,Normal,Normal,Normal,Normal
2023-12-13 13:15:00+08:00,0.8857306499207622,1.633271465702766e-11,1.369599187666824e-09,3.032552245462589e-08,0.11426931836778345,Normal,0,0.11426935007923777,Normal,Normal,Normal,Normal,Normal
2023-12-13 13:30:00+08:00,0.8111270050187969,3.575176242284867e-11,3.5719020316548404e-09,2.2233777055567083e-08,0.1888729691397723,Normal,0,0.18887299498120314,Normal,Normal,Normal,Normal,Normal
2023-12-13 13:45:00+08:00,0.7550948934294984,2.554386820415867e-11,4.267593257004774e-09,2.1800415095272224e-08,0.24490508047694934,Normal,0,0.24490510657050157,Normal,Normal,Normal,Normal,Normal
2023-12-13 14:00:00+08:00,0.8418912969290757,6.281946676057205e-11,3.5113914767861694e-09,2.219583051663524e-08,0.158108677300883,Normal,0,0.15810870307092428,Normal,Normal,Normal,Normal,Normal
2023-12-13 14:15:00+08:00,0.8013856464332768,2.0282416648564852e-11,3.0114155614475487e-09,2.2698356139508957e-08,0.19861432783666902,Normal,0,0.1986143535667232,Normal,Normal,Normal,Normal,Normal
2023-12-13 14:30:00+08:00,0.8085314074266583,3.360834053866111e-11,3.546332062587821e-09,2.225882219848336e-08,0.1914685667345791,Normal,0,0.1914685925733417,Normal,Normal,Normal,Normal,Normal
2023-12-13 14:45:00+08:00,0.8369062792150043,1.2879725549654012e-11,1.877600900599004e-09,2.43041175668712e-08,0.1630936945903974,Normal,0,0.16309372078499573,Normal,Normal,Normal,Normal,Normal
2023-12-13 15:00:00+08:00,0.8156227714107475,1.0854626620793232e-11,1.971212346090184e-09,2.356343358479511e-08,0.1843772030437521,Normal,0,0.18437722858925254,Normal,Normal,Normal,Normal,Normal
2023-12-13 15:15:00+08:00,0.8384227569907162,6.8109968826884295e-12,9.482708620963488e-10,4.231387592929106e-08,0.1615771997403261,Normal,0,0.16157724300928378,Normal,Normal,Normal,Normal,Normal
2023-12-13 15:30:00+08:00,0.5990820719406148,3.3099868666830923e-12,7.270211113949281e-10,6.16175620308163e-08,0.400917865711492,Normal,0,0.4009179280593852,Normal,Normal,Normal,Shadowing,Normal
2023-12-13 15:45:00+08:00,0.8136877240113085,5.999452765281176e-12,7.624091009052228e-10,5.5858615374845e-08,0.18631221936166756,Normal,0,0.1863122759886915,Normal,Normal,Normal,Normal,Normal
2023-12-13 16:00:00+08:00,0.883223409530727,1.7089187291298618e-11,1.5165351067089318e-09,2.7171857433706635e-08,0.11677656176379134,Normal,0,0.11677659046927302,Normal,Normal,Normal,Normal,Normal
2023-12-13 16:15:00+08:00,0.8881913377310312,1.7053434667069556e-10,2.2959873496017126e-09,2.730752296484593e-08,0.11180863249492412,Normal,0,0.1118086622689688,Normal,Normal,Normal,Normal,Normal
2023-12-13 16:30:00+08:00,0.9411531414032815,2.5167743713448533e-11,5.820058996699969e-10,9.494502221033704e-08,0.05884676304452261,Normal,0,0.058846858596718454,Normal,Normal,Normal,Normal,Normal
2023-12-13 16:45:00+08:00,0.9976203060527711,5.393360843121106e-12,1.4639751360188141e-10,2.6720352312519192e-08,0.0023796670750857174,Normal,0,0.0023796939472289225,Normal,Normal,Normal,Normal,Normal
2023-12-13 17:00:00+08:00,0.9991481775631625,3.3607360511554786e-12,1.0558277465343044e-10,1.4521216249239626e-08,0.0008518078066777632,Normal,0,0.0008518224368374572,Normal,Normal,Normal,Normal,Normal
2023-12-14 07:45:00+08:00,0.8811366746182921,2.9749269463216954e-11,1.0627471284413185e-09,7.462170883796534e-08,0.11886324966750277,Normal,0,0.11886332538170785,Normal,Normal,Normal,Normal,Normal
2023-12-14 08:00:00+08:00,0.89162685176487,1.9973777133636375e-11,1.2336368698921685e-09,4.059520784865687e-08,0.10837310638631159,Normal,0,0.10837314823513,Normal,Normal,Normal,Normal,Normal
2023-12-14 08:15:00+08:00,0.8458859817968378,8.373393623327773e-12,8.878465301878322e-10,4.951276848280716e-08,0.15411396779417386,Normal,0,0.15411401820316217,Normal,Normal,Normal,Normal,Normal
2023-12-14 08:30:00+08:00,0.8354810493765296,8.541448349726571e-12,1.4491112877458658e-09,2.7043846781623803e-08,0.16451892212197095,Normal,0,0.16451895062347044,Normal,Normal,Normal,Normal,Normal
2023-12-14 08:45:00+08:00,0.5567181629046974,2.5731705629602282e-12,1.8435134925750037e-09,2.723579664621487e-08,0.44328180801341927,Normal,0,0.44328183709530256,Normal,Normal,Shadowing,Shadowing,Normal
2023-12-14 09:00:00+08:00,0.5079251201097918,3.4633920610199e-12,2.9930087631101925e-09,2.2547917328609136e-08,0.49207485434581877,Normal,0,0.49207487989020815,Normal,Shadowing,Shadowing,Shadowing,Normal
2023-12-14 09:15:00+08:00,0.0645050705801729,1.378135183277725e-13,6.556615401511919e-10,2.3226432660419363e-09,0.9354949264413847,Shadowing,1,0.9354949294198271,Shadowing,Shadowing,Shadowing,Shadowing,Shadowing
2023-12-14 09:30:00+08:00,0.05603728420794193,1.4129262630084168e-13,7.731816028941216e-10,1.6132657692161394e-09,0.9439627134054694,Shadowing,1,0.943962715792058,Shadowing,Shadowing,Shadowing,Shadowing,Shadowing
2023-12-14 09:45:00+08:00,0.732571739664668,5.854161393257707e-12,2.3069795325713724e-09,2.4045270346273767e-08,0.2674282339772279,Normal,0,0.26742826033533196,Normal,Normal,Normal,Normal,Normal
2023-12-14 10:00:00+08:00,0.8131876181381428,4.758971779739677e-11,3.913453380104322e-09,2.1937880187641034e-08,0.1868123559629339,Normal,0,0.18681238186185722,Normal,Normal,Normal,Normal,Normal
2023-12-14 10:15:00+08:00,0.49341149129075806,5.465749740526621e-12,4.56708289919313e-09,1.8785246485502747e-08,0.5065884853514467,Shadowing,1,0.5065885087092419,Normal,Shadowing,Shadowing,Shadowing,Shadowing
2023-12-14 10:30:00+08:00,0.266776912228206,2.4326170895771674e-12,4.566224587247659e-09,6.969394101713138e-09,0.7332230762337427,Shadowing,1,0.733223087771794,Normal,Shadowing,Shadowing,Shadowing,Shadowing
2023-12-14 10:45:00+08:00,0.391683733682587,2.975748539196139e-12,3.5285646521551354e-09,1.603904113673843e-08,0.6083162467468314,Shadowing,1,0.608316266317413,Normal,Shadowing,Shadowing,Shadowing,Shadowing
2023-12-14 11:00:00+08:00,0.009563251987526247,1.261744984379683e-14,3.049172928249371e-10,1.565333417527533e-10,0.9904367475510106,Shadowing,1,0.9904367480124737,Shadowing,Shadowing,Shadowing,Shadowing,Shadowing
2023-12-14 11:15:00+08:00,0.29518134952685504,1.7964664860340315e-12,3.1619333770190135e-08,7.812876773288461e-09,0.7048186110391378,Shadowing,1,0.704818650473145,Shadowing,Shadowing,Shadowing,Shadowing,Shadowing
2023-12-14 11:30:00+08:00,0.4788843715113872,4.490345309907953e-12,5.0893754897618245e-08,8.277593051866131e-09,0.5211155693127745,Shadowing,1,0.5211156284886128,Shadowing,Shadowing,Normal,Shadowing,Normal
2023-12-14 11:45:00+08:00,0.4693962812624485,3.393628260962044e-12,2.496846171695337e-08,1.621523239571374e-08,0.5306036775504637,Shadowing,1,0.5306037187375515,Normal,Shadowing,Normal,Shadowing,Normal
2023-12-14 12:00:00+08:00,0.02193549835582502,1.147086483416599e-11,1.4690168998740294e-08,7.559782932353879e-10,0.9780644861865568,Shadowing,1,0.978064501644175,Shadowing,Shadowing,Shadowing,Shadowing,Shadowing
2023-12-14 12:15:00+08:00,0.015276065416223655,1.6965880725080175e-13,1.985426998429087e-09,4.830903129279288e-10,0.9847239321150895,Shadowing,1,0.9847239345837764,Shadowing,Shadowing,Shadowing,Shadowing,Shadowing
2023-12-14 12:30:00+08:00,0.534359041079929,4.316337397175232e-11,1.2017721149253392e-08,1.3170332837058487e-08,0.46564093368885356,Normal,0,0.46564095892007096,Normal,Shadowing,Shadowing,Normal,Shadowing
2023-12-14 12:45:00+08:00,0.6545565769136894,5.272947868386341e-12,3.986189185391923e-08,8.754303446759398e-09,0.3454433744648424,Normal,0,0.3454434230863106,Normal,Shadowing,Normal,Normal,Normal
2023-12-14 13:00:00+08:00,0.021442853425022192,2.106646061509457e-11,2.519317887032358e-08,1.2291548167907102e-10,0.9785571212378169,Shadowing,1,0.9785571465749778,Shadowing,Shadowing,Shadowing,Shadowing,Shadowing
2023-12-14 13:15:00+08:00,0.026046530856172263,1.3359673451222374e-08,5.9193674675222064e-08,4.3096604490667406e-11,0.973953396547383,Shadowing,1,0.9739534691438277,Shadowing,Shadowing,Shadowing,Shadowing,Shadowing
2023-12-14 13:30:00+08:00,0.2662006635710815,2.6470835422654267e-10,4.934501577118166e-08,1.3655976563923633e-08,0.7337992731632178,Shadowing,1,0.7337993364289185,Normal,Shadowing,Shadowing,Shadowing,Shadowing
2023-12-14 13:45:00+08:00,0.4939944377343976,1.4933108743125186e-09,2.3718994892522898e-08,5.016783237134893e-09,0.5060055320365133,Shadowing,1,0.5060055622656023,Normal,Shadowing,Normal,Shadowing,Shadowing
2023-12-14 14:00:00+08:00,0.6250637603033316,6.612354911644894e-10,1.1842261502501412e-08,1.0745000178213755e-08,0.3749362164481712,Normal,0,0.37493623969666845,Normal,Normal,Normal,Shadowing,Shadowing
2023-12-14 14:15:00+08:00,0.719021960937129,7.426410942404271e-11,7.189113964601686e-09,1.931461961596995e-08,0.2809780124848733,Normal,0,0.280978039062871,Normal,Normal,Normal,Normal,Shadowing
2023-12-14 14:30:00+08:00,0.6944811879204971,1.2497446459547535e-11,4.455142533037909e-09,2.2887438306278424e-08,0.3055187847244246,Normal,0,0.30551881207950293,Normal,Normal,Normal,Normal,Normal
2023-12-14 14:45:00+08:00,0.6421367042056628,1.4104935392666466e-11,5.780820821900982e-09,2.1999278953983645e-08,0.3578632680001325,Normal,0,0.3578632957943372,Normal,Normal,Shadowing,Normal,Normal
2023-12-14 15:00:00+08:00,0.7354242827119014,4.1752073384942566e-11,5.652334496178556e-09,2.0654864609492376e-08,0.26457569093914746,Normal,0,0.2645757172880986,Normal,Normal,Normal,Normal,Shadowing
2023-12-14 15:15:00+08:00,0.6956354012556769,1.2135117438234686e-11,4.36277913838328e-09,2.2969387012350567e-08,0.3043645714000219,Normal,0,0.3043645987443231,Normal,Normal,Normal,Normal,Normal
2023-12-14 15:30:00+08:00,0.8008493243610039,2.4911229769809045e-11,3.291349362443529e-09,2.2438313492987915e-08,0.19915064988442194,Normal,0,0.19915067563899613,Normal,Normal,Normal,Normal,Normal
2023-12-14 15:45:00+08:00,0.8403282057209914,1.5447242558784815e-11,2.000456124518531e-09,2.4061597863995564e-08,0.15967176820150736,Normal,0,0.15967179427900857,Normal,Normal,Normal,Normal,Normal
2023-12-14 16:00:00+08:00,0.8879655393470886,1.6944557031293343e-11,1.1978839804395453e-09,3.8200412980691984e-08,0.1120344212376699,Normal,0,0.11203446065291145,Normal,Normal,Normal,Normal,Normal
2023-12-14 16:15:00+08:00,0.8548781228707967,1.6251749202916365e-11,8.42528631255348e-10,7.554634600849847e-08,0.1451218007240771,Normal,0,0.14512187712920332,Normal,Normal,Normal,Normal,Normal
2023-12-14 16:30:00+08:00,0.8743268031716879,3.548322624907054e-11,9.467287455427498e-10,9.672244888374354e-08,0.1256730991236513,Normal,0,0.12567319682831213,Normal,Normal,Normal,Normal,Normal
2023-12-14 16:45:00+08:00,0.9933387425307136,1.2215587561342683e-11,2.781528923586877e-10,4.385728291652795e-08,0.006661213321634963,Normal,0,0.0066612574692863635,Normal,Normal,Normal,Normal,Normal
2023-12-14 17:00:00+08:00,0.999077561155087,3.693854566386985e-12,1.139968065194523e-10,1.52262956174339e-08,0.0009224235009267591,Normal,0,0.0009224388449130538,Normal,Normal,Normal,Normal,Normal
2023-12-15 07:45:00+08:00,0.8292567378002399,1.335364098884763e-11,6.896970541999491e-10,8.962372190089027e-08,0.17074317187298763,Normal,0,0.1707432621997601,Normal,Normal,Normal,Normal,Normal
2023-12-15 08:00:00+08:00,0.6734452399970288,5.761263940524008e-12,2.8817398092197584e-09,2.4324650612307652e-08,0.3265547327908195,Normal,0,0.32655476000297123,Normal,Normal,Normal,Normal,Normal
2023-12-15 08:15:00+08:00,0.18676932767088028,1.9723343139577887e-12,8.487292209327885e-09,1.5754280640832067e-09,0.813230662264427,Shadowing,1,0.8132306723291197,Normal,Shadowing,Shadowing,Shadowing,Shadowing
2023-12-15 08:30:00+08:00,0.7157672856983088,6.325631033611415e-11,6.9735023543086964e-09,1.955052057746727e-08,0.28423268771441207,Normal,0,0.28423271430169117,Normal,Normal,Normal,Normal,Shadowing
2023-12-15 08:45:00+08:00,0.3203217319382535,1.8623871323936915e-11,1.6723514561020472e-08,5.231433208181263e-09,0.679678246088175,Shadowing,1,0.6796782680617466,Normal,Shadowing,Shadowing,Shadowing,Shadowing
2023-12-15 09:00:00+08:00,0.004780272650986814,1.986620078890586e-09,1.095122489778967e-09,4.377762886560491e-09,0.9952197198895079,Shadowing,1,0.9952197273490132,Shadowing,Shadowing,Shadowing,Shadowing,Shadowing
2023-12-15 09:15:00+08:00,0.0025150470361482635,1.5379298450810874e-09,6.879331619387871e-10,3.5063552843497106e-09,0.9974849472316334,Shadowing,1,0.9974849529638518,Shadowing,Shadowing,Shadowing,Shadowing,Shadowing
2023-12-15 09:30:00+08:00,0.1556462234269016,5.155542338392242e-10,1.7320858729923383e-07,9.043385415331204e-10,0.8443536019446183,Shadowing,1,0.8443537765730984,Shadowing,Shadowing,Shadowing,Shadowing,Shadowing
2023-12-15 09:45:00+08:00,0.24976879858663384,2.9369861844305003e-09,3.074225666201974e-07,1.1351404138055538e-09,0.7502308899186729,Shadowing,1,0.7502312014133662,Shadowing,Shadowing,Shadowing,Shadowing,Shadowing
2023-12-15 10:00:00+08:00,6.54347039616181e-07,4.575705846895663e-06,2.3933101575856496e-10,6.971013575355824e-19,0.9999947697077826,Shadowing,1,0.9999993456529603,Shadowing,Shadowing,Shadowing,Shadowing,Shadowing
2023-12-15 10:15:00+08:00,3.306878863147596e-06,3.545518561472173e-12,1.4717185755274226e-14,4.0045332700729746e-25,0.9999966931175767,Shadowing,1,0.9999966931211368,Shadowing,Shadowing,Shadowing,Shadowing,Shadowing
2023-12-15 10:30:00+08:00,6.706245969215941e-05,1.2923722368907223e-10,3.4561273948225997e-11,2.4221216950453586e-20,0.9999329373765093,Shadowing,1,0.9999329375403079,Shadowing,Shadowing,Shadowing,Shadowing,Shadowing
2023-12-15 10:45:00+08:00,0.5689617418694575,1.2790125539957275e-06,3.836888004338887e-06,1.4395262559848964e-10,0.4310331420860316,Normal,0,0.43103825813054253,Normal,Normal,Normal,Shadowing,Normal
2023-12-15 11:00:00+08:00,0.004867954176900085,2.9807692428814636e-07,5.584070960370956e-07,4.569604792394288e-10,0.9951311888821192,Shadowing,1,0.9951320458230999,Shadowing,Shadowing,Shadowing,Shadowing,Shadowing
2023-12-15 11:15:00+08:00,0.05616712048351422,1.2795132002549585e-07,1.81392123629258e-07,1.3501690197298648e-09,0.9438325688228731,Shadowing,1,0.9438328795164858,Shadowing,Shadowing,Shadowing,Shadowing,Shadowing
2023-12-15 11:30:00+08:00,6.271933712855015e-05,1.922957587537027e-07,5.946713795230597e-07,5.969416590772391e-10,0.9999364930987914,Shadowing,1,0.9999372806628715,Shadowing,Shadowing,Shadowing,Shadowing,Shadowing
2023-12-15 11:45:00+08:00,0.38931114546769613,8.876667892702089e-07,3.2478456706950044e-06,1.3336797293795585e-11,0.6106847190065071,Shadowing,1,0.6106888545323039,Shadowing,Shadowing,Shadowing,Shadowing,Shadowing
2023-12-15 12:00:00+08:00,0.00027862991510427655,4.7337755088354935e-08,1.4424813488217462e-07,3.9689387336511575e-09,0.9997211745300671,Shadowing,1,0.9997213700848957,Shadowing,Shadowing,Shadowing,Shadowing,Shadowing
2023-12-15 12:15:00+08:00,3.068769737225391e-06,0.00013396556879846769,5.2040514245087556e-05,8.138679011357135e-08,0.9998108437604291,Shadowing,1,0.9999969312302628,Shadowing,Shadowing,Shadowing,Shadowing,Shadowing
2023-12-15 12:30:00+08:00,7.239835204485748e-06,4.237448123910561e-07,1.0757044631816692e-06,8.221274155771275e-10,0.9999912598933924,Shadowing,1,0.9999927601647955,Shadowing,Shadowing,Shadowing,Shadowing,Shadowing
2023-12-15 12:45:00+08:00,9.0764103980381e-06,2.9399387327080117e-07,5.462393298294362e-07,9.24159917429332e-10,0.999990082432239,Shadowing,1,0.999990923589602,Shadowing,Shadowing,Shadowing,Shadowing,Shadowing
2023-12-15 13:00:00+08:00,4.841278277827622e-06,9.9371282162966e-07,2.73546108539881e-06,6.782023379487999e-10,0.9999914288696129,Shadowing,1,0.9999951587217222,Shadowing,Shadowing,Shadowing,Shadowing,Shadowing
2023-12-15 13:15:00+08:00,4.154919981583077e-07,1.5709932374133547e-09,1.0758735669231289e-06,3.5746654030576915e-09,0.9999985034887763,Shadowing,1,0.9999995845080019,Shadowing,Shadowing,Shadowing,Shadowing,Shadowing
2023-12-15 13:30:00+08:00,5.8577681101944955e-06,6.697833337304857e-07,1.950933268574353e-06,7.840508105045528e-10,0.9999915207312366,Shadowing,1,0.9999941422318898,Shadowing,Shadowing,Shadowing,Shadowing,Shadowing
2023-12-15 13:45:00+08:00,5.4182981606062496e-05,1.9954374661718974e-07,2.8008648463039577e-07,1.672735490611541e-09,0.9999453357154273,Shadowing,1,0.9999458170183939,Shadowing,Shadowing,Shadowing,Shadowing,Shadowing
2023-12-15 14:00:00+08:00,7.725773022283205e-05,3.1426475716410894e-08,1.3224907666766093e-07,1.6418041271238077e-09,0.9999225769524207,Shadowing,1,0.9999227422697772,Shadowing,Shadowing,Shadowing,Shadowing,Shadowing
2023-12-15 14:15:00+08:00,0.0004098347750999444,1.0515709723427414e-08,6.769269986380985e-08,4.137988022993803e-09,0.9995900828785025,Shadowing,1,0.9995901652249001,Shadowing,Shadowing,Shadowing,Shadowing,Shadowing
2023-12-15 14:30:00+08:00,0.0005721827580891463,1.5964249263599839e-09,2.385548885641937e-08,2.9206243271704114e-09,0.9994277888693727,Shadowing,1,0.9994278172419109,Shadowing,Shadowing,Shadowing,Shadowing,Shadowing
2023-12-15 14:45:00+08:00,0.0041044270991664415,1.8260676606108987e-09,9.580440972172006e-10,4.124473736793526e-09,0.995895565992248,Shadowing,1,0.9958955729008335,Shadowing,Shadowing,Shadowing,Shadowing,Shadowing
2023-12-15 15:00:00+08:00,0.001111636632105045,4.778961193694953e-10,3.9772175724983853e-10,1.6599062131451071e-09,0.9988883608323709,Shadowing,1,0.998888363367895,Shadowing,Shadowing,Shadowing,Shadowing,Shadowing
2023-12-15 15:15:00+08:00,0.00255567155338963,2.8403366540492813e-11,3.427639722321378e-10,1.951771740977687e-09,0.9974443261236713,Shadowing,1,0.9974443284466104,Shadowing,Shadowing,Shadowing,Shadowing,Shadowing
2023-12-15 15:30:00+08:00,0.2159317718266295,2.7028919408953318e-11,2.763398141935795e-08,4.527664839344589e-09,0.7840681959846953,Shadowing,1,0.7840682281733705,Normal,Shadowing,Shadowing,Shadowing,Shadowing
2023-12-15 15:45:00+08:00,4.736651187382781e-07,4.8099767660850695e-06,9.90701450159465e-11,1.2846464320764504e-18,0.999994716259045,Shadowing,1,0.9999995263348813,Shadowing,Shadowing,Shadowing,Shadowing,Shadowing
2023-12-15 16:00:00+08:00,0.13338208270275226,1.5243989505051254e-07,1.7234003952841158e-07,9.65464625663644e-11,0.8666175924207667,Shadowing,1,0.8666179172972477,Normal,Shadowing,Shadowing,Shadowing,Shadowing
2023-12-15 16:15:00+08:00,0.7016905952013996,8.566726497491384e-12,3.4667697603366433e-09,2.3714219503003577e-08,0.29830937760904425,Normal,0,0.29830940479860035,Normal,Normal,Normal,Normal,Normal
2023-12-15 16:30:00+08:00,0.8377535936828873,7.057470468029387e-12,1.1293405819168635e-09,3.502876015101932e-08,0.1622463701519545,Normal,0,0.16224640631711273,Normal,Normal,Normal,Normal,Normal
2023-12-15 16:45:00+08:00,0.9121662668705914,2.5971652340568778e-11,6.81664192889516e-10,9.697509510368456e-08,0.08783363544667763,Normal,0,0.08783373312940856,Normal,Normal,Normal,Normal,Normal
2023-12-15 17:00:00+08:00,0.9605047287169232,2.967451605809373e-11,5.710604388410911e-10,8.935159240217543e-08,0.03949518133074948,Normal,0,0.03949527128307684,Normal,Normal,Normal,Normal,Normal
2023-12-16 07:45:00+08:00,0.8850423427708621,4.502255661576885e-11,1.0869028338539034e-09,9.188061950319392e-08,0.11495756421659295,Normal,0,0.11495765722913787,Normal,Normal,Normal,Normal,Normal
2023-12-16 08:00:00+08:00,0.8448057947784224,2.018750926255993e-11,2.2037627758986464e-09,2.3815243620189113e-08,0.1551941791823836,Normal,0,0.15519420522157756,Normal,Normal,Normal,Normal,Normal
2023-12-16 08:15:00+08:00,0.8049356015121945,3.174161843195745e-11,3.5470966760010863e-09,2.2263266509733672e-08,0.1950643726457008,Normal,0,0.19506439848780555,Normal,Normal,Normal,Normal,Normal
2023-12-16 08:30:00+08:00,0.5460936167308965,1.1040728282005779e-09,1.7262911212573667e-08,5.9307666377901015e-09,0.45390635897135284,Normal,0,0.4539063832691035,Normal,Normal,Normal,Shadowing,Shadowing
2023-12-16 08:45:00+08:00,0.010354863749906048,8.964527378269805e-08,7.86786765508833e-08,2.6365170485514893e-12,0.9896449679235071,Shadowing,1,0.989645136250094,Shadowing,Shadowing,Shadowing,Shadowing,Shadowing
2023-12-16 09:00:00+08:00,0.7526887616523981,1.6902547886950358e-11,3.692001236668354e-09,2.270539666237453e-08,0.24731121193330147,Normal,0,0.24731123834760194,Normal,Normal,Normal,Normal,Normal
2023-12-16 09:15:00+08:00,0.6974124248356569,9.604295579390831e-11,8.172639413803508e-09,1.8494466524831593e-08,0.30258754840119423,Normal,0,0.3025875751643431,Normal,Normal,Normal,Normal,Shadowing
2023-12-16 09:30:00+08:00,0.6253087080764528,1.1937158874168406e-10,1.0570476278161577e-08,1.6609044817081886e-08,0.3746912646246544,Normal,0,0.3746912919235472,Normal,Normal,Normal,Normal,Shadowing
2023-12-16 09:45:00+08:00,0.34691295599296784,4.508096542344181e-10,5.158778048211761e-08,1.863468007054034e-08,0.6530869733337619,Shadowing,1,0.6530870440070322,Normal,Shadowing,Shadowing,Shadowing,Shadowing
2023-12-16 10:00:00+08:00,0.000853716159570431,2.5335896679949375e-07,3.103234528977542e-07,1.8918674656878468e-09,0.9991457182661424,Shadowing,1,0.9991462838404296,Shadowing,Shadowing,Shadowing,Shadowing,Shadowing
2023-12-16 10:15:00+08:00,0.3169276024102525,1.7255972289638565e-06,8.456214975863076e-06,2.0514350250969337e-11,0.6830622157570283,Shadowing,1,0.6830723975897475,Normal,Shadowing,Shadowing,Shadowing,Shadowing
2023-12-16 10:30:00+08:00,0.42717265477554667,3.9099774188168064e-06,7.415382412413924e-06,1.2322371233460072e-10,0.5728160197413985,Shadowing,1,0.5728273452244533,Normal,Normal,Shadowing,Shadowing,Shadowing
2023-12-16 10:45:00+08:00,0.0001292781113644299,4.943276347870184e-09,6.501643565769027e-08,1.7491997488959726e-09,0.9998706501797239,Shadowing,1,0.9998707218886356,Shadowing,Shadowing,Shadowing,Shadowing,Shadowing
2023-12-16 11:00:00+08:00,0.020041561269318865,3.38766277220263e-10,4.478870857321863e-08,1.036594113451368e-11,0.9799583935928403,Shadowing,1,0.9799584387306811,Shadowing,Shadowing,Shadowing,Shadowing,Shadowing
2023-12-16 11:15:00+08:00,0.029766024156705494,8.265488589864319e-10,1.8118777747699898e-08,5.324882385928152e-09,0.9702339515730856,Shadowing,1,0.9702339758432945,Shadowing,Shadowing,Shadowing,Shadowing,Shadowing
2023-12-16 11:30:00+08:00,0.14373595034001008,3.5195403249193487e-10,1.7188249299302407e-07,8.861128314290459e-10,0.85626387653943,Shadowing,1,0.8562640496599899,Shadowing,Shadowing,Shadowing,Shadowing,Shadowing
2023-12-16 11:45:00+08:00,0.002693951561294803,3.9794945601956686e-07,1.1773004242502415e-06,1.9741258468167307e-10,0.9973044729914123,Shadowing,1,0.9973060484387052,Shadowing,Shadowing,Shadowing,Shadowing,Shadowing
2023-12-16 12:00:00+08:00,1.8546758400209717e-06,3.949960348513507e-05,1.1026926552375349e-05,2.6194413487136064e-10,0.9999476185321784,Shadowing,1,0.99999814532416,Shadowing,Shadowing,Shadowing,Shadowing,Shadowing
2023-12-16 12:15:00+08:00,2.349909125055912e-06,3.183509084183203e-05,1.1981728149476925e-05,1.224007726080041e-09,0.9999538320478759,Shadowing,1,0.9999976500908749,Shadowing,Shadowing,Shadowing,Shadowing,Shadowing
2023-12-16 12:30:00+08:00,2.625742443153135e-06,2.775600266882175e-05,1.214051892787136e-05,2.405371015767338e-09,0.9999574753305891,Shadowing,1,0.9999973742575569,Shadowing,Shadowing,Shadowing,Shadowing,Shadowing
2023-12-16 12:45:00+08:00,2.700186435321071e-07,6.91918806658207e-09,1.4540189097920627e-06,4.862180608455603e-09,0.999998264181078,Shadowing,1,0.9999997299813564,Shadowing,Shadowing,Shadowing,Shadowing,Shadowing
2023-12-16 13:00:00+08:00,8.735552248113523e-07,9.033862605874754e-08,6.280512581689195e-07,1.1189594251076266e-09,0.9999984069359316,Shadowing,1,0.9999991264447752,Shadowing,Shadowing,Shadowing,Shadowing,Shadowing
2023-12-16 13:15:00+08:00,0.005048141898305504,1.096351127320054e-08,6.705903718192525e-08,1.0633294501280068e-12,0.9949517800780827,Shadowing,1,0.9949518581016945,Shadowing,Shadowing,Shadowing,Shadowing,Shadowing
2023-12-16 13:30:00+08:00,0.0065561910183894135,3.5097428835391375e-10,2.186880459181779e-08,3.63967356989085e-12,0.993443786758192,Shadowing,1,0.9934438089816106,Shadowing,Shadowing,Shadowing,Shadowing,Shadowing
2023-12-16 13:45:00+08:00,9.017425328228883e-05,1.1752534506037815e-07,2.1575341502578296e-08,6.984915796043042e-15,0.999909686646024,Shadowing,1,0.9999098257467177,Shadowing,Shadowing,Shadowing,Shadowing,Shadowing
2023-12-16 14:00:00+08:00,0.027694852196088103,1.0368309654884955e-10,2.4459865223214065e-08,1.1265169866950338e-09,0.9723051221138466,Shadowing,1,0.9723051478039119,Shadowing,Shadowing,Shadowing,Shadowing,Shadowing
2023-12-16 14:15:00+08:00,0.44368955195085896,3.913119174268809e-11,1.4595761636384862e-08,8.993326730851989e-09,0.5563104244209215,Shadowing,1,0.556310448049141,Normal,Shadowing,Shadowing,Shadowing,Shadowing
2023-12-16 14:30:00+08:00,0.7009906559454,6.429755494015468e-11,7.477766522428153e-09,1.9184932379944752e-08,0.2990093173276035,Normal,0,0.2990093440546,Normal,Normal,Normal,Normal,Shadowing
2023-12-16 14:45:00+08:00,0.8457535749525242,4.5966576479654196e-11,3.05948909564396e-09,2.2613754076273743e-08,0.15424639932826606,Normal,0,0.15424642504747577,Normal,Normal,Normal,Normal,Normal
2023-12-16 15:00:00+08:00,0.6933530748834031,1.193969522461092e-11,4.365081235159927e-09,2.299963006368059e-08,0.3066468977399459,Normal,0,0.30664692511659686,Normal,Normal,Normal,Normal,Normal
2023-12-16 15:15:00+08:00,0.7711276837077068,3.4943003787029504e-11,4.439882994908931e-09,2.158262069826075e-08,0.22887229023484656,Normal,0,0.2288723162922932,Normal,Normal,Normal,Normal,Normal
2023-12-16 15:30:00+08:00,0.8663155436786496,1.5785161852979658e-11,1.6808855492144005e-09,2.5445944213769983e-08,0.13368442917873538,Normal,0,0.1336844563213504,Normal,Normal,Normal,Normal,Normal
2023-12-16 15:45:00+08:00,0.8790894889111358,2.939499250732275e-11,1.0361734857875984e-09,7.713521021398009e-08,0.12091043288808549,Normal,0,0.12091051108886419,Normal,Normal,Normal,Normal,Normal
2023-12-16 16:00:00+08:00,0.9368897051121072,2.7475923044016326e-11,6.406820129295901e-10,9.358507013964583e-08,0.0631102006346646,Normal,0,0.06311029488789277,Normal,Normal,Normal,Normal,Normal
2023-12-16 16:15:00+08:00,0.9744389247459347,2.0606376793520684e-11,4.277884162025468e-10,7.819117688878783e-08,0.025560996614493618,Normal,0,0.025561075254065257,Normal,Normal,Normal,Normal,Normal
2023-12-16 16:30:00+08:00,0.9814527140498406,1.5637394329248462e-11,3.4577401159927954e-10,6.861269922539373e-08,0.01854721697604883,Normal,0,0.01854728595015942,Normal,Normal,Normal,Normal,Normal
2023-12-16 16:45:00+08:00,0.9798025436760828,1.6561892140046342e-11,3.6197641247962687e-10,7.108049479493734e-08,0.02019738486488419,Normal,0,0.02019745632391723,Normal,Normal,Normal,Normal,Normal
2023-12-16 17:00:00+08:00,0.998359696339706,5.005393602825372e-12,1.4164676277149143e-10,2.1356670679251915e-08,0.0016402821569710755,Normal,0,0.0016403036602939958,Normal,Normal,Normal,Normal,Normal
2023-12-17 07:45:00+08:00,0.9495971588974387,3.268000309583061e-11,6.560473838381521e-10,9.142122755345932e-08,0.05040274899260642,Normal,0,0.050402841102561324,Normal,Normal,Normal,Normal,Normal
2023-12-17 08:00:00+08:00,0.8782594908888,3.643817155370273e-11,9.374755681604813e-10,9.70400174202651e-08,0.12174041109726878,Normal,0,0.12174050911120005,Normal,Normal,Normal,Normal,Normal
2023-12-17 08:15:00+08:00,0.8720121111101683,1.946872573116268e-11,9.729021600129052e-10,6.62685000730541e-08,0.1279878216289609,Normal,0,0.1279878888898317,Normal,Normal,Normal,Normal,Normal
2023-12-17 08:30:00+08:00,0.9031091268364329,3.252311094441934e-11,1.780918919376025e-09,2.675470713603718e-08,0.096890844595418,Normal,0,0.09689087316356715,Normal,Normal,Normal,Normal,Normal
2023-12-17 08:45:00+08:00,0.8721631373434031,1.3930822047055394e-11,1.4991289650134812e-09,2.649073330841161e-08,0.12783683465280396,Normal,0,0.12783686265659688,Normal,Normal,Normal,Normal,Normal
2023-12-17 09:00:00+08:00,0.8871230174153324,1.5690312519077653e-11,1.2214622873597684e-09,3.4477155913499244e-08,0.11287694687035903,Normal,0,0.1128769825846676,Normal,Normal,Normal,Normal,Normal
2023-12-17 09:15:00+08:00,0.8433126634233673,1.5773342436159113e-11,1.979807007522915e-09,2.4203124328472298e-08,0.15668731037792796,Normal,0,0.1566873365766327,Normal,Normal,Normal,Normal,Normal
2023-12-17 09:30:00+08:00,0.795719438191272,3.657941611661957e-11,3.951088996280518e-09,2.194985752593709e-08,0.20428053587120204,Normal,0,0.204280561808728,Normal,Normal,Normal,Normal,Normal
2023-12-17 09:45:00+08:00,0.6038443213779596,4.569046607629197e-12,2.9327638060437994e-09,2.4748797505706122e-08,0.39615565093591004,Normal,0,0.3961556786220404,Normal,Normal,Shadowing,Normal,Normal
2023-12-17 10:00:00+08:00,0.4597823807935678,1.0756198825024504e-11,7.898276446758198e-09,1.2745417919511469e-08,0.5402175985519817,Shadowing,1,0.5402176192064322,Normal,Shadowing,Shadowing,Shadowing,Shadowing
2023-12-17 10:15:00+08:00,0.1489432365185883,1.3026626271578613e-12,7.829578569901043e-09,1.1249145618705292e-09,0.8510567545256158,Shadowing,1,0.8510567634814117,Normal,Shadowing,Shadowing,Shadowing,Shadowing
2023-12-17 10:30:00+08:00,0.2012672022284819,2.465738734263531e-12,9.340679561960883e-09,1.8117639268747808e-09,0.7987327866166087,Shadowing,1,0.7987327977715181,Normal,Shadowing,Shadowing,Shadowing,Shadowing
2023-12-17 10:45:00+08:00,0.06334929324236069,6.028166261609774e-13,8.281876035771902e-09,2.399537190674709e-09,0.9366506960756233,Shadowing,1,0.9366507067576393,Shadowing,Shadowing,Shadowing,Shadowing,Shadowing
2023-12-17 11:00:00+08:00,0.03734178965910078,1.3105824113819578e-12,1.1053688637995087e-08,1.2379869714266445e-09,0.9626581980479131,Shadowing,1,0.9626582103408993,Shadowing,Shadowing,Shadowing,Shadowing,Shadowing
2023-12-17 11:15:00+08:00,0.00892194191709043,7.595238023948658e-11,1.9812836915667518e-08,3.17965305494337e-11,0.9910780381623236,Shadowing,1,0.9910780580829096,Shadowing,Shadowing,Shadowing,Shadowing,Shadowing
2023-12-17 11:30:00+08:00,0.5222666281379432,7.121826791534171e-12,5.601227662147372e-08,7.542642652837424e-09,0.47773330830001576,Normal,0,0.4777333718620568,Shadowing,Shadowing,Normal,Normal,Normal
2023-12-17 11:45:00+08:00,0.402034416896942,2.6308949914316372e-11,7.97972186828186e-08,3.802300017724932e-09,0.5979654994772303,Shadowing,1,0.5979655831030579,Shadowing,Shadowing,Normal,Shadowing,Shadowing
2023-12-17 12:00:00+08:00,0.5731882187549838,3.79370005150273e-12,4.38033802740895e-08,9.168613994358456e-09,0.42681172826922803,Normal,0,0.4268117812450162,Shadowing,Shadowing,Normal,Normal,Normal
2023-12-17 12:15:00+08:00,0.25832095595934523,3.8911770344399046e-12,4.5585421773274204e-08,5.5315495682144954e-09,0.7416789929197922,Shadowing,1,0.7416790440406548,Shadowing,Shadowing,Shadowing,Shadowing,Shadowing
2023-12-17 12:30:00+08:00,0.09129348153090225,4.00587620465592e-12,1.7558753563692604e-08,1.201771104842203e-09,0.9087064997045673,Shadowing,1,0.9087065184690978,Shadowing,Shadowing,Shadowing,Shadowing,Shadowing
2023-12-17 12:45:00+08:00,0.030105777033597035,1.1115652035685857e-12,9.491167611887516e-09,3.82807039551186e-10,0.9698942130913167,Shadowing,1,0.9698942229664029,Shadowing,Shadowing,Shadowing,Shadowing,Shadowing
2023-12-17 13:00:00+08:00,0.01974733765440765,3.590289481778116e-13,3.6625288215715777e-09,4.845520289764644e-10,0.9802526581981524,Shadowing,1,0.9802526623455924,Shadowing,Shadowing,Shadowing,Shadowing,Shadowing
2023-12-17 13:15:00+08:00,0.10428350186840599,5.7132311390814515e-12,1.9460922080725128e-08,1.535045924202932e-09,0.8957164771299126,Shadowing,1,0.895716498131594,Shadowing,Shadowing,Shadowing,Shadowing,Shadowing
2023-12-17 13:30:00+08:00,0.24101270999047464,5.546324305739981e-12,1.3295183572966318e-08,2.7221265490644704e-09,0.7589872739866689,Shadowing,1,0.7589872900095254,Normal,Shadowing,Shadowing,Shadowing,Shadowing
2023-12-17 13:45:00+08:00,0.25089924546171116,8.164819386490196e-12,1.5509583828654126e-08,3.1750910239428404e-09,0.7491007358454492,Shadowing,1,0.7491007545382888,Normal,Shadowing,Shadowing,Shadowing,Shadowing
2023-12-17 14:00:00+08:00,0.28071988819229055,3.503809460859872e-12,6.144129340970555e-09,5.605723139094247e-09,0.7192801000543532,Shadowing,1,0.7192801118077095,Normal,Shadowing,Shadowing,Shadowing,Shadowing
2023-12-17 14:15:00+08:00,0.5477371086327522,1.2239908570446911e-11,6.84721514120015e-09,1.791399096821153e-08,0.4522628665938019,Normal,0,0.45226289136724784,Normal,Normal,Shadowing,Normal,Shadowing
2023-12-17 14:30:00+08:00,0.662407969829726,1.2487348120335301e-11,5.058905301986641e-09,2.268065058384689e-08,0.3375920024182306,Normal,0,0.33759203017027395,Normal,Normal,Shadowing,Normal,Normal
2023-12-17 14:45:00+08:00,0.7318257095542957,1.0428998895593945e-11,3.405562895125053e-09,2.3433605974760612e-08,0.2681742635961063,Normal,0,0.2681742904457043,Normal,Normal,Normal,Normal,Normal
2023-12-17 15:00:00+08:00,0.8022640384357956,1.4160016891059293e-11,2.559368906670006e-09,2.3241423851458835e-08,0.19773593574925155,Normal,0,0.19773596156420437,Normal,Normal,Normal,Normal,Normal
2023-12-17 15:15:00+08:00,0.8267442117498737,1.4623644249960288e-11,2.137154517276761e-09,2.3449977000348826e-08,0.17325576264837106,Normal,0,0.17325578825012633,Normal,Normal,Normal,Normal,Normal
2023-12-17 15:30:00+08:00,0.8661231024382945,1.2825458287066438e-11,1.5084538468349014e-09,2.6179882389914765e-08,0.13387686986054392,Normal,0,0.1338768975617055,Normal,Normal,Normal,Normal,Normal
2023-12-17 15:45:00+08:00,0.8784903010819922,1.3714965659187071e-11,1.3127422334038428e-09,3.068707892566033e-08,0.1215096669044714,Normal,0,0.12150969891800778,Normal,Normal,Normal,Normal,Normal
2023-12-17 16:00:00+08:00,0.8938875519370167,3.6191975401272737e-11,1.22815525223394e-09,6.483901673113934e-08,0.10611238195961933,Normal,0,0.10611244806298326,Normal,Normal,Normal,Normal,Normal
2023-12-17 16:15:00+08:00,0.8657914534679924,2.6269882305734155e-11,8.942342461566154e-10,8.932401827083315e-08,0.1342084562874853,Normal,0,0.13420854653200764,Normal,Normal,Normal,Normal,Normal
2023-12-17 16:30:00+08:00,0.9496023926852828,3.021632194170863e-11,6.27025343653867e-10,9.152944107845572e-08,0.0503975151280344,Normal,0,0.05039760731471721,Normal,Normal,Normal,Normal,Normal
2023-12-17 16:45:00+08:00,0.9899505993893772,1.5711606307448228e-11,3.3707944431666775e-10,5.28933228930308e-08,0.010049347364508826,Normal,0,0.01004940061062276,Normal,Normal,Normal,Normal,Normal
2023-12-17 17:00:00+08:00,0.9982267521901299,5.895279033964527e-12,1.6072541016953604e-10,2.234465832374239e-08,0.0017732252985909972,Normal,0,0.0017732478098700932,Normal,Normal,Normal,Normal,Normal
2023-12-18 07:45:00+08:00,0.9394173271298578,2.9196165321454344e-11,6.554182659904222e-10,9.294688282791671e-08,0.06058257923864483,Normal,0,0.060582672870142185,Normal,Normal,Normal,Normal,Normal
2023-12-18 08:00:00+08:00,0.9380071713389879,2.8697921183553624e-11,6.544056811245442e-10,9.312641346099167e-08,0.06199273485149478,Normal,0,0.06199282866101208,Normal,Normal,Normal,Normal,Normal
2023-12-18 08:15:00+08:00,0.8682151130212483,2.3442612995760487e-11,9.272852276019954e-10,7.983442479611789e-08,0.13178480619359903,Normal,0,0.13178488697875168,Normal,Normal,Normal,Normal,Normal
2023-12-18 08:30:00+08:00,0.7888341039061022,1.0181421992935463e-11,2.3692434554264358e-09,2.3575425970800433e-08,0.21116587013904703,Normal,0,0.2111658960938978,Normal,Normal,Normal,Normal,Normal
2023-12-18 08:45:00+08:00,0.8502470879280979,8.51280860534485e-12,9.229000958450335e-10,4.636657873933296e-08,0.1497528647739105,Normal,0,0.1497529120719021,Normal,Normal,Normal,Normal,Normal
2023-12-18 09:00:00+08:00,0.8231078014881369,5.798291380379498e-12,8.530556115748504e-10,4.704275870704772e-08,0.1768921506102504,Normal,0,0.1768921985118631,Normal,Normal,Normal,Normal,Normal
2023-12-18 09:15:00+08:00,0.8318558163301978,6.266839382874596e-12,9.53177566053806e-10,4.192373525555109e-08,0.16814414078662251,Normal,0,0.16814418366980222,Normal,Normal,Normal,Normal,Normal
2023-12-18 09:30:00+08:00,0.8495248502086652,7.996395190835949e-12,1.0778581073462852e-09,3.7117005531953465e-08,0.1504751115884748,Normal,0,0.1504751497913348,Normal,Normal,Normal,Normal,Normal
2023-12-18 09:45:00+08:00,0.8486107339109541,8.496898086824755e-12,1.23769439023079e-09,3.194820972449667e-08,0.151389232894645,Normal,0,0.1513892660890459,Normal,Normal,Normal,Normal,Normal
2023-12-18 10:00:00+08:00,0.7720689187505292,8.222942945625057e-12,2.3535833075361864e-09,2.3758371037016765e-08,0.2279310551292935,Normal,0,0.2279310812494708,Normal,Normal,Normal,Normal,Normal
2023-12-18 10:15:00+08:00,0.792123855888977,9.762550616087716e-12,2.2596971716240674e-09,2.3602696501925406e-08,0.2078761182388668,Normal,0,0.20787614411102295,Normal,Normal,Normal,Normal,Normal
2023-12-18 10:30:00+08:00,0.7523166956666512,9.855120612415286e-12,2.9433072662133006e-09,2.3579569167404013e-08,0.24768327780061722,Normal,0,0.24768330433334884,Normal,Normal,Normal,Normal,Normal
2023-12-18 10:45:00+08:00,0.8101470468928189,1.2097011067137108e-11,2.2174281981653867e-09,2.339996740800735e-08,0.18985292747768842,Normal,0,0.1898529531071811,Normal,Normal,Normal,Normal,Normal
2023-12-18 11:00:00+08:00,0.8570455187720132,1.1682210776862809e-11,1.536809645038276e-09,2.5626225901289834e-08,0.1429544540532691,Normal,0,0.14295448122798682,Normal,Normal,Normal,Normal,Normal
2023-12-18 11:15:00+08:00,0.8400543701057626,8.053092226933342e-12,1.2979863246233159e-09,3.0159939180284905e-08,0.15994559842825903,Normal,0,0.15994562989423744,Normal,Normal,Normal,Normal,Normal
2023-12-18 11:30:00+08:00,0.8238790168532539,1.6630988351099338e-11,2.317232334763497e-09,2.305985342655364e-08,0.17612095775302944,Normal,0,0.17612098314674607,Normal,Normal,Normal,Normal,Normal
2023-12-18 11:45:00+08:00,0.8360501665540874,1.1332627811007012e-11,1.7737805879576129e-09,2.455192503593264e-08,0.16394980710887433,Normal,0,0.16394983344591263,Normal,Normal,Normal,Normal,Normal
2023-12-18 12:00:00+08:00,0.8591101443627398,2.8039439911321076e-11,2.2953636126911047e-09,2.42249846686863e-08,0.14088982908887243,Normal,0,0.1408898556372602,Normal,Normal,Normal,Normal,Normal
2023-12-18 12:15:00+08:00,0.8547680456745346,2.9428397917048804e-11,2.4066816731811133e-09,2.3840907569942095e-08,0.14523192804844784,Normal,0,0.14523195432546543,Normal,Normal,Normal,Normal,Normal
2023-12-18 12:30:00+08:00,0.8617120849998366,2.5443732371031803e-11,2.1658151764452892e-09,2.453744795272502e-08,0.13828788827145638,Normal,0,0.13828791500016335,Normal,Normal,Normal,Normal,Normal
2023-12-18 12:45:00+08:00,0.8502732045416044,1.705292295453838e-11,1.9656445577108383e-09,2.447991816796722e-08,0.1497267689957799,Normal,0,0.14972679545839562,Normal,Normal,Normal,Normal,Normal
2023-12-18 13:00:00+08:00,0.8680482269363722,2.471749312428878e-11,2.0562926800130112e-09,2.5089540131379764e-08,0.1319517458930775,Normal,0,0.13195177306362782,Normal,Normal,Normal,Normal,Normal
2023-12-18 13:15:00+08:00,0.8877365241396802,1.95628612265627e-11,1.590170056429567e-09,2.6449452465676578e-08,0.11226344780113447,Normal,0,0.11226347586031982,Normal,Normal,Normal,Normal,Normal
2023-12-18 13:30:00+08:00,0.8999922867508736,2.7311284639728295e-11,1.6956146924236585e-09,2.6577351852168504e-08,0.10000768494884846,Normal,0,0.10000771324912638,Normal,Normal,Normal,Normal,Normal
2023-12-18 13:45:00+08:00,0.8842947093245958,1.540851851328894e-11,1.3180133078602682e-09,3.1292291337577884e-08,0.11570525804969109,Normal,0,0.11570529067540425,Normal,Normal,Normal,Normal,Normal
2023-12-18 14:00:00+08:00,0.8638747503197166,9.77144740885423e-12,1.0529728466387082e-09,3.838672786585491e-08,0.13612521023081112,Normal,0,0.1361252496802834,Normal,Normal,Normal,Normal,Normal
2023-12-18 14:15:00+08:00,0.8913379581974296,1.7562827254582462e-11,1.2671172221576827e-09,3.394545954709534e-08,0.10866200657243086,Normal,0,0.10866204180257044,Normal,Normal,Normal,Normal,Normal
2023-12-18 14:30:00+08:00,0.8989365056422354,2.4204573804065837e-11,1.3413222634985205e-09,3.785432534568846e-08,0.10106345513791237,Normal,0,0.10106349435776463,Normal,Normal,Normal,Normal,Normal
2023-12-18 14:45:00+08:00,0.8774180249089282,1.8602571967546342e-11,1.0367991792079213e-09,5.734922483240864e-08,0.1225819166864452,Normal,0,0.12258197509107183,Normal,Normal,Normal,Normal,Normal
2023-12-18 15:00:00+08:00,0.88651721106039,2.144103454073359e-11,1.1449091726672567e-09,5.16636833131509e-08,0.11348273610957642,Normal,0,0.11348278893960995,Normal,Normal,Normal,Normal,Normal
2023-12-18 15:15:00+08:00,0.9279256647456793,2.708186031727681e-11,6.646645810206235e-10,9.485228216264385e-08,0.07207423971029218,Normal,0,0.07207433525432072,Normal,Normal,Normal,Normal,Normal
2023-12-18 15:30:00+08:00,0.9389614067865454,3.5265708437254647e-11,7.243171184976463e-10,9.289345292750703e-08,0.06103849956041878,Normal,0,0.06103859321345462,Normal,Normal,Normal,Normal,Normal
2023-12-18 15:45:00+08:00,0.8784940278092062,3.379014753435553e-11,8.846197356299313e-10,9.722818227423635e-08,0.12150587404420163,Normal,0,0.12150597219079384,Normal,Normal,Normal,Normal,Normal
2023-12-18 16:00:00+08:00,0.8752951408357555,3.516999427597691e-11,9.341760417050518e-10,9.688585141518868e-08,0.12470476130904706,Normal,0,0.12470485916424445,Normal,Normal,Normal,Normal,Normal
2023-12-18 16:15:00+08:00,0.8797855072959665,3.037171875247031e-11,8.133433503480545e-10,9.710523288913738e-08,0.12021439475508541,Normal,0,0.1202144927040335,Normal,Normal,Normal,Normal,Normal
2023-12-18 16:30:00+08:00,0.9341596539725601,3.7575670027309e-11,7.566375360709707e-10,9.344532222178572e-08,0.06584025178790442,Normal,0,0.06584034602743993,Normal,Normal,Normal,Normal,Normal
2023-12-18 16:45:00+08:00,0.9959685737683731,1.0932571794194481e-11,2.511165521768356e-10,3.491105171783975e-08,0.00403139105852602,Normal,0,0.004031426231626889,Normal,Normal,Normal,Normal,Normal
2023-12-18 17:00:00+08:00,0.9990457248122361,4.175790974304481e-12,1.258797363684486e-10,1.5538678797255598e-08,0.0009542595190295434,Normal,0,0.00095427518776392,Normal,Normal,Normal,Normal,Normal
2023-12-19 07:45:00+08:00,0.9513398295085571,3.404404263829884e-11,6.638913520873433e-10,9.105836992644952e-08,0.04866007873513774,Normal,0,0.04866017049144289,Normal,Normal,Normal,Normal,Normal
2023-12-19 08:00:00+08:00,0.856942722699673,1.0887988913288861e-11,9.064971005877983e-10,5.367953516604492e-08,0.14305722270340676,Normal,0,0.14305727730032702,Normal,Normal,Normal,Normal,Normal
2023-12-19 08:15:00+08:00,0.8925170240963496,1.9373558852984045e-11,1.4225841733826604e-09,3.011196918520759e-08,0.10748294434972339,Normal,0,0.10748297590365041,Normal,Normal,Normal,Normal,Normal
2023-12-19 08:30:00+08:00,0.8788247332446707,4.085645729115176e-11,2.2452011558263236e-09,2.519423060340202e-08,0.12117523927504119,Normal,0,0.1211752667553293,Normal,Normal,Normal,Normal,Normal
2023-12-19 08:45:00+08:00,0.8185171044088625,6.811044212480746e-12,1.3776254432715418e-09,2.825500462903661e-08,0.18148286595169644,Normal,0,0.1814828955911375,Normal,Normal,Normal,Normal,Normal
2023-12-19 09:00:00+08:00,0.8331901368587475,2.655222761825744e-11,2.7270122008723434e-09,2.283164060385458e-08,0.16680983755604753,Normal,0,0.16680986314125246,Normal,Normal,Normal,Normal,Normal
2023-12-19 09:15:00+08:00,0.780672561598012,1.483276504253387e-11,2.9991828926729773e-09,2.311329077885986e-08,0.2193274122746815,Normal,0,0.21932743840198798,Normal,Normal,Normal,Normal,Normal
2023-12-19 09:30:00+08:00,0.8342800573306344,3.7881274547548414e-11,3.1329052136856216e-09,2.255232206736958e-08,0.1657199169462571,Normal,0,0.16571994266936563,Normal,Normal,Normal,Normal,Normal
2023-12-19 09:45:00+08:00,0.679203335277856,1.4826664314236692e-11,5.198005264556406e-09,2.2301582173901663e-08,0.32079663720772994,Normal,0,0.32079666472214396,Normal,Normal,Normal,Normal,Normal
2023-12-19 10:00:00+08:00,0.6709409891185956,3.250321347395428e-11,7.157364992627316e-09,1.981638304620532e-08,0.32905898387515314,Normal,0,0.32905901088140443,Normal,Normal,Normal,Normal,Shadowing
2023-12-19 10:15:00+08:00,0.7222962486221026,8.698824260778328e-11,7.299160073969945e-09,1.9153917518363948e-08,0.2777037248378315,Normal,0,0.2777037513778974,Normal,Normal,Normal,Normal,Shadowing
2023-12-19 10:30:00+08:00,0.6100123895570844,2.8037589816379393e-11,8.932024437244023e-09,1.9126545046622037e-08,0.3899875823563086,Normal,0,0.38998761044291563,Normal,Normal,Shadowing,Normal,Shadowing
2023-12-19 10:45:00+08:00,0.5023449524169554,9.035742184812376e-11,1.6537476986360438e-08,1.3858679633701268e-08,0.49765501709653054,Normal,0,0.4976550475830446,Normal,Shadowing,Shadowing,Normal,Shadowing
2023-12-19 11:00:00+08:00,0.20318328599715088,1.2594975690154948e-11,2.2246639041081606e-08,3.1629266177195625e-09,0.7968166885806884,Shadowing,1,0.7968167140028491,Normal,Shadowing,Shadowing,Shadowing,Shadowing
2023-12-19 11:15:00+08:00,0.20787152808037068,8.278944320892978e-10,6.355302234843936e-08,5.565562071763917e-09,0.7921284019731505,Shadowing,1,0.7921284719196293,Normal,Shadowing,Shadowing,Shadowing,Shadowing
2023-12-19 11:30:00+08:00,0.013702999247482504,5.5774954857236817e-11,1.564466156706978e-08,5.874678937337788e-10,0.986296984464613,Shadowing,1,0.9862970007525175,Shadowing,Shadowing,Shadowing,Shadowing,Shadowing
2023-12-19 11:45:00+08:00,0.011044031312335148,1.2499335532681983e-11,1.267456365947103e-08,1.7087767070652905e-10,0.9889559558297242,Shadowing,1,0.9889559686876649,Shadowing,Shadowing,Shadowing,Shadowing,Shadowing
2023-12-19 12:00:00+08:00,0.07088489563397507,7.891799359200964e-12,1.9382701958702872e-08,1.5583668475231014e-09,0.9291150834170642,Shadowing,1,0.929115104366025,Shadowing,Shadowing,Shadowing,Shadowing,Shadowing
2023-12-19 12:15:00+08:00,0.20820172046940036,1.9839770066726032e-11,2.542176586230318e-08,3.902843496468314e-09,0.7917982501861504,Shadowing,1,0.7917982795305997,Normal,Shadowing,Shadowing,Shadowing,Shadowing
2023-12-19 12:30:00+08:00,0.0460023524828743,3.5904949971572e-12,1.3943015361553895e-08,8.377896954937931e-10,0.9539976327327302,Shadowing,1,0.9539976475171257,Shadowing,Shadowing,Shadowing,Shadowing,Shadowing
2023-12-19 12:45:00+08:00,0.268197335182317,5.3695431740667536e-11,9.212986781879218e-08,2.8177384115589583e-09,0.7318025698163814,Shadowing,1,0.731802664817683,Shadowing,Shadowing,Shadowing,Shadowing,Shadowing
2023-12-19 13:00:00+08:00,0.5817713729684023,5.654320494006509e-15,2.354174369706654e-08,9.266170030873494e-21,0.41822860348984825,Normal,0,0.4182286270315977,Shadowing,Shadowing,Normal,Normal,Normal
2023-12-19 13:15:00+08:00,0.0004159516893390455,5.0454700996279856e-08,3.58246892648215e-08,5.011641098380814e-14,0.9995839620312206,Shadowing,1,0.9995840483106609,Shadowing,Shadowing,Shadowing,Shadowing,Shadowing
2023-12-19 13:30:00+08:00,0.6162501082767525,1.2501509798705591e-11,5.12010827399588e-08,6.663989631995728e-09,0.3837498338456736,Normal,0,0.38374989172324747,Shadowing,Shadowing,Normal,Normal,Normal
2023-12-19 13:45:00+08:00,0.4773633405573026,5.04131241787096e-12,2.806668490726553e-08,1.6391878238726776e-08,0.522636614979093,Shadowing,1,0.5226366594426974,Normal,Shadowing,Normal,Shadowing,Normal
2023-12-19 14:00:00+08:00,0.00046692264367591637,1.1765739104710321e-08,1.9102480796100938e-08,7.980191389596684e-14,0.9995330464880245,Shadowing,1,0.9995330773563241,Shadowing,Shadowing,Shadowing,Shadowing,Shadowing
2023-12-19 14:15:00+08:00,2.6856327049825693e-07,6.115847805134466e-11,5.289540168940121e-07,7.467930531982521e-08,0.9999991277422489,Shadowing,1,0.9999997314367295,Shadowing,Shadowing,Shadowing,Shadowing,Shadowing
2023-12-19 14:30:00+08:00,7.313434786677368e-05,5.407992381709285e-10,4.9357898767912193e-08,9.327721255428742e-10,0.999926814820663,Shadowing,1,0.9999268656521332,Shadowing,Shadowing,Shadowing,Shadowing,Shadowing
2023-12-19 14:45:00+08:00,0.0018646332436246533,7.422454766283059e-09,3.4939508787504077e-09,5.881917060502746e-09,0.9981353499580526,Shadowing,1,0.9981353667563754,Shadowing,Shadowing,Shadowing,Shadowing,Shadowing
2023-12-19 15:00:00+08:00,0.0019337254961364493,7.151831906934919e-10,7.436010468183765e-10,1.9703946515958164e-09,0.9980662710746847,Shadowing,1,0.9980662745038635,Shadowing,Shadowing,Shadowing,Shadowing,Shadowing
2023-12-19 15:15:00+08:00,0.004762735461268821,3.183691563217307e-11,8.138893229996865e-10,2.7787516480754186e-09,0.9952372609142535,Shadowing,1,0.9952372645387312,Shadowing,Shadowing,Shadowing,Shadowing,Shadowing
2023-12-19 15:30:00+08:00,0.026951331084933212,1.4602013856282538e-12,9.49604734450548e-09,5.362878841673714e-10,0.9730486588812713,Shadowing,1,0.9730486689150668,Shadowing,Shadowing,Shadowing,Shadowing,Shadowing
2023-12-19 15:45:00+08:00,0.0001385847417828252,3.836401391975507e-06,3.2923623541598815e-08,2.6941516503921284e-12,0.9998575459305077,Shadowing,1,0.9998614152582171,Shadowing,Shadowing,Shadowing,Shadowing,Shadowing
2023-12-19 16:00:00+08:00,1.477965894460631e-06,7.1959364768112735e-06,2.041831721331131e-10,4.909754281556073e-17,0.9999913258934455,Shadowing,1,0.9999985220341056,Shadowing,Shadowing,Shadowing,Shadowing,Shadowing
2023-12-19 16:15:00+08:00,1.5182156248897157e-05,8.357582905502014e-06,5.893473606892692e-09,6.844800381523658e-13,0.9999764543666876,Shadowing,1,0.9999848178437512,Shadowing,Shadowing,Shadowing,Shadowing,Shadowing
2023-12-19 16:30:00+08:00,0.040656338421796535,6.268979402583304e-08,1.1100179584388945e-07,2.4851920329079695e-09,0.9593434854014216,Shadowing,1,0.9593436615782035,Shadowing,Shadowing,Shadowing,Shadowing,Shadowing
2023-12-19 16:45:00+08:00,0.9720815562362036,3.2506609909887216e-11,5.641634848970871e-10,8.281116532825106e-08,0.027918360355961114,Normal,0,0.027918443763796374,Normal,Normal,Normal,Normal,Normal
2023-12-19 17:00:00+08:00,0.990073027256207,1.6381456602918804e-11,3.4604288414772175e-10,5.271171624692323e-08,0.009926919669652463,Normal,0,0.00992697274379295,Normal,Normal,Normal,Normal,Normal
2023-12-20 07:45:00+08:00,0.9659504548095033,2.4225297400752065e-11,4.873385132379465e-10,8.736922253656285e-08,0.03404945730971026,Normal,0,0.034049545190496744,Normal,Normal,Normal,Normal,Normal
2023-12-20 08:00:00+08:00,0.9075946419295047,2.516444643764355e-11,6.779698044317247e-10,9.785620543087208e-08,0.09240525951115566,Normal,0,0.09240535807049532,Normal,Normal,Normal,Normal,Normal
2023-12-20 08:15:00+08:00,0.8705885178883829,1.2274010364481787e-11,1.0195834096451614e-09,4.5246392273125866e-08,0.12941143583336737,Normal,0,0.12941148211161713,Normal,Normal,Normal,Normal,Normal
2023-12-20 08:30:00+08:00,0.8485345589352816,1.8430877904244248e-11,2.0666347374700403e-09,2.4209213138928902e-08,0.15146541477043957,Normal,0,0.15146544106471838,Normal,Normal,Normal,Normal,Normal
2023-12-20 08:45:00+08:00,0.859632476296414,1.5851127808518723e-11,1.7758239058007415e-09,2.512353962792688e-08,0.1403674967883714,Normal,0,0.14036752370358596,Normal,Normal,Normal,Normal,Normal
2023-12-20 09:00:00+08:00,0.8307388745309492,2.3399941119183837e-11,2.616982160807377e-09,2.2878923378218562e-08,0.1692610999497453,Normal,0,0.1692611254690508,Normal,Normal,Normal,Normal,Normal
2023-12-20 09:15:00+08:00,0.7629241443060515,3.409589130559589e-11,4.5895220650955225e-09,2.1476757002497893e-08,0.23707582959357348,Normal,0,0.2370758556939485,Normal,Normal,Normal,Normal,Normal
2023-12-20 09:30:00+08:00,0.7404979594208999,2.201694138741406e-11,4.354870184784329e-09,2.1995732799442515e-08,0.25950201420648017,Normal,0,0.2595020405791001,Normal,Normal,Normal,Normal,Normal
2023-12-20 09:45:00+08:00,0.7914551522927625,3.058073431319411e-11,3.783320226214898e-09,2.20932405128277e-08,0.20854482180009598,Normal,0,0.20854484770723747,Normal,Normal,Normal,Normal,Normal
2023-12-20 10:00:00+08:00,0.7141587280531205,4.1152032828661154e-11,6.207509246587029e-09,2.0283700990237875e-08,0.28584124541451733,Normal,0,0.28584127194687947,Normal,Normal,Normal,Normal,Shadowing
2023-12-20 10:15:00+08:00,0.6133991645366974,6.645094388173276e-11,1.0297196070466619e-08,1.7251112847709438e-08,0.3866008078485428,Normal,0,0.3866008354633026,Normal,Normal,Normal,Normal,Shadowing
2023-12-20 10:30:00+08:00,0.6452307092117826,4.370484062889689e-11,8.6785048640345e-09,1.8688789364766396e-08,0.3547692633772183,Normal,0,0.3547692907882174,Normal,Normal,Normal,Normal,Shadowing
2023-12-20 10:45:00+08:00,0.6922076006743471,1.301715207834069e-11,4.598072698141381e-09,2.2765895552498085e-08,0.3077923719486675,Normal,0,0.30779239932565294,Normal,Normal,Normal,Normal,Normal
2023-12-20 11:00:00+08:00,0.6757356958436175,1.5672040730501634e-11,5.426316380504201e-09,2.20989742276151e-08,0.32426427661542007,Normal,0,0.3242643041563825,Normal,Normal,Normal,Normal,Normal
2023-12-20 11:15:00+08:00,0.44918424000694757,1.6356280963729207e-11,1.0412709418001391e-08,1.0104672358358426e-08,0.5508157394593143,Shadowing,1,0.5508157599930524,Normal,Shadowing,Shadowing,Shadowing,Shadowing
2023-12-20 11:30:00+08:00,0.449271713615847,4.662227761026969e-11,1.5457650434844348e-08,9.723810259925706e-09,0.5507282611560701,Shadowing,1,0.5507282863841529,Normal,Shadowing,Shadowing,Shadowing,Shadowing
2023-12-20 11:45:00+08:00,0.038012404849902856,1.9123377704256352e-08,7.79293372027531e-08,3.893193350481437e-11,0.9619874980584504,Shadowing,1,0.9619875951500971,Shadowing,Shadowing,Shadowing,Shadowing,Shadowing
2023-12-20 12:00:00+08:00,0.20359028965502501,2.9401010127542814e-12,1.1748833015809337e-08,1.864639499322116e-09,0.7964096967285623,Shadowing,1,0.796409710344975,Normal,Shadowing,Shadowing,Shadowing,Shadowing
2023-12-20 12:15:00+08:00,0.2517307794006064,4.2488445842582115e-11,2.946834711994377e-08,6.134802078647547e-09,0.7482691849537558,Shadowing,1,0.7482692205993936,Normal,Shadowing,Shadowing,Shadowing,Shadowing
2023-12-20 12:30:00+08:00,0.04749791116707322,4.998491452373551e-12,1.540395287004632e-08,1.0514906920318886e-09,0.9525020723724846,Shadowing,1,0.9525020888329268,Shadowing,Shadowing,Shadowing,Shadowing,Shadowing
2023-12-20 12:45:00+08:00,0.007351097975808081,4.195162169913689e-11,1.5108327657272325e-08,4.491065745467391e-11,0.9926488868290019,Shadowing,1,0.9926489020241919,Shadowing,Shadowing,Shadowing,Shadowing,Shadowing
2023-12-20 13:00:00+08:00,0.0036681854951271372,1.289481864420871e-09,1.4516720475403378e-08,1.3790595846483548e-11,0.99633179868488,Shadowing,1,0.9963318145048728,Shadowing,Shadowing,Shadowing,Shadowing,Shadowing
2023-12-20 13:15:00+08:00,0.05371526231235021,2.0424706978569182e-10,3.634376966856154e-08,2.0620924628059456e-09,0.9462846990775405,Shadowing,1,0.9462847376876498,Shadowing,Shadowing,Shadowing,Shadowing,Shadowing
2023-12-20 13:30:00+08:00,0.3027222314261659,2.8288518139898747e-11,2.1305843220801318e-08,5.702136082007654e-09,0.6972777415375663,Shadowing,1,0.6972777685738341,Normal,Shadowing,Shadowing,Shadowing,Shadowing
2023-12-20 13:45:00+08:00,0.44672332919508906,3.389301438418647e-11,1.3719782163747069e-08,8.619488984194204e-09,0.5532766484317468,Shadowing,1,0.5532766708049109,Normal,Shadowing,Shadowing,Normal,Shadowing
2023-12-20 14:00:00+08:00,0.5119578555774454,8.189983963166567e-11,1.536368326709462e-08,1.3747183254050715e-08,0.4880421152297882,Normal,0,0.48804214442255456,Normal,Shadowing,Shadowing,Normal,Shadowing
2023-12-20 14:15:00+08:00,0.28048124877615355,5.036127344988197e-12,8.16414409375011e-09,3.923394808640412e-09,0.7195187391312714,Shadowing,1,0.7195187512238465,Normal,Shadowing,Shadowing,Shadowing,Shadowing
2023-12-20 14:30:00+08:00,0.692233621148529,2.262296848781442e-11,5.75627876567019e-09,2.125118575317322e-08,0.30776635182138345,Normal,0,0.30776637885147096,Normal,Normal,Normal,Normal,Normal
2023-12-20 14:45:00+08:00,0.7441814743186523,4.4449506069552045e-11,5.526189161687161e-09,2.0719870327937965e-08,0.25581849939083856,Normal,0,0.25581852568134766,Normal,Normal,Normal,Normal,Shadowing
2023-12-20 15:00:00+08:00,0.7436359238776886,1.8619173623821206e-11,4.0206128241686036e-09,2.241857563398106e-08,0.25636404966450377,Normal,0,0.2563640761223114,Normal,Normal,Normal,Normal,Normal
2023-12-20 15:15:00+08:00,0.6286371654603963,4.955670071374909e-11,9.560620286414331e-09,1.8044428806537768e-08,0.3713628068849979,Normal,0,0.3713628345396037,Normal,Normal,Shadowing,Normal,Shadowing
2023-12-20 15:30:00+08:00,0.020554929175073816,1.6882632551801216e-13,1.9230116757436355e-09,3.179943550139702e-10,0.9794450685837512,Shadowing,1,0.9794450708249262,Shadowing,Shadowing,Shadowing,Shadowing,Shadowing
2023-12-20 15:45:00+08:00,2.991605563462882e-07,3.385829396699285e-06,6.271386951464599e-11,3.4054838716975407e-19,0.9999963149473331,Shadowing,1,0.9999997008394437,Shadowing,Shadowing,Shadowing,Shadowing,Shadowing
2023-12-20 16:00:00+08:00,2.432092283736763e-06,8.220577208528029e-06,3.968743937405671e-10,1.9187953697962084e-16,0.9999893469336332,Shadowing,1,0.9999975679077162,Shadowing,Shadowing,Shadowing,Shadowing,Shadowing
2023-12-20 16:15:00+08:00,7.562677772455682e-05,3.7524837104481885e-06,1.6342481946731534e-08,2.7138732268359834e-12,0.9999206043933692,Shadowing,1,0.9999243732222755,Shadowing,Shadowing,Shadowing,Shadowing,Shadowing
2023-12-20 16:30:00+08:00,0.6973505195275344,1.7059443260330176e-09,8.35910078411674e-09,1.7497953825933327e-08,0.3026494529094666,Normal,0,0.30264948047246565,Normal,Normal,Normal,Normal,Shadowing
2023-12-20 16:45:00+08:00,0.9046328376256323,2.837351422004857e-11,1.4291211068535645e-09,3.580411568439853e-08,0.0953671251127576,Normal,0,0.09536716237436771,Normal,Normal,Normal,Normal,Normal
2023-12-20 17:00:00+08:00,0.9653782798173678,3.9222184730016406e-11,6.473808072347235e-10,8.766600558307424e-08,0.03462163183002368,Normal,0,0.03462172018263221,Normal,Normal,Normal,Normal,Normal
2023-12-21 07:45:00+08:00,0.9950844707917387,7.302235121045523e-12,1.8620669430115427e-10,3.788893222974918e-08,0.004915491125820246,Normal,0,0.004915529208261327,Normal,Normal,Normal,Normal,Normal
2023-12-21 08:00:00+08:00,0.985334829480563,1.0689072868321283e-11,2.580667650494298e-10,6.200639487302134e-08,0.014665108244286351,Normal,0,0.014665170519437054,Normal,Normal,Normal,Normal,Normal
2023-12-21 08:15:00+08:00,0.9458657245347271,1.6256880385491772e-11,3.9262390876001374e-10,1.0162966895367803e-07,0.054134173426723206,Normal,0,0.05413427546527294,Normal,Normal,Normal,Normal,Normal
2023-12-21 08:30:00+08:00,0.8785530408125457,1.5645777684099457e-11,5.355804194791102e-10,1.0873406578949582e-07,0.12144684990216245,Normal,0,0.1214469591874543,Normal,Normal,Normal,Normal,Normal
2023-12-21 08:45:00+08:00,0.8207079047196038,9.2745085009029e-12,7.103456641562183e-10,7.352519507674277e-08,0.1792920210355811,Normal,0,0.17929209528039625,Normal,Normal,Normal,Normal,Normal
2023-12-21 09:00:00+08:00,0.8254961463657196,5.918603871265171e-12,1.0167091566343678e-09,3.897618883114893e-08,0.17450381363546372,Normal,0,0.17450385363428045,Normal,Normal,Normal,Normal,Normal
2023-12-21 09:15:00+08:00,0.7883712628502983,6.54128354651976e-12,1.8164888821607361e-09,2.385389545160313e-08,0.211628711472776,Normal,0,0.21162873714970165,Normal,Normal,Normal,Normal,Normal
2023-12-21 09:30:00+08:00,0.7482474172222595,9.619323093153103e-12,2.985854654408944e-09,2.3598829630060263e-08,0.25175255618343695,Normal,0,0.2517525827777405,Normal,Normal,Normal,Normal,Normal
2023-12-21 09:45:00+08:00,0.7795901323136428,7.426714964661694e-11,5.392801550529042e-09,2.0635923927956896e-08,0.22040984158336457,Normal,0,0.22040986768635717,Normal,Normal,Normal,Normal,Shadowing
2023-12-21 10:00:00+08:00,0.7578341309261547,1.3052411014011435e-10,6.695682724939825e-09,1.939542746590292e-08,0.24216584285221093,Normal,0,0.2421658690738453,Normal,Normal,Normal,Normal,Shadowing
2023-12-21 10:15:00+08:00,0.7382945200604282,2.2560668039699523e-10,7.91139210110798e-09,1.828802136121694e-08,0.2617054535145516,Normal,0,0.26170547993957183,Normal,Normal,Normal,Normal,Shadowing
2023-12-21 10:30:00+08:00,0.7101892340111114,1.4735783689161463e-10,8.320740630889608e-09,1.815145393670276e-08,0.2898107393693362,Normal,0,0.28981076598888855,Normal,Normal,Normal,Normal,Shadowing
2023-12-21 10:45:00+08:00,0.6634620579774165,6.173770584135882e-11,8.652928066762467e-09,1.8424559894085104e-08,0.3365379148833577,Normal,0,0.33653794202258347,Normal,Normal,Normal,Normal,Shadowing
2023-12-21 11:00:00+08:00,0.6546479432242494,6.900513313529567e-11,9.058215222587867e-09,1.809020346797194e-08,0.3453520295583267,Normal,0,0.34535205677575065,Normal,Normal,Normal,Normal,Shadowing
2023-12-21 11:15:00+08:00,0.6427552641619207,1.0657602072815786e-10,9.913646424190316e-09,1.717541426579313e-08,0.35724470864244257,Normal,0,0.35724473583807925,Normal,Normal,Normal,Normal,Shadowing
2023-12-21 11:30:00+08:00,0.6411319604668204,1.390472632888957e-10,1.0304630280560155e-08,1.67217238818963e-08,0.35886801236777827,Normal,0,0.3588680395331796,Normal,Normal,Normal,Normal,Shadowing
2023-12-21 11:45:00+08:00,0.609353501207162,1.4221071033322925e-10,1.1372629451540696e-08,1.591607741304969e-08,0.3906464713619203,Normal,0,0.39064649879283797,Normal,Normal,Normal,Normal,Shadowing
2023-12-21 12:00:00+08:00,0.6050594438746077,8.297616164263027e-11,1.0766584954488238e-08,1.6710946672241074e-08,0.3949405285648844,Normal,0,0.39494055612539225,Normal,Normal,Normal,Normal,Shadowing
2023-12-21 12:15:00+08:00,0.513930644974724,2.5782991656861018e-11,1.0788272216458313e-08,1.2632148487373504e-08,0.4860693315790723,Normal,0,0.48606935502527604,Normal,Shadowing,Shadowing,Normal,Shadowing
2023-12-21 12:30:00+08:00,0.5762088807430356,3.0148162611943305e-11,1.0009983092778642e-08,1.6467795682083567e-08,0.42379109274903753,Normal,0,0.42379111925696444,Normal,Normal,Shadowing,Normal,Shadowing
2023-12-21 12:45:00+08:00,0.39991298000635284,8.362522608385897e-12,7.821569834258434e-09,9.92196392500932e-09,0.6000870022417508,Shadowing,1,0.6000870199936472,Normal,Shadowing,Shadowing,Shadowing,Shadowing
2023-12-21 13:00:00+08:00,0.30914721753019025,7.605400685367738e-12,9.854253993244332e-09,4.24060617965456e-09,0.6908527683673442,Shadowing,1,0.6908527824698097,Normal,Shadowing,Shadowing,Shadowing,Shadowing
2023-12-21 13:15:00+08:00,0.24484877953500064,5.975853592969742e-12,1.3508296440215421e-08,2.833186982293989e-09,0.7551512041175401,Shadowing,1,0.7551512204649994,Normal,Shadowing,Shadowing,Shadowing,Shadowing
2023-12-21 13:30:00+08:00,0.28115518764863107,7.042765416238477e-12,1.1315432730775565e-08,3.5447709066318633e-09,0.7188447974841224,Shadowing,1,0.7188448123513689,Normal,Shadowing,Shadowing,Shadowing,Shadowing
2023-12-21 13:45:00+08:00,0.408200970989112,1.9078731031857438e-11,1.2017979271965589e-08,7.244822615813749e-09,0.5917990097290073,Shadowing,1,0.591799029010888,Normal,Shadowing,Shadowing,Shadowing,Shadowing
2023-12-21 14:00:00+08:00,0.5477248882417437,6.277741200781946e-11,1.2669530026616198e-08,1.4549413935766558e-08,0.45227508447653475,Normal,0,0.4522751117582563,Normal,Normal,Shadowing,Normal,Shadowing
2023-12-21 14:15:00+08:00,0.5994138695079415,8.018581952204276e-11,1.0947883815770333e-08,1.6628131686852367e-08,0.40058610283585716,Normal,0,0.4005861304920585,Normal,Normal,Normal,Normal,Shadowing
2023-12-21 14:30:00+08:00,0.5931447599824093,8.299236134131905e-11,1.1226067082096948e-08,1.6412069466977877e-08,0.40685521229646165,Normal,0,0.40685524001759066,Normal,Normal,Normal,Normal,Shadowing
2023-12-21 14:45:00+08:00,0.7193704871462997,3.4333967706598716e-11,5.743169311715837e-09,2.0664938440320668e-08,0.2806294864112586,Normal,0,0.2806295128537003,Normal,Normal,Normal,Normal,Shadowing
2023-12-21 15:00:00+08:00,0.7879531154648597,2.2692744325511335e-11,3.419294186809497e-09,2.2393574856476205e-08,0.21204685869957846,Normal,0,0.2120468845351403,Normal,Normal,Normal,Normal,Normal
2023-12-21 15:15:00+08:00,0.8220470136804042,2.6954477137304127e-11,2.9819703992910528e-09,2.265328010801415e-08,0.17795296065739072,Normal,0,0.17795298631959577,Normal,Normal,Normal,Normal,Normal
2023-12-21 15:30:00+08:00,0.8622611267707014,2.5176030681847822e-11,2.1491976104241806e-09,2.4593549371857748e-08,0.1377388464613753,Normal,0,0.13773887322929856,Normal,Normal,Normal,Normal,Normal
2023-12-21 15:45:00+08:00,0.8949652985437477,2.1751583319245968e-11,1.5278951226839836e-09,2.841515859556619e-08,0.10503467149144692,Normal,0,0.10503470145625227,Normal,Normal,Normal,Normal,Normal
2023-12-21 16:00:00+08:00,0.8942106858689401,1.8908660786826863e-11,1.3065773397965905e-09,3.301333874818849e-08,0.1057892797922351,Normal,0,0.10578931413105985,Normal,Normal,Normal,Normal,Normal
2023-12-21 16:15:00+08:00,0.8759757684033092,2.02562981837038e-11,1.0143571896002917e-09,6.322175625927482e-08,0.12402416734032107,Normal,0,0.12402423159669085,Normal,Normal,Normal,Normal,Normal
2023-12-21 16:30:00+08:00,0.8899500331744303,3.480401272373233e-11,8.373471044108291e-10,9.686291469087802e-08,0.11004986909050393,Normal,0,0.11004996682556967,Normal,Normal,Normal,Normal,Normal
2023-12-21 16:45:00+08:00,0.9779428472777283,2.3819605760288506e-11,4.649010814747528e-10,7.399377244520432e-08,0.0220570782397785,Normal,0,0.02205715272227171,Normal,Normal,Normal,Normal,Normal
2023-12-21 17:00:00+08:00,0.9901467830516644,1.5590995618223168e-11,3.349541922803098e-10,5.2437573117626455e-08,0.009853164160217368,Normal,0,0.00985321694833563,Normal,Normal,Normal,Normal,Normal
2023-12-22 07:45:00+08:00,0.8777536149241421,1.9669203609366532e-11,1.0367407603096327e-09,5.9564442952342825e-08,0.12224632445500508,Normal,0,0.12224638507585794,Normal,Normal,Normal,Normal,Normal
2023-12-22 08:00:00+08:00,0.8976591060673339,2.2498154924924882e-11,1.4865081258519885e-09,2.95634466375948e-08,0.10234086286021327,Normal,0,0.1023408939326661,Normal,Normal,Normal,Normal,Normal
2023-12-22 08:15:00+08:00,0.8917242553505048,2.0950680036580887e-11,1.574625415942525e-09,2.718360314734732e-08,0.108275715870316,Normal,0,0.10827574464949519,Normal,Normal,Normal,Normal,Normal
2023-12-22 08:30:00+08:00,0.7931436158680357,1.3346478291534899e-11,2.6448974410923e-09,2.3297858520365766e-08,0.20685635817586184,Normal,0,0.20685638413196428,Normal,Normal,Normal,Normal,Normal
2023-12-22 08:45:00+08:00,0.8055677963811352,8.23624123863375e-12,1.8198240729781002e-09,2.3825748330838496e-08,0.19443217796505616,Normal,0,0.19443220361886482,Normal,Normal,Normal,Normal,Normal
2023-12-22 09:00:00+08:00,0.41649436048021693,4.926192028870174e-12,5.108739791306204e-09,1.4099538430243995e-08,0.5835056203065786,Shadowing,1,0.5835056395197831,Normal,Shadowing,Shadowing,Shadowing,Shadowing
2023-12-22 09:15:00+08:00,0.13702243798479544,3.124556864528708e-11,3.0874766749685524e-08,4.044322464348796e-09,0.8629775270648699,Shadowing,1,0.8629775620152046,Shadowing,Shadowing,Shadowing,Shadowing,Shadowing
2023-12-22 09:30:00+08:00,0.10196524719808173,2.465434270017201e-11,2.781010719316214e-08,3.151132747984693e-09,0.8980347218160241,Shadowing,1,0.8980347528019182,Shadowing,Shadowing,Shadowing,Shadowing,Shadowing
2023-12-22 09:45:00+08:00,0.2604725633680129,1.659387596662242e-10,4.426559770902973e-08,1.1765241075784622e-08,0.7395273804352096,Shadowing,1,0.7395274366319871,Normal,Shadowing,Shadowing,Shadowing,Shadowing
2023-12-22 10:00:00+08:00,0.47832267239031623,5.19394274399066e-11,1.4654422065884078e-08,1.0801471430525167e-08,0.5216773021018508,Shadowing,1,0.5216773276096838,Normal,Shadowing,Shadowing,Normal,Shadowing
2023-12-22 10:15:00+08:00,0.19263685673300177,1.463177444729305e-11,2.3866996800431292e-08,3.2696170079309883e-09,0.8073631161157527,Shadowing,1,0.8073631432669982,Normal,Shadowing,Shadowing,Shadowing,Shadowing
2023-12-22 10:30:00+08:00,0.19087567781189796,3.921343786096111e-11,3.2281409039624675e-08,5.169853066285606e-09,0.8091242846976264,Shadowing,1,0.809124322188102,Normal,Shadowing,Shadowing,Shadowing,Shadowing
2023-12-22 10:45:00+08:00,0.27718508443700923,4.846057763462489e-11,2.8769436661261024e-08,6.891130589698261e-09,0.722814879853963,Shadowing,1,0.7228149155629908,Normal,Shadowing,Shadowing,Shadowing,Shadowing
2023-12-22 11:00:00+08:00,0.06664886507929693,1.0644363906960476e-11,2.0381669969689046e-08,1.7823878989725454e-09,0.9333511127460008,Shadowing,1,0.9333511349207031,Shadowing,Shadowing,Shadowing,Shadowing,Shadowing
2023-12-22 11:15:00+08:00,0.012639975409414153,1.1331997516171852e-11,1.3705938371302503e-08,1.8008950934709847e-10,0.987360010693226,Shadowing,1,0.9873600245905858,Shadowing,Shadowing,Shadowing,Shadowing,Shadowing
2023-12-22 11:30:00+08:00,0.09253242748776572,1.3146299826097384e-11,5.291766607670622e-08,5.83981539021921e-10,0.9074675189974405,Shadowing,1,0.9074675725122343,Shadowing,Shadowing,Shadowing,Shadowing,Shadowing
2023-12-22 11:45:00+08:00,0.28387903072281045,1.2456798166122123e-11,8.304489218544371e-08,1.9475569283112426e-09,0.7161208842722836,Shadowing,1,0.7161209692771895,Shadowing,Shadowing,Shadowing,Shadowing,Shadowing
2023-12-22 12:00:00+08:00,0.07103515994390988,2.27757973026029e-11,2.5035885647789675e-08,2.6138274020003443e-09,0.9289648123836013,Shadowing,1,0.9289648400560901,Shadowing,Shadowing,Shadowing,Shadowing,Shadowing
2023-12-22 12:15:00+08:00,0.6283365388895115,3.202139938365488e-11,8.657918364451183e-09,1.9010891881228093e-08,0.3716634334096569,Normal,0,0.37166346111048854,Normal,Normal,Shadowing,Normal,Shadowing
2023-12-22 12:30:00+08:00,0.40793443437576327,1.3710018650913915e-11,1.0560022296025146e-08,8.155177227936354e-09,0.5920655468953273,Shadowing,1,0.5920655656242367,Normal,Shadowing,Shadowing,Shadowing,Shadowing
2023-12-22 12:45:00+08:00,0.05325250869062152,3.986649157229822e-12,1.5120868270712095e-08,9.592822742803979e-10,0.9467474752252413,Shadowing,1,0.9467474913093785,Shadowing,Shadowing,Shadowing,Shadowing,Shadowing
2023-12-22 13:00:00+08:00,0.03460331671799694,6.789881362236467e-12,1.496251181893847e-08,1.1507040552278479e-09,0.9653966671619972,Shadowing,1,0.965396683282003,Shadowing,Shadowing,Shadowing,Shadowing,Shadowing
2023-12-22 13:15:00+08:00,0.3213759239888526,3.2982661371384026e-11,2.1107134063782505e-08,6.313390848543495e-09,0.6786240485576398,Shadowing,1,0.6786240760111474,Normal,Shadowing,Shadowing,Shadowing,Shadowing
2023-12-22 13:30:00+08:00,0.3233455068519252,1.803921676046592e-11,1.628485637453832e-08,5.219520643398597e-09,0.6766544716256586,Shadowing,1,0.6766544931480748,Normal,Shadowing,Shadowing,Shadowing,Shadowing
2023-12-22 13:45:00+08:00,0.5217407521475808,1.0337419380679489e-10,1.584965254413267e-08,1.495978051082846e-08,0.47825921693961193,Normal,0,0.47825924785241924,Normal,Shadowing,Shadowing,Normal,Shadowing
2023-12-22 14:00:00+08:00,0.35950196109986704,1.541501459654329e-11,1.2520807859467857e-08,5.755109328351833e-09,0.6404980206088007,Shadowing,1,0.6404980389001329,Normal,Shadowing,Shadowing,Shadowing,Shadowing
2023-12-22 14:15:00+08:00,0.375395984731044,2.6420826965775813e-11,1.5513605005989528e-08,6.666117122313279e-09,0.6246039930628131,Shadowing,1,0.624604015268956,Normal,Shadowing,Shadowing,Shadowing,Shadowing
2023-12-22 14:30:00+08:00,0.23548211091126192,4.880507053839751e-11,3.2091135265661295e-08,6.336912931883742e-09,0.7645178506118848,Shadowing,1,0.7645178890887381,Normal,Shadowing,Shadowing,Shadowing,Shadowing
2023-12-22 14:45:00+08:00,0.10738989184656408,1.1721251012927928e-11,2.3431837183837515e-08,2.224800613419583e-09,0.8926100824850769,Shadowing,1,0.8926101081534359,Shadowing,Shadowing,Shadowing,Shadowing,Shadowing
2023-12-22 15:00:00+08:00,0.3817963900085385,5.2835235755957826e-11,2.0810577944079095e-08,8.79764183144526e-09,0.6182035803304065,Shadowing,1,0.6182036099914615,Normal,Shadowing,Shadowing,Shadowing,Shadowing
2023-12-22 15:15:00+08:00,0.1350434921744218,1.1737258620529445e-11,1.4324507400701938e-08,1.3989446101286317e-08,0.8649564794998875,Shadowing,1,0.8649565078255782,Shadowing,Shadowing,Shadowing,Shadowing,Shadowing
2023-12-22 15:30:00+08:00,0.17303419393141667,4.166515308016179e-11,2.7598235919571478e-08,1.671485200655993e-08,0.8269657617138304,Shadowing,1,0.8269658060685834,Shadowing,Shadowing,Shadowing,Shadowing,Shadowing
2023-12-22 15:45:00+08:00,6.389904898511599e-06,1.155616003565882e-05,2.9067683720207107e-09,5.482541486238764e-16,0.999982051028297,Shadowing,1,0.9999936100951015,Shadowing,Shadowing,Shadowing,Shadowing,Shadowing
2023-12-22 16:00:00+08:00,0.748754219697582,1.5716441011610122e-11,3.6604190212151492e-09,2.2816967216321165e-08,0.25124575380931535,Normal,0,0.25124578030241795,Normal,Normal,Normal,Normal,Normal
2023-12-22 16:15:00+08:00,0.8424841009409402,1.8834444656460225e-11,2.1690025616207956e-09,2.3790149625258497e-08,0.15751587308107298,Normal,0,0.15751589905905983,Normal,Normal,Normal,Normal,Normal
2023-12-22 16:30:00+08:00,0.8936942212449874,1.8707471399417193e-11,1.29689447717234e-09,3.341066826732506e-08,0.10630574402874231,Normal,0,0.10630577875501257,Normal,Normal,Normal,Normal,Normal
2023-12-22 16:45:00+08:00,0.8840074533330405,3.485975347897928e-11,8.655578229453115e-10,9.716301460976957e-08,0.11599244860352717,Normal,0,0.11599254666695946,Normal,Normal,Normal,Normal,Normal
2023-12-22 17:00:00+08:00,0.9856443366670982,2.1009450331480752e-11,4.158215561486145e-10,6.208664970233881e-08,0.014355600809421073,Normal,0,0.014355663332901836,Normal,Normal,Normal,Normal,Normal
2023-12-23 07:45:00+08:00,0.9994040883851237,3.0235408549169263e-12,9.880222911253024e-11,1.1702355153376114e-08,0.0005958998106954359,Normal,0,0.0005959116148762655,Normal,Normal,Normal,Normal,Normal
2023-12-23 08:00:00+08:00,0.998159590119563,6.045782391245705e-12,1.6355992565858598e-10,2.284288840467044e-08,0.0018403868679428986,Normal,0,0.0018404098804369884,Normal,Normal,Normal,Normal,Normal
2023-12-23 08:15:00+08:00,0.9864119736692135,2.1706596750551032e-11,4.2268139729542707e-10,6.080329703698028e-08,0.013587965083101432,Normal,0,0.013588026330786485,Normal,Normal,Normal,Normal,Normal
2023-12-23 08:30:00+08:00,0.9304641581155113,4.033966603253217e-11,7.8919372266326e-10,9.385025592110612e-08,0.06953574720469932,Normal,0,0.06953584188448869,Normal,Normal,Normal,Normal,Normal
2023-12-23 08:45:00+08:00,0.8953181471275811,2.4533226158997742e-11,1.273811434984437e-09,4.4397929283215126e-08,0.10468180717614502,Normal,0,0.10468185287241893,Normal,Normal,Normal,Normal,Normal
2023-12-23 09:00:00+08:00,0.8931715489321919,2.563299953208518e-11,1.2345981861058122e-09,4.9823167213907284e-08,0.10682839998440966,Normal,0,0.10682845106780814,Normal,Normal,Normal,Normal,Normal
2023-12-23 09:15:00+08:00,0.8499978789695823,7.029849186260559e-11,3.3991131823677453e-09,2.228438640380361e-08,0.15000209527661962,Normal,0,0.15000212103041766,Normal,Normal,Normal,Normal,Normal
2023-12-23 09:30:00+08:00,0.8239444202835322,3.151797451696762e-11,3.1372561836805967e-09,2.2548206414311496e-08,0.17605555399948722,Normal,0,0.1760555797164678,Normal,Normal,Normal,Normal,Normal
2023-12-23 09:45:00+08:00,0.8984451487461509,2.3732445067535123e-11,1.5486465029221366e-09,2.847584310747175e-08,0.101554821205627,Normal,0,0.10155485125384911,Normal,Normal,Normal,Normal,Normal
2023-12-23 10:00:00+08:00,0.8385846623058214,1.6809724673520964e-11,2.107181116580977e-09,2.37495986296871e-08,0.16141531182058907,Normal,0,0.1614153376941786,Normal,Normal,Normal,Normal,Normal
2023-12-23 10:15:00+08:00,0.4672516852325552,5.028446733639549e-10,3.278713757277841e-08,1.7839355943990168e-08,0.5327482636381067,Shadowing,1,0.5327483147674448,Normal,Shadowing,Shadowing,Shadowing,Shadowing
2023-12-23 10:30:00+08:00,0.3886297692080813,8.22954888649802e-10,5.05162409063921e-08,1.3132485498803674e-08,0.6113701663202373,Shadowing,1,0.6113702307919187,Normal,Shadowing,Shadowing,Shadowing,Shadowing
2023-12-23 10:45:00+08:00,0.1718077656356673,3.205857352352982e-11,3.103710968373576e-08,4.461852930021505e-09,0.8281921988333115,Shadowing,1,0.8281922343643326,Shadowing,Shadowing,Shadowing,Shadowing,Shadowing
2023-12-23 11:00:00+08:00,0.04687278431743327,4.2118200747670765e-11,2.5792126757529633e-08,1.8901488930745844e-09,0.9531271879581729,Shadowing,1,0.9531272156825668,Shadowing,Shadowing,Shadowing,Shadowing,Shadowing
2023-12-23 11:15:00+08:00,0.006212986297540162,1.0145286445116154e-10,1.2331346763066488e-08,2.107240470378939e-10,0.9937870010589362,Shadowing,1,0.9937870137024598,Shadowing,Shadowing,Shadowing,Shadowing,Shadowing
2023-12-23 11:30:00+08:00,0.03743447659628616,7.46837792980211e-12,2.4910522430936833e-08,5.555274611682162e-10,0.9625654979301956,Shadowing,1,0.9625655234037138,Shadowing,Shadowing,Shadowing,Shadowing,Shadowing
2023-12-23 11:45:00+08:00,0.13036520345658908,4.421062858433765e-11,3.337991096451821e-08,4.829933419147095e-09,0.8696347582893559,Shadowing,1,0.8696347965434109,Shadowing,Shadowing,Shadowing,Shadowing,Shadowing
2023-12-23 12:00:00+08:00,0.3920470769266762,1.0968411243124574e-11,9.523449344007598e-09,8.119282517982123e-09,0.6079529054196235,Shadowing,1,0.6079529230733238,Normal,Shadowing,Shadowing,Shadowing,Shadowing
2023-12-23 12:15:00+08:00,0.3685496002558484,1.3762661638223954e-11,1.1645615350239677e-08,5.9068574201581504e-09,0.6314503821779163,Shadowing,1,0.6314503997441516,Normal,Shadowing,Shadowing,Shadowing,Shadowing
2023-12-23 12:30:00+08:00,0.2564956031734293,4.1598338568600425e-12,8.088070282488253e-09,2.9925884144288566e-09,0.7435043857417523,Shadowing,1,0.7435043968265707,Normal,Shadowing,Shadowing,Shadowing,Shadowing
2023-12-23 12:45:00+08:00,0.14432568813460822,1.6203060538194929e-12,1.1022158850832914e-08,1.0835181099693964e-09,0.8556742997580946,Shadowing,1,0.8556743118653918,Normal,Shadowing,Shadowing,Shadowing,Shadowing
2023-12-23 13:00:00+08:00,0.255820392531373,1.1650765554920664e-11,1.8194525062829217e-08,3.598736227968557e-09,0.7441795856637149,Shadowing,1,0.744179607468627,Normal,Shadowing,Shadowing,Shadowing,Shadowing
2023-12-23 13:15:00+08:00,0.1321859874657218,1.3599531169361166e-10,1.339199882877038e-07,3.5250284936848995e-10,0.8678138781257918,Shadowing,1,0.8678140125342781,Shadowing,Shadowing,Shadowing,Shadowing,Shadowing
2023-12-23 13:30:00+08:00,0.33986382922655733,5.028449463271127e-11,7.955789254972668e-08,4.943086641928888e-09,0.6601360862221789,Shadowing,1,0.6601361707734427,Shadowing,Shadowing,Shadowing,Shadowing,Shadowing
2023-12-23 13:45:00+08:00,0.23336226554041306,8.44164825311187e-12,6.798082411941598e-08,2.4631631890058265e-09,0.766637664007158,Shadowing,1,0.7666377344595869,Shadowing,Shadowing,Shadowing,Shadowing,Shadowing
2023-12-23 14:00:00+08:00,0.00883701406851623,2.153509511248762e-11,1.1659770281917208e-08,2.531918460139241e-10,0.9911629739969866,Shadowing,1,0.9911629859314838,Shadowing,Shadowing,Shadowing,Shadowing,Shadowing
2023-12-23 14:15:00+08:00,0.22753987882802865,8.204342696218464e-12,1.765983459683421e-08,2.8671220102838056e-09,0.7724601006368104,Shadowing,1,0.7724601211719714,Normal,Shadowing,Shadowing,Shadowing,Shadowing
2023-12-23 14:30:00+08:00,0.7275782319086447,2.2946713304826345e-11,4.727720269696081e-09,2.1730756495232384e-08,0.272421741609932,Normal,0,0.2724217680913553,Normal,Normal,Normal,Normal,Normal
2023-12-23 14:45:00+08:00,0.6324187523926674,2.6313921984382724e-10,1.1638808909014237e-08,1.558944014102956e-08,0.3675812201159444,Normal,0,0.3675812476073326,Normal,Normal,Normal,Normal,Shadowing
2023-12-23 15:00:00+08:00,0.03401492890496392,2.3269197315429945e-10,1.472210573224349e-08,2.9996752987131707e-09,0.9659850531405632,Shadowing,1,0.9659850710950361,Shadowing,Shadowing,Shadowing,Shadowing,Shadowing
2023-12-23 15:15:00+08:00,0.03792907575865434,2.7573187883296897e-11,7.338076052393108e-09,7.4219607436062505e-09,0.9620709094537357,Shadowing,1,0.9620709242413457,Shadowing,Shadowing,Shadowing,Shadowing,Shadowing
2023-12-23 15:30:00+08:00,0.016648521961756032,2.4883215819634422e-14,9.111728997490616e-10,2.8831022835762287e-10,0.9833514768387358,Shadowing,1,0.983351478038244,Shadowing,Shadowing,Shadowing,Shadowing,Shadowing
2023-12-23 15:45:00+08:00,0.6761613228780461,5.123119490056496e-10,1.1003314178177126e-08,1.5853169252234977e-08,0.3238386497531585,Normal,0,0.3238386771219539,Normal,Normal,Normal,Normal,Shadowing
2023-12-23 16:00:00+08:00,0.18150334512885685,5.970409718447841e-08,8.273324453625263e-08,1.3112296440046145e-09,0.8184965111225718,Shadowing,1,0.8184966548711432,Normal,Shadowing,Shadowing,Shadowing,Shadowing
2023-12-23 16:15:00+08:00,0.856302100460207,1.193915545523682e-10,3.6652329865128825e-09,2.193685531771234e-08,0.1436978738183133,Normal,0,0.14369789953979295,Normal,Normal,Normal,Normal,Normal
2023-12-23 16:30:00+08:00,0.3430369996583772,1.4893995903992028e-08,2.4005665288401453e-08,8.424754561268809e-09,0.6569629530172071,Shadowing,1,0.6569630003416228,Normal,Shadowing,Shadowing,Shadowing,Shadowing
2023-12-23 16:45:00+08:00,0.8799371742352967,1.847752102842515e-11,1.0683026007500387e-09,5.37622396978007e-08,0.1200627709156834,Normal,0,0.12006282576470328,Normal,Normal,Normal,Normal,Normal
2023-12-23 17:00:00+08:00,0.8750421729207722,3.3490380012246285e-11,9.029131938827223e-10,9.705980577627988e-08,0.12495772908301843,Normal,0,0.12495782707922776,Normal,Normal,Normal,Normal,Normal
2023-12-24 07:45:00+08:00,0.5485886588809408,2.210082359631382e-12,1.010829909563231e-09,4.086896300630825e-08,0.45141129923705614,Normal,0,0.45141134111905923,Normal,Normal,Shadowing,Shadowing,Normal
2023-12-24 08:00:00+08:00,0.09621926693594943,2.657520664852598e-13,1.0250282781333405e-09,3.096705236372981e-09,0.9037807289420513,Shadowing,1,0.9037807330640506,Shadowing,Shadowing,Shadowing,Shadowing,Shadowing
2023-12-24 08:15:00+08:00,0.005671288019501746,1.2936865533345557e-14,1.7619176631599782e-10,6.547597844397634e-11,0.9943287117388175,Shadowing,1,0.9943287119804982,Shadowing,Shadowing,Shadowing,Shadowing,Shadowing
2023-12-24 08:30:00+08:00,0.020282823774072433,2.7408847848499433e-14,6.966652304460379e-10,3.8820517512950005e-10,0.9797171751410299,Shadowing,1,0.9797171762259276,Shadowing,Shadowing,Shadowing,Shadowing,Shadowing
2023-12-24 08:45:00+08:00,0.04365221509542352,1.7454351298776352e-12,2.961242677917775e-09,6.3591442742528435e-09,0.9563477755824442,Shadowing,1,0.9563477849045765,Shadowing,Shadowing,Shadowing,Shadowing,Shadowing
2023-12-24 09:00:00+08:00,0.47703355337068504,1.6177785182198347e-11,4.1168206330611976e-08,1.4554933876112057e-08,0.522966390889997,Shadowing,1,0.5229664466293149,Shadowing,Shadowing,Normal,Shadowing,Normal
2023-12-24 09:15:00+08:00,0.2470048963923095,8.176469194423743e-11,8.176066788763138e-08,5.073264793807155e-09,0.7529950166919931,Shadowing,1,0.7529951036076905,Shadowing,Shadowing,Shadowing,Shadowing,Shadowing
2023-12-24 09:30:00+08:00,0.22371582731027329,3.4254017022564843e-10,2.1347283889095543e-07,7.581329601124853e-10,0.7762839581162148,Shadowing,1,0.7762841726897267,Shadowing,Shadowing,Shadowing,Shadowing,Shadowing
2023-12-24 09:45:00+08:00,0.4368334146056688,5.3939908236379125e-09,5.027307792017222e-07,4.625514191806297e-10,0.5631660768070097,Shadowing,1,0.5631665853943312,Shadowing,Shadowing,Normal,Shadowing,Shadowing
2023-12-24 10:00:00+08:00,0.407403122933891,5.150196940919548e-07,2.573351114611995e-06,2.048137492394822e-11,0.5925937886748189,Shadowing,1,0.592596877066109,Shadowing,Shadowing,Shadowing,Normal,Shadowing
2023-12-24 10:15:00+08:00,0.2999306096139603,4.097187891312224e-07,3.3666531041494306e-06,3.2312439365462484e-11,0.700065613981834,Shadowing,1,0.7000693903860398,Normal,Shadowing,Shadowing,Shadowing,Shadowing
2023-12-24 10:30:00+08:00,0.42172422657014225,1.5014510499977908e-06,6.419686010368616e-06,5.3624307719072956e-11,0.5782678522391731,Shadowing,1,0.5782757734298578,Normal,Shadowing,Shadowing,Shadowing,Shadowing
2023-12-24 10:45:00+08:00,0.6538476943734641,6.277466530276796e-06,9.13393049963621e-06,4.1362963535333377e-11,0.346136894188143,Normal,0,0.34615230562653587,Normal,Normal,Normal,Shadowing,Normal
2023-12-24 11:00:00+08:00,0.000663557489228302,1.1185224683434944e-05,5.334787224731366e-06,2.0576055311209702e-11,0.9993199224782876,Shadowing,1,0.9993364425107717,Shadowing,Shadowing,Shadowing,Shadowing,Shadowing
2023-12-24 11:15:00+08:00,3.3954019808905735e-06,1.9460860114942205e-06,3.665295814357471e-06,1.2168559336369576e-10,0.9999909930945077,Shadowing,1,0.9999966045980191,Shadowing,Shadowing,Shadowing,Shadowing,Shadowing
2023-12-24 11:30:00+08:00,2.092592514660788e-06,9.099319251643573e-06,5.543215686468261e-06,1.2566344298800995e-10,0.9999832647468837,Shadowing,1,0.9999979074074853,Shadowing,Shadowing,Shadowing,Shadowing,Shadowing
2023-12-24 11:45:00+08:00,1.7629400381066777e-06,5.217094373552389e-05,1.2874560955556409e-05,2.511975822439959e-10,0.9999331913040732,Shadowing,1,0.9999982370599619,Shadowing,Shadowing,Shadowing,Shadowing,Shadowing
2023-12-24 12:00:00+08:00,1.5552574557465368e-06,0.0001662526348693009,2.7382723969850076e-05,4.0611296278604926e-10,0.999804808977592,Shadowing,1,0.9999984447425443,Shadowing,Shadowing,Shadowing,Shadowing,Shadowing
2023-12-24 12:15:00+08:00,1.580435492439216e-06,0.00022486555477807093,3.7049740108515086e-05,7.967848620403277e-10,0.999736503472836,Shadowing,1,0.9999984195645075,Shadowing,Shadowing,Shadowing,Shadowing,Shadowing
2023-12-24 12:30:00+08:00,1.7936200087612787e-06,0.0001965983975507169,3.642132238964727e-05,1.5587174295283186e-09,0.9997651851013336,Shadowing,1,0.9999982063799913,Shadowing,Shadowing,Shadowing,Shadowing,Shadowing
2023-12-24 12:45:00+08:00,2.091347352865094e-06,8.220176026247905e-05,2.1627449962262645e-05,1.640026938443501e-09,0.9998940778023956,Shadowing,1,0.9999979086526471,Shadowing,Shadowing,Shadowing,Shadowing,Shadowing
2023-12-24 13:00:00+08:00,2.3728978916963e-06,1.9324852649157063e-05,8.610019981711182e-06,7.232316527188324e-10,0.9999696915062458,Shadowing,1,0.9999976271021083,Shadowing,Shadowing,Shadowing,Shadowing,Shadowing
2023-12-24 13:15:00+08:00,3.3839074928235926e-06,3.6343447227429338e-06,5.475618216825032e-06,7.255664551304367e-10,0.999987505404001,Shadowing,1,0.9999966160925072,Shadowing,Shadowing,Shadowing,Shadowing,Shadowing
2023-12-24 13:30:00+08:00,6.148462223734217e-06,4.2591794140438e-07,1.0580667113215468e-06,7.134025514558623e-10,0.999992366839721,Shadowing,1,0.9999938515377763,Shadowing,Shadowing,Shadowing,Shadowing,Shadowing
2023-12-24 13:45:00+08:00,3.110507579941038e-05,2.3418891731235563e-07,2.934146717664131e-07,1.2659096088447454e-09,0.9999683660547019,Shadowing,1,0.9999688949242006,Shadowing,Shadowing,Shadowing,Shadowing,Shadowing
2023-12-24 14:00:00+08:00,0.00014854134487517353,1.8122338583312882e-07,2.835014619028935e-07,2.4668035363541504e-09,0.9998509914634737,Shadowing,1,0.9998514586551248,Shadowing,Shadowing,Shadowing,Shadowing,Shadowing
2023-12-24 14:15:00+08:00,0.0005620227375594205,1.0088765973765641e-07,1.9621295891281288e-07,3.9465678504263315e-09,0.9994376762152541,Shadowing,1,0.9994379772624405,Shadowing,Shadowing,Shadowing,Shadowing,Shadowing
2023-12-24 14:30:00+08:00,0.0007021978294836534,2.1932414099965466e-08,9.21332797691591e-08,6.935292916443965e-09,0.9992976811695294,Shadowing,1,0.9992978021705163,Shadowing,Shadowing,Shadowing,Shadowing,Shadowing
2023-12-24 14:45:00+08:00,0.0018406171706661027,1.1404514200555421e-08,5.404869815154122e-09,6.8727524047283855e-09,0.9981593591471976,Shadowing,1,0.9981593828293339,Shadowing,Shadowing,Shadowing,Shadowing,Shadowing
2023-12-24 15:00:00+08:00,0.0033860621291183354,1.2771216410570211e-09,1.0382742287144366e-09,3.1014132509806228e-09,0.9966139324540725,Shadowing,1,0.9966139378708817,Shadowing,Shadowing,Shadowing,Shadowing,Shadowing
2023-12-24 15:15:00+08:00,0.004211851245999261,5.289289512932298e-11,8.30240926487907e-10,2.411494448162595e-09,0.9957881454593724,Shadowing,1,0.9957881487540008,Shadowing,Shadowing,Shadowing,Shadowing,Shadowing
2023-12-24 15:30:00+08:00,0.007916433734837712,7.976658148791217e-13,7.468931332197251e-10,6.807716249591778e-10,0.9920835648366998,Shadowing,1,0.9920835662651623,Shadowing,Shadowing,Shadowing,Shadowing,Shadowing
2023-12-24 15:45:00+08:00,2.2870877743187076e-07,3.7093585143181465e-06,2.5208959258459267e-11,4.537370855891055e-19,0.9999960619074993,Shadowing,1,0.9999997712912225,Shadowing,Shadowing,Shadowing,Shadowing,Shadowing
2023-12-24 16:00:00+08:00,1.3740682595058316e-06,6.681916410667466e-06,1.7534171962516207e-10,7.334963385954175e-17,0.999991943839988,Shadowing,1,0.9999986259317405,Shadowing,Shadowing,Shadowing,Shadowing,Shadowing
2023-12-24 16:15:00+08:00,2.6870065270256222e-05,6.5459877669570265e-06,8.075581685324955e-09,1.1122680926062875e-12,0.9999665758702688,Shadowing,1,0.9999731299347298,Shadowing,Shadowing,Shadowing,Shadowing,Shadowing
2023-12-24 16:30:00+08:00,0.006366572984855173,1.3835888787145838e-07,8.937781574459528e-08,5.095721380168984e-10,0.9936331987688691,Shadowing,1,0.9936334270151448,Shadowing,Shadowing,Shadowing,Shadowing,Shadowing
2023-12-24 16:45:00+08:00,0.8893495141465795,3.3999045460020235e-11,8.286527524437215e-10,9.685114486512638e-08,0.11065038813962387,Normal,0,0.11065048585342052,Normal,Normal,Normal,Normal,Normal
2023-12-24 17:00:00+08:00,0.9605794228533909,3.1533011671010935e-11,5.921204604897324e-10,8.924431560746287e-08,0.03942048727864002,Normal,0,0.03942057714660907,Normal,Normal,Normal,Normal,Normal
2023-12-25 07:45:00+08:00,0.6769113420713286,2.997018338199956e-12,1.2925409778208113e-09,3.292095787024505e-08,0.32308862371217556,Normal,0,0.32308865792867136,Normal,Normal,Normal,Normal,Normal
2023-12-25 08:00:00+08:00,0.16037458440759794,7.607792015802126e-13,1.9681388399571512e-09,5.418481074022035e-09,0.8396254082050214,Shadowing,1,0.8396254155924021,Shadowing,Shadowing,Shadowing,Shadowing,Shadowing
2023-12-25 08:15:00+08:00,0.016027626530496674,6.521360230723713e-14,7.365784270485066e-10,2.4323443532452855e-10,0.9839723724896252,Shadowing,1,0.9839723734695033,Shadowing,Shadowing,Shadowing,Shadowing,Shadowing
2023-12-25 08:30:00+08:00,0.01165601301460566,7.309484911119421e-14,1.0092480735358502e-09,4.1727533183370526e-10,0.9883439855587979,Shadowing,1,0.9883439869853944,Shadowing,Shadowing,Shadowing,Shadowing,Shadowing
2023-12-25 08:45:00+08:00,0.11784277354796131,1.0765303184846665e-12,6.361409344870334e-09,1.060714889021001e-08,0.882157209482404,Shadowing,1,0.8821572264520386,Shadowing,Shadowing,Shadowing,Shadowing,Shadowing
2023-12-25 09:00:00+08:00,0.5220185297275383,2.2329672283637036e-11,4.808148145749578e-08,9.618506905635676e-09,0.4779814125501436,Normal,0,0.47798147027246174,Shadowing,Shadowing,Normal,Shadowing,Normal
2023-12-25 09:15:00+08:00,0.1938106516559159,3.830090764408779e-10,9.926982066630958e-08,8.412925845629447e-09,0.8061892402783284,Shadowing,1,0.8061893483440841,Shadowing,Shadowing,Shadowing,Shadowing,Shadowing
2023-12-25 09:30:00+08:00,0.14150912587150877,3.076000124808205e-10,1.7149145815463955e-07,8.452424699916232e-10,0.8584907014841905,Shadowing,1,0.8584908741284912,Shadowing,Shadowing,Shadowing,Shadowing,Shadowing
2023-12-25 09:45:00+08:00,0.41061178069771564,8.23965094559053e-09,5.185889069426173e-07,1.936724223956123e-10,0.589387692280054,Shadowing,1,0.5893882193022844,Shadowing,Shadowing,Shadowing,Shadowing,Shadowing
2023-12-25 10:00:00+08:00,0.3845868304051205,1.2232126351765283e-07,1.7879995542873e-06,9.530606218898923e-11,0.6154112591787557,Shadowing,1,0.6154131695948795,Normal,Shadowing,Shadowing,Shadowing,Shadowing
2023-12-25 10:15:00+08:00,0.491653164803264,3.9808792508354543e-07,1.9297399576329555e-06,2.069159144205328e-10,0.5083445071619372,Shadowing,1,0.508346835196736,Normal,Shadowing,Normal,Shadowing,Normal
2023-12-25 10:30:00+08:00,0.40608882698589877,1.3078203948775048e-06,3.874469383127255e-06,1.5357248154186306e-10,0.5939059905707507,Shadowing,1,0.5939111730141012,Normal,Shadowing,Shadowing,Shadowing,Shadowing
2023-12-25 10:45:00+08:00,0.24067471886799022,9.983302931938617e-06,1.380397910937328e-05,3.9412242848840716e-11,0.7593014938105562,Shadowing,1,0.7593252811320098,Shadowing,Normal,Shadowing,Shadowing,Shadowing
2023-12-25 11:00:00+08:00,7.318813026208426e-05,1.0785519302094274e-05,3.1579876571221897e-06,1.1067916712155529e-11,0.9999128683517109,Shadowing,1,0.9999268118697379,Shadowing,Shadowing,Shadowing,Shadowing,Shadowing
2023-12-25 11:15:00+08:00,2.483070859305161e-06,6.277999513843742e-06,5.5010242496990314e-06,2.5877837349259264e-10,0.9999857376465988,Shadowing,1,0.9999975169291407,Shadowing,Shadowing,Shadowing,Shadowing,Shadowing
2023-12-25 11:30:00+08:00,1.8759172828975452e-06,3.984404194582412e-05,1.1204555406660011e-05,2.872908246363093e-10,0.9999470751980736,Shadowing,1,0.9999981240827172,Shadowing,Shadowing,Shadowing,Shadowing,Shadowing
2023-12-25 11:45:00+08:00,1.6763493809666722e-06,0.00016775686192394928,2.9886879019134064e-05,7.437674655690205e-10,0.9998006791659085,Shadowing,1,0.999998323650619,Shadowing,Shadowing,Shadowing,Shadowing,Shadowing
2023-12-25 12:00:00+08:00,1.3654553180378535e-06,0.00048548776566817876,6.420091606869444e-05,1.6165564590209755e-09,0.9994489442463887,Shadowing,1,0.999998634544682,Shadowing,Shadowing,Shadowing,Shadowing,Shadowing
2023-12-25 12:15:00+08:00,1.3175389681567657e-06,0.0007710001699851149,9.258782397239816e-05,5.419226449045318e-09,0.9991350890478479,Shadowing,1,0.9999986824610319,Shadowing,Shadowing,Shadowing,Shadowing,Shadowing
2023-12-25 12:30:00+08:00,1.479774200053944e-06,0.000581729274440612,8.80629238938547e-05,8.464887040634725e-09,0.9993287195625784,Shadowing,1,0.9999985202257999,Shadowing,Shadowing,Shadowing,Shadowing,Shadowing
2023-12-25 12:45:00+08:00,1.7566617304513514e-06,0.0002959494582776249,6.4132987062209e-05,6.135028298039864e-09,0.9996381547579014,Shadowing,1,0.9999982433382696,Shadowing,Shadowing,Shadowing,Shadowing,Shadowing
2023-12-25 13:00:00+08:00,2.2545130563709955e-06,0.00011940027238522745,3.170659148078529e-05,4.87450808403427e-09,0.9998466337485695,Shadowing,1,0.9999977454869436,Shadowing,Shadowing,Shadowing,Shadowing,Shadowing
2023-12-25 13:15:00+08:00,3.206502968368855e-06,1.5619202969355425e-05,1.0086435264696822e-05,3.811171756650269e-09,0.9999710840476258,Shadowing,1,0.9999967934970316,Shadowing,Shadowing,Shadowing,Shadowing,Shadowing
2023-12-25 13:30:00+08:00,4.7644450369755236e-06,1.9655319684343805e-06,4.401753866621428e-06,1.1469381345778695e-09,0.9999888671221899,Shadowing,1,0.9999952355549631,Shadowing,Shadowing,Shadowing,Shadowing,Shadowing
2023-12-25 13:45:00+08:00,1.0855442260610357e-05,2.766229982689064e-07,4.326365651988351e-07,1.0238601760082844e-09,0.9999884342743156,Shadowing,1,0.9999891445577394,Shadowing,Shadowing,Shadowing,Shadowing,Shadowing
2023-12-25 14:00:00+08:00,9.137691086632781e-05,1.55592195864857e-07,2.542362116370924e-07,2.187024212724192e-09,0.9999082110737021,Shadowing,1,0.9999086230891336,Shadowing,Shadowing,Shadowing,Shadowing,Shadowing
2023-12-25 14:15:00+08:00,0.0006502332158704997,4.234869282723105e-08,1.3216444811513002e-07,5.9389946260148735e-09,0.9993495863319939,Shadowing,1,0.9993497667841295,Shadowing,Shadowing,Shadowing,Shadowing,Shadowing
2023-12-25 14:30:00+08:00,0.00159181418217993,4.808789731546845e-08,5.208376979146231e-08,7.93974626933835e-09,0.9984080777064067,Shadowing,1,0.9984081858178201,Shadowing,Shadowing,Shadowing,Shadowing,Shadowing
2023-12-25 14:45:00+08:00,0.0014025423273298816,9.253150744071697e-09,6.836557661741399e-09,6.419130696654409e-09,0.998597435163831,Shadowing,1,0.9985974576726702,Shadowing,Shadowing,Shadowing,Shadowing,Shadowing
2023-12-25 15:00:00+08:00,0.006272516204705203,3.4384581253772845e-09,1.7322021519143556e-09,5.724527860263578e-09,0.9937274729001067,Shadowing,1,0.9937274837952947,Shadowing,Shadowing,Shadowing,Shadowing,Shadowing
2023-12-25 15:15:00+08:00,0.002148248337804157,2.6828396083130327e-10,6.160552919396518e-10,1.7079155170527548e-09,0.997851749069941,Shadowing,1,0.9978517516621959,Shadowing,Shadowing,Shadowing,Shadowing,Shadowing
2023-12-25 15:30:00+08:00,0.07919982128162824,6.0821863764551e-13,4.658745428595928e-09,5.533168330904077e-09,0.9208001685258498,Shadowing,1,0.9208001787183717,Shadowing,Shadowing,Shadowing,Shadowing,Shadowing
2023-12-25 15:45:00+08:00,7.080705059618693e-07,5.987537146059306e-06,1.4773933726646292e-10,3.531310085585742e-18,0.9999933042446086,Shadowing,1,0.999999291929494,Shadowing,Shadowing,Shadowing,Shadowing,Shadowing
2023-12-25 16:00:00+08:00,4.477267933885933e-06,8.601806256229838e-06,7.419328147409532e-10,1.3968639481258888e-15,0.9999869201838758,Shadowing,1,0.9999955227320662,Shadowing,Shadowing,Shadowing,Shadowing,Shadowing
2023-12-25 16:15:00+08:00,1.85079319990085e-05,9.263279998797727e-06,4.690025965311634e-09,3.211858482006014e-13,0.9999722240976551,Shadowing,1,0.999981492068001,Shadowing,Shadowing,Shadowing,Shadowing,Shadowing
2023-12-25 16:30:00+08:00,0.024868674139315324,8.689507066692203e-08,1.104969962587077e-07,1.1442697951893464e-09,0.9751311273243479,Shadowing,1,0.9751313258606846,Shadowing,Shadowing,Shadowing,Shadowing,Shadowing
2023-12-25 16:45:00+08:00,0.8741805081847778,3.2146282558220716e-11,8.810562795354279e-10,9.712470508282702e-08,0.12581939377731463,Normal,0,0.12581949181522223,Normal,Normal,Normal,Normal,Normal
2023-12-25 17:00:00+08:00,0.9653888760612377,3.044533750811421e-11,5.571670196214962e-10,8.76467604865713e-08,0.034611035704389434,Normal,0,0.03461112393876231,Normal,Normal,Normal,Normal,Normal
2023-12-26 07:45:00+08:00,0.9107157820723801,3.5695028895219006e-11,7.932634110688556e-10,9.558311883100769e-08,0.0892841215155427,Normal,0,0.08928421792761987,Normal,Normal,Normal,Normal,Normal
2023-12-26 08:00:00+08:00,0.9456397382617652,3.13969390930656e-11,6.576809952091091e-10,9.208229252979256e-08,0.05436016896686441,Normal,0,0.05436026173823483,Normal,Normal,Normal,Normal,Normal
2023-12-26 08:15:00+08:00,0.8803751403359896,3.152539495409734e-11,1.0472222164738085e-09,7.910520138473754e-08,0.11962477948006134,Normal,0,0.11962485966401037,Normal,Normal,Normal,Normal,Normal
2023-12-26 08:30:00+08:00,0.8833477687353449,3.2076005635341836e-11,1.087089870778198e-09,7.531716262773384e-08,0.11665215482832655,Normal,0,0.11665223126465507,Normal,Normal,Normal,Normal,Normal
2023-12-26 08:45:00+08:00,0.8888722771412854,3.656409678004856e-11,8.664430479367972e-10,9.70221114447612e-08,0.11112762493359604,Normal,0,0.11112772285871464,Normal,Normal,Normal,Normal,Normal
2023-12-26 09:00:00+08:00,0.9310371991909842,2.228090300059128e-11,5.591124445518515e-10,9.869452473449569e-08,0.06896270153309775,Normal,0,0.06896280080901585,Normal,Normal,Normal,Normal,Normal
2023-12-26 09:15:00+08:00,0.8433328106407163,8.200882543800585e-12,1.2729115900764221e-09,3.0878949210829493e-08,0.15666715719922203,Normal,0,0.1566671893592837,Normal,Normal,Normal,Normal,Normal
2023-12-26 09:30:00+08:00,0.6560064787652224,5.8593502336685945e-12,3.0743021715722503e-09,2.4349850322740525e-08,0.3439934938047657,Normal,0,0.34399352123477756,Normal,Normal,Shadowing,Normal,Normal
2023-12-26 09:45:00+08:00,0.0005274879078555853,6.649997234171308e-07,6.221039364215481e-08,1.1820561241590006e-13,0.9994717848819091,Shadowing,1,0.9994725120921444,Shadowing,Shadowing,Shadowing,Shadowing,Shadowing
2023-12-26 10:00:00+08:00,0.1158529979598912,5.205706883464727e-12,1.9215876789604367e-08,1.5345277936736182e-09,0.8841469812844986,Shadowing,1,0.8841470020401088,Shadowing,Shadowing,Shadowing,Shadowing,Shadowing
2023-12-26 10:15:00+08:00,0.3152459004810034,1.154653001343057e-12,2.319098606613491e-08,9.46976700610151e-09,0.6847540668570887,Shadowing,1,0.6847540995189966,Shadowing,Shadowing,Shadowing,Shadowing,Shadowing
2023-12-26 10:30:00+08:00,0.04121560194457673,1.5680118619482626e-12,1.2172691560688187e-08,1.4730383493744984e-09,0.9587843844081252,Shadowing,1,0.9587843980554233,Shadowing,Shadowing,Shadowing,Shadowing,Shadowing
2023-12-26 10:45:00+08:00,0.3247499555184866,1.3504675029055744e-10,1.4026293804180595e-07,4.130714912863667e-10,0.6752499036704572,Shadowing,1,0.6752500444815134,Normal,Shadowing,Shadowing,Shadowing,Shadowing
2023-12-26 11:00:00+08:00,1.0861023727804991e-06,0.0002937685091910432,2.4505798760594403e-05,1.4511625602011199e-11,0.9996806395751638,Shadowing,1,0.9999989138976272,Shadowing,Shadowing,Shadowing,Shadowing,Shadowing
2023-12-26 11:15:00+08:00,2.8668252384444853e-06,3.1315298042661e-06,5.536284952443069e-06,2.3194443009797384e-10,0.9999884651280604,Shadowing,1,0.9999971331747616,Shadowing,Shadowing,Shadowing,Shadowing,Shadowing
2023-12-26 11:30:00+08:00,0.4198705822755599,7.257283503905955e-07,2.5865983375129608e-06,1.815419440334801e-10,0.5801261052162102,Shadowing,1,0.58012941772444,Normal,Shadowing,Normal,Shadowing,Shadowing
2023-12-26 11:45:00+08:00,3.884465143127289e-05,5.415296931225531e-06,1.1989762518805682e-08,6.039585708163493e-16,0.9999557280618744,Shadowing,1,0.9999611553485688,Shadowing,Shadowing,Shadowing,Shadowing,Shadowing
2023-12-26 12:00:00+08:00,0.1680939110117198,6.032224905468643e-09,6.368760553283237e-08,1.6761843359586418e-08,0.8319060025066065,Shadowing,1,0.8319060889882802,Shadowing,Shadowing,Shadowing,Shadowing,Shadowing
2023-12-26 12:15:00+08:00,0.2984776338696015,2.1824220291123847e-11,9.399311905301004e-08,1.6280810655076915e-09,0.7015222704873741,Shadowing,1,0.7015223661303984,Shadowing,Shadowing,Normal,Shadowing,Shadowing
2023-12-26 12:30:00+08:00,0.001330061934906018,4.0367812428524186e-08,6.137465530368931e-08,2.3031583206621076e-13,0.998669836322396,Shadowing,1,0.998669938065094,Shadowing,Shadowing,Shadowing,Shadowing,Shadowing
2023-12-26 12:45:00+08:00,0.23852507468343537,1.6034302831609095e-09,1.0223707812607014e-07,1.2365799913965077e-08,0.7614748091102562,Shadowing,1,0.7614749253165647,Shadowing,Shadowing,Shadowing,Shadowing,Shadowing
2023-12-26 13:00:00+08:00,2.8039037075024163e-06,0.00019732287378646765,6.378330316544339e-05,6.484107407429905e-08,0.9997360250782664,Shadowing,1,0.9999971960962925,Shadowing,Shadowing,Shadowing,Shadowing,Shadowing
2023-12-26 13:15:00+08:00,5.493582848347143e-06,7.846435217740987e-07,2.2544350521144562e-06,7.535236572418983e-10,0.9999914665850541,Shadowing,1,0.9999945064171517,Shadowing,Shadowing,Shadowing,Shadowing,Shadowing
2023-12-26 13:30:00+08:00,7.758966270393349e-06,3.210489680713051e-07,6.549275695987246e-07,8.90298723494262e-10,0.9999912641668931,Shadowing,1,0.9999922410337296,Shadowing,Shadowing,Shadowing,Shadowing,Shadowing
2023-12-26 13:45:00+08:00,0.00014007879244099853,1.830231425047957e-07,3.778333728369513e-07,1.7131810316123952e-09,0.9998593586378626,Shadowing,1,0.999859921207559,Shadowing,Shadowing,Shadowing,Shadowing,Shadowing
2023-12-26 14:00:00+08:00,0.0016825197488173898,2.4655493750623677e-07,2.6956458080284745e-07,2.6628098700242875e-09,0.9983169614688544,Shadowing,1,0.9983174802511826,Shadowing,Shadowing,Shadowing,Shadowing,Shadowing
2023-12-26 14:15:00+08:00,0.03554610849932348,3.274797222681429e-08,3.390644903941327e-08,9.374111442161476e-09,0.964453815472144,Shadowing,1,0.9644538915006765,Shadowing,Shadowing,Shadowing,Shadowing,Shadowing
2023-12-26 14:30:00+08:00,0.00019254810806654336,1.450961422288188e-08,8.997439100933888e-08,2.5642353638556975e-09,0.9998073448436926,Shadowing,1,0.9998074518919334,Shadowing,Shadowing,Shadowing,Shadowing,Shadowing
2023-12-26 14:45:00+08:00,0.0014289174139269932,6.506826363439411e-09,4.428211157327857e-09,5.49719511932533e-09,0.9985710661538404,Shadowing,1,0.998571082586073,Shadowing,Shadowing,Shadowing,Shadowing,Shadowing
2023-12-26 15:00:00+08:00,0.0023173047484464633,8.872032611003422e-10,7.930976794097783e-10,2.4264267186300807e-09,0.9976826911448258,Shadowing,1,0.9976826952515535,Shadowing,Shadowing,Shadowing,Shadowing,Shadowing
2023-12-26 15:15:00+08:00,0.003231849211316208,5.927177823189484e-11,5.943553080716879e-10,2.579969145365627e-09,0.9967681475550876,Shadowing,1,0.9967681507886837,Shadowing,Shadowing,Shadowing,Shadowing,Shadowing
2023-12-26 15:30:00+08:00,0.005236920581864349,7.504996279960267e-13,5.178076961125674e-10,5.399809194748684e-10,0.9947630783595965,Shadowing,1,0.9947630794181357,Shadowing,Shadowing,Shadowing,Shadowing,Shadowing
2023-12-26 15:45:00+08:00,7.848646808153166e-07,6.685136343993659e-06,1.2587682220027237e-10,6.413968919080836e-18,0.9999925298730983,Shadowing,1,0.9999992151353192,Shadowing,Shadowing,Shadowing,Shadowing,Shadowing
2023-12-26 16:00:00+08:00,1.1523213753730258e-06,6.55731869144123e-06,1.3619568901263502e-10,2.816895806030315e-17,0.9999922902237375,Shadowing,1,0.9999988476786247,Shadowing,Shadowing,Shadowing,Shadowing,Shadowing
2023-12-26 16:15:00+08:00,1.7468865173741168e-05,9.076020407438894e-06,4.979237505534036e-09,4.3270738732819285e-13,0.9999734501347486,Shadowing,1,0.9999825311348263,Shadowing,Shadowing,Shadowing,Shadowing,Shadowing
2023-12-26 16:30:00+08:00,0.0019669715968661187,2.296865937702436e-07,7.021211539409126e-08,2.4791053136836106e-10,0.9980327282565142,Shadowing,1,0.9980330284031339,Shadowing,Shadowing,Shadowing,Shadowing,Shadowing
2023-12-26 16:45:00+08:00,0.9048683175357025,3.3676610397766885e-11,7.85838658831721e-10,9.593314600769176e-08,0.09513158571163606,Normal,0,0.09513168246429748,Normal,Normal,Normal,Normal,Normal
2023-12-26 17:00:00+08:00,0.9731376827760627,2.6614346418344766e-11,5.070517522355573e-10,8.025726672200304e-08,0.026862236433004633,Normal,0,0.026862317223937282,Normal,Normal,Normal,Normal,Normal
2023-12-27 07:45:00+08:00,0.8786302930194951,2.4304712178203147e-11,1.036868293307993e-09,6.84321382786059e-08,0.1213696374871935,Normal,0,0.12136970698050487,Normal,Normal,Normal,Normal,Normal
2023-12-27 08:00:00+08:00,0.8738374903126666,1.8472588568671895e-11,9.958917062702343e-10,6.153415554611648e-08,0.12616244713881364,Normal,0,0.12616250968733345,Normal,Normal,Normal,Normal,Normal
2023-12-27 08:15:00+08:00,0.8721392491718614,1.4469968245046997e-11,1.5476099786341396e-09,2.5702128016407027e-08,0.1278607235639307,Normal,0,0.12786075082813864,Normal,Normal,Normal,Normal,Normal
2023-12-27 08:30:00+08:00,0.8933431802908307,1.8716289969824724e-11,1.3273816613843167e-09,3.2331638443290615e-08,0.10665678603143283,Normal,0,0.10665681970916929,Normal,Normal,Normal,Normal,Normal
2023-12-27 08:45:00+08:00,0.8623996180774152,1.0646207533728572e-11,1.306659547586148e-09,3.0452692346557346e-08,0.1376003501525868,Normal,0,0.13760038192258484,Normal,Normal,Normal,Normal,Normal
2023-12-27 09:00:00+08:00,0.7832744693366982,1.278767631675235e-11,2.759232995212657e-09,2.3330854198322572e-08,0.21672550456042705,Normal,0,0.2167255306633018,Normal,Normal,Normal,Normal,Normal
2023-12-27 09:15:00+08:00,0.7375936994101482,1.3157438738120959e-11,3.6406164446441977e-09,2.3068397535708445e-08,0.26240627386768034,Normal,0,0.2624063005898518,Normal,Normal,Normal,Normal,Normal
2023-12-27 09:30:00+08:00,0.6258766284280581,3.7114538135910587e-11,9.106791471372667e-09,1.8585945638350424e-08,0.37412334384209023,Normal,0,0.37412337157194187,Normal,Normal,Shadowing,Normal,Shadowing
2023-12-27 09:45:00+08:00,0.2870251772909854,2.0345212975271153e-11,1.9879097485264934e-08,4.929341959521887e-09,0.7129747978802299,Shadowing,1,0.7129748227090146,Normal,Shadowing,Shadowing,Shadowing,Shadowing
2023-12-27 10:00:00+08:00,0.011428203025164913,1.9819551125184535e-10,2.7678120195195378e-08,1.1917463625370178e-11,0.9885717690866018,Shadowing,1,0.9885717969748351,Shadowing,Shadowing,Shadowing,Shadowing,Shadowing
2023-12-27 10:15:00+08:00,0.020583075903519887,2.332786335208484e-06,2.761198741558345e-07,7.805673474015859e-16,0.97941431519027,Shadowing,1,0.9794169240964801,Shadowing,Shadowing,Shadowing,Shadowing,Shadowing
2023-12-27 10:30:00+08:00,7.304341185204926e-05,2.392361343373932e-07,2.1298795737589466e-08,5.17121656326517e-15,0.9999266960532127,Shadowing,1,0.9999269565881479,Shadowing,Shadowing,Shadowing,Shadowing,Shadowing
2023-12-27 10:45:00+08:00,0.6366695998579444,9.776587643728181e-12,4.5543182264779414e-08,7.56068725918807e-09,0.3633303470284096,Normal,0,0.36333040014205564,Shadowing,Shadowing,Normal,Normal,Normal
2023-12-27 11:00:00+08:00,0.016931507833064595,1.4230197634484218e-11,1.8986314124577043e-08,1.5105985086247625e-10,0.9830684730153312,Shadowing,1,0.9830684921669354,Shadowing,Shadowing,Shadowing,Shadowing,Shadowing
2023-12-27 11:15:00+08:00,0.02566419066038339,1.2453045530211172e-07,1.6660870376954692e-07,9.034129511903102e-10,0.9743355172970446,Shadowing,1,0.9743358093396166,Shadowing,Shadowing,Shadowing,Shadowing,Shadowing
2023-12-27 11:30:00+08:00,3.895651570498361e-05,0.11836637766442762,0.008348001227440217,3.125542465665809e-08,0.8732466333370026,Shadowing,1,0.999961043484295,Shadowing,Shadowing,Shadowing,Shadowing,Shadowing
2023-12-27 11:45:00+08:00,0.09984823351980357,2.9708309955407854e-10,5.385533109042121e-08,9.160297393672232e-09,0.9001517031674847,Shadowing,1,0.9001517664801965,Shadowing,Shadowing,Shadowing,Shadowing,Shadowing
2023-12-27 12:00:00+08:00,0.016407023225661982,4.058563155713925e-11,2.521962172560408e-08,6.320034969450989e-11,0.9835929514509303,Shadowing,1,0.983592976774338,Shadowing,Shadowing,Shadowing,Shadowing,Shadowing
2023-12-27 12:15:00+08:00,0.05252613273687976,4.842519213060168e-10,2.9392113902983678e-08,6.007822731051299e-09,0.9474738313789317,Shadowing,1,0.9474738672631202,Shadowing,Shadowing,Shadowing,Shadowing,Shadowing
2023-12-27 12:30:00+08:00,2.2009243843363475e-05,2.217541356684049e-08,1.1666612849775823e-07,9.489559389611889e-10,0.9999778509656586,Shadowing,1,0.9999779907561567,Shadowing,Shadowing,Shadowing,Shadowing,Shadowing
2023-12-27 12:45:00+08:00,0.4317256192829174,6.840093090414682e-09,5.172243182132239e-07,7.352008186149313e-10,0.5682738559174705,Shadowing,1,0.5682743807170826,Normal,Shadowing,Shadowing,Shadowing,Shadowing
2023-12-27 13:00:00+08:00,0.18788619568998663,2.1172318313493035e-10,8.472738668273006e-08,7.933863923182162e-09,0.8121137114370395,Shadowing,1,0.8121138043100133,Shadowing,Shadowing,Shadowing,Shadowing,Shadowing
2023-12-27 13:15:00+08:00,0.16221358040053072,9.205243903923952e-12,6.252232310518184e-08,1.633118071401914e-09,0.8377863554348229,Shadowing,1,0.8377864195994693,Shadowing,Shadowing,Shadowing,Shadowing,Shadowing
2023-12-27 13:30:00+08:00,0.11175899088948378,3.141937314472056e-12,2.94914933798865e-08,2.832131625706049e-09,0.8882409767837492,Shadowing,1,0.8882410091105162,Shadowing,Shadowing,Shadowing,Shadowing,Shadowing
2023-12-27 13:45:00+08:00,0.0379856237363511,7.082606108868482e-12,2.453980285249642e-08,6.044377893298395e-10,0.9620143511123256,Shadowing,1,0.9620143762636489,Shadowing,Shadowing,Shadowing,Shadowing,Shadowing
2023-12-27 14:00:00+08:00,0.08684370588565606,7.786788086342738e-12,2.028762988596286e-08,1.6707689216320823e-09,0.9131562721481583,Shadowing,1,0.913156294114344,Shadowing,Shadowing,Shadowing,Shadowing,Shadowing
2023-12-27 14:15:00+08:00,0.026951255685043647,4.861642349281491e-12,1.2416036365295378e-08,8.485702884187945e-10,0.973048731045488,Shadowing,1,0.9730487443149564,Shadowing,Shadowing,Shadowing,Shadowing,Shadowing
2023-12-27 14:30:00+08:00,0.1412845017427756,2.008353651284013e-11,2.7561968133269033e-08,3.2106063391005364e-09,0.8587154674645664,Shadowing,1,0.8587154982572244,Shadowing,Shadowing,Shadowing,Shadowing,Shadowing
2023-12-27 14:45:00+08:00,0.4007664763120977,8.771715161023893e-12,8.057332969188997e-09,9.742151947434437e-09,0.5992335058796456,Shadowing,1,0.5992335236879023,Normal,Shadowing,Shadowing,Shadowing,Shadowing
2023-12-27 15:00:00+08:00,0.47257672573717163,1.3429299011460398e-11,8.741731111978492e-09,1.2497102225574954e-08,0.5274232530105658,Shadowing,1,0.5274232742628284,Normal,Shadowing,Shadowing,Shadowing,Shadowing
2023-12-27 15:15:00+08:00,0.7234741099424744,2.2665748075778984e-11,4.812305219677974e-09,2.170791287452591e-08,0.2765258635146418,Normal,0,0.2765258900575256,Normal,Normal,Normal,Normal,Normal
2023-12-27 15:30:00+08:00,0.8267814695261917,2.014891940170885e-11,2.504433822924259e-09,2.2911789348233836e-08,0.1732185050374363,Normal,0,0.1732185304738083,Normal,Normal,Normal,Normal,Normal
2023-12-27 15:45:00+08:00,0.8740242849911546,1.3096643038478967e-11,1.3588915358136828e-09,2.9476895407484353e-08,0.12597568415996188,Normal,0,0.1259757150088454,Normal,Normal,Normal,Normal,Normal
2023-12-27 16:00:00+08:00,0.8832493480427029,1.4299831332283161e-11,1.1787949016120937e-09,3.5371401359358736e-08,0.11675061539280088,Normal,0,0.11675065195729706,Normal,Normal,Normal,Normal,Normal
2023-12-27 16:15:00+08:00,0.8987354577007146,2.6743763125234244e-11,7.182621620352241e-10,9.72502332021274e-08,0.10126444430404621,Normal,0,0.10126454229928539,Normal,Normal,Normal,Normal,Normal
2023-12-27 16:30:00+08:00,0.9443368386265318,2.7795375030588386e-11,6.184964376913866e-10,9.242952809192875e-08,0.055663068297648235,Normal,0,0.05566316137346816,Normal,Normal,Normal,Normal,Normal
2023-12-27 16:45:00+08:00,0.9909900186545461,1.4526999866597321e-11,3.1796450896030763e-10,5.0333233125005615e-08,0.009009930679729336,Normal,0,0.009009981345453943,Normal,Normal,Normal,Normal,Normal
2023-12-27 17:00:00+08:00,0.9988229887394823,4.7247125335166845e-12,1.3777829880457568e-10,1.758896227309243e-08,0.00117699352905244,Normal,0,0.001177011260517724,Normal,Normal,Normal,Normal,Normal
2023-12-28 07:45:00+08:00,0.8878696176602039,2.7908089355982287e-11,7.544554096151545e-10,9.706097275309771e-08,0.11213028449645968,Normal,0,0.11213038233979611,Normal,Normal,Normal,Normal,Normal
2023-12-28 08:00:00+08:00,0.8850046105538641,2.0182310913507676e-11,1.128333446412455e-09,5.0997600449654087e-08,0.11499533730001961,Normal,0,0.11499538944613585,Normal,Normal,Normal,Normal,Normal
2023-12-28 08:15:00+08:00,0.8788073095736102,1.623892973947707e-11,1.5582681467424185e-09,2.600738872091971e-08,0.12119266284449401,Normal,0,0.1211926904263898,Normal,Normal,Normal,Normal,Normal
2023-12-28 08:30:00+08:00,0.7868125384908689,3.694856213986014e-11,4.165326055595376e-09,2.1781031619272473e-08,0.21318743552582484,Normal,0,0.21318746150913115,Normal,Normal,Normal,Normal,Normal
2023-12-28 08:45:00+08:00,0.8235489955192886,5.656084209126737e-11,3.873881538559152e-09,2.192772053869222e-08,0.17645097862254855,Normal,0,0.17645100448071138,Normal,Normal,Normal,Normal,Normal
2023-12-28 09:00:00+08:00,0.6789865514261226,2.7506883487636953e-11,6.61248737782319e-09,2.0445158321029993e-08,0.32101342148872486,Normal,0,0.32101344857387737,Normal,Normal,Normal,Normal,Shadowing
2023-12-28 09:15:00+08:00,0.7238764599977371,1.9219501893756253e-11,4.538963167102129e-09,2.212758233304226e-08,0.276123513316498,Normal,0,0.2761235400022629,Normal,Normal,Normal,Normal,Normal
2023-12-28 09:30:00+08:00,0.6578569640631757,3.052269523468648e-11,7.52361904621978e-09,1.97215230722633e-08,0.34214300866115943,Normal,0,0.34214303593682427,Normal,Normal,Normal,Normal,Shadowing
2023-12-28 09:45:00+08:00,6.16931569865106e-07,4.051175817009464e-06,3.360796025922024e-10,5.116749079700169e-19,0.9999953315565335,Shadowing,1,0.9999993830684302,Shadowing,Shadowing,Shadowing,Shadowing,Shadowing
2023-12-28 10:00:00+08:00,1.5972796888413785e-06,4.447623850269462e-06,8.282969259469681e-10,8.539767966190868e-18,0.999993954268164,Shadowing,1,0.9999984027203112,Shadowing,Shadowing,Shadowing,Shadowing,Shadowing
2023-12-28 10:15:00+08:00,0.001881946420739292,1.3032208902890153e-09,1.771076211495748e-08,3.9761133393220263e-13,0.99811803456488,Shadowing,1,0.9981180535792608,Shadowing,Shadowing,Shadowing,Shadowing,Shadowing
2023-12-28 10:30:00+08:00,0.6385002967191407,3.0150812704747643e-06,6.287516879884432e-06,5.589036732331915e-11,0.3614904006268186,Normal,0,0.36149970328085934,Normal,Normal,Normal,Shadowing,Normal
2023-12-28 10:45:00+08:00,0.0005438018508674886,1.6822789383660738e-08,8.354683412885717e-08,5.417306037865599e-09,0.999456092362203,Shadowing,1,0.9994561981491326,Shadowing,Shadowing,Shadowing,Shadowing,Shadowing
2023-12-28 11:00:00+08:00,0.09835873286679958,2.982548463710942e-07,5.769651488444817e-07,2.680000783824618e-10,0.901640391645205,Shadowing,1,0.9016412671332004,Shadowing,Shadowing,Shadowing,Shadowing,Shadowing
2023-12-28 11:15:00+08:00,3.178022090857073e-06,4.5836519774858255e-06,5.981586405131107e-06,7.050680059685826e-10,0.9999862560344586,Shadowing,1,0.9999968219779092,Shadowing,Shadowing,Shadowing,Shadowing,Shadowing
2023-12-28 11:30:00+08:00,2.270585348640714e-06,1.6194229130371118e-05,7.431837534524535e-06,4.235592507496425e-10,0.9999741029244273,Shadowing,1,0.9999977294146514,Shadowing,Shadowing,Shadowing,Shadowing,Shadowing
2023-12-28 11:45:00+08:00,1.838827279552446e-06,9.24081543015171e-05,2.0618514268950902e-05,7.065372743460961e-10,0.9998851337976127,Shadowing,1,0.9999981611727204,Shadowing,Shadowing,Shadowing,Shadowing,Shadowing
2023-12-28 12:00:00+08:00,2.721711697401215e-06,2.936061565928333e-05,1.3144090818254726e-05,3.3977119721244737e-09,0.999954770184113,Shadowing,1,0.9999972782883026,Shadowing,Shadowing,Shadowing,Shadowing,Shadowing
2023-12-28 12:15:00+08:00,3.1244188341692368e-06,1.931929319827211e-06,4.0324121856651345e-06,1.9656889158900875e-10,0.9999909110430913,Shadowing,1,0.9999968755811658,Shadowing,Shadowing,Shadowing,Shadowing,Shadowing
2023-12-28 12:30:00+08:00,0.1533094575459056,4.541402409690135e-09,5.668776888613151e-08,2.1604950654661688e-08,0.8466904596199724,Shadowing,1,0.8466905424540944,Shadowing,Shadowing,Shadowing,Shadowing,Shadowing
2023-12-28 12:45:00+08:00,0.14196891255623828,5.386736446745056e-09,2.8731004844544606e-07,1.7678873528524073e-11,0.858030794729298,Shadowing,1,0.8580310874437618,Shadowing,Shadowing,Shadowing,Shadowing,Shadowing
2023-12-28 13:00:00+08:00,4.278783889051009e-06,2.3852318238390285e-06,4.688978531581935e-06,5.578049178251251e-09,0.9999886414277064,Shadowing,1,0.9999957212161109,Shadowing,Shadowing,Shadowing,Shadowing,Shadowing
2023-12-28 13:15:00+08:00,3.7535378011860477e-07,4.617430528392801e-06,7.23317024696904e-05,0.7873493787100613,0.21257329680316048,Open-Circuit,1,0.9999996246462198,Open-Circuit,Open-Circuit,Open-Circuit,Open-Circuit,Shadowing
2023-12-28 13:30:00+08:00,2.704323852598115e-06,2.600504499793872e-05,1.1947157556154083e-05,2.7758092002690334e-09,0.999959340697784,Shadowing,1,0.9999972956761474,Shadowing,Shadowing,Shadowing,Shadowing,Shadowing
2023-12-28 13:45:00+08:00,1.183949181669368e-07,3.639117859505417e-06,2.959371717969571e-11,1.1410603307668885e-19,0.9999962424576285,Shadowing,1,0.9999998816050818,Shadowing,Shadowing,Shadowing,Shadowing,Shadowing
2023-12-28 14:00:00+08:00,0.012340404249337588,1.6541203827851533e-13,1.7810556057464002e-09,2.9538280482167367e-10,0.9876595936740588,Shadowing,1,0.9876595957506624,Shadowing,Shadowing,Shadowing,Shadowing,Shadowing
2023-12-28 14:15:00+08:00,0.13454401937082805,3.7914110959375465e-12,9.022505346508521e-09,1.2154257355509479e-08,0.8654559594486179,Shadowing,1,0.865455980629172,Shadowing,Shadowing,Shadowing,Shadowing,Shadowing
2023-12-28 14:30:00+08:00,0.020514172681520264,5.552879267799303e-12,1.3761524771730924e-08,4.6120931468147193e-10,0.9794858130901929,Shadowing,1,0.9794858273184798,Shadowing,Shadowing,Shadowing,Shadowing,Shadowing
2023-12-28 14:45:00+08:00,0.31719690421061236,2.566022180192045e-11,1.9356081982267426e-08,5.733210729446847e-09,0.6828030706744348,Shadowing,1,0.6828030957893876,Normal,Shadowing,Shadowing,Shadowing,Shadowing
2023-12-28 15:00:00+08:00,0.10984177556004213,9.019915775263902e-13,7.18043529727681e-09,8.654503986447242e-10,0.8901582163931703,Shadowing,1,0.8901582244399578,Shadowing,Shadowing,Shadowing,Shadowing,Shadowing
2023-12-28 15:15:00+08:00,0.17104952289668543,3.037116333884219e-12,1.543223074319224e-08,1.5502479901210395e-09,0.8289504601177988,Shadowing,1,0.8289504771033146,Normal,Shadowing,Shadowing,Shadowing,Shadowing
2023-12-28 15:30:00+08:00,0.32885825523031065,7.153816029590277e-12,8.632740466414528e-09,5.786279310704197e-09,0.6711417303435157,Shadowing,1,0.6711417447696894,Normal,Shadowing,Shadowing,Shadowing,Shadowing
2023-12-28 15:45:00+08:00,0.5335381408073542,1.0622344615205855e-11,6.515269947960696e-09,1.7691484507242582e-08,0.466461834975269,Normal,0,0.4664618591926458,Normal,Normal,Shadowing,Normal,Shadowing
2023-12-28 16:00:00+08:00,0.762695341356134,1.6042600243682005e-11,3.4296105361980075e-09,2.288136207503442e-08,0.23730463231685078,Normal,0,0.23730465864386596,Normal,Normal,Normal,Normal,Normal
2023-12-28 16:15:00+08:00,0.8000933231095428,1.4488174073792197e-11,2.6268719838440516e-09,2.3208901361943105e-08,0.19990665104019562,Normal,0,0.19990667689045716,Normal,Normal,Normal,Normal,Normal
2023-12-28 16:30:00+08:00,0.8337862036115495,1.4166132496745738e-10,4.46533210069825e-09,2.1184238459721077e-08,0.1662137705972186,Normal,0,0.16621379638845046,Normal,Normal,Normal,Normal,Shadowing
2023-12-28 16:45:00+08:00,0.8736997267826331,1.3076111425825717e-11,1.364743814170037e-09,2.933407420077397e-08,0.1263002425054729,Normal,0,0.12630027321736692,Normal,Normal,Normal,Normal,Normal
2023-12-28 17:00:00+08:00,0.8621397673251934,1.8787908469302382e-11,8.859438492941024e-10,7.563832561948715e-08,0.13786015613174923,Normal,0,0.13786023267480663,Normal,Normal,Normal,Normal,Normal
2023-12-29 07:45:00+08:00,0.8664666991650984,1.7993580209652438e-11,9.252167813037232e-10,6.88597283943949e-08,0.13353323103196277,Normal,0,0.13353330083490156,Normal,Normal,Normal,Normal,Normal
2023-12-29 08:00:00+08:00,0.8914777459323939,3.044758895422414e-11,1.8618763362012562e-09,2.632650582475588e-08,0.10852222584877627,Normal,0,0.10852225406760607,Normal,Normal,Normal,Normal,Normal
2023-12-29 08:15:00+08:00,0.6637775294816017,1.0066765339637322e-09,9.184077651943931e-09,1.3578678033652533e-08,0.33622244674896606,Normal,0,0.33622247051839826,Normal,Normal,Normal,Normal,Shadowing
2023-12-29 08:30:00+08:00,0.6374409443610308,2.7730427170206548e-12,9.352514950914128e-10,4.611347237141625e-08,0.36255900858747225,Normal,0,0.3625590556389692,Normal,Normal,Normal,Shadowing,Normal
2023-12-29 08:45:00+08:00,0.6056768992536201,1.7229535901169377e-09,1.1210669891202747e-08,1.0959059370130271e-08,0.39432307685369705,Normal,0,0.3943231007463799,Normal,Normal,Normal,Shadowing,Shadowing
2023-12-29 09:00:00+08:00,0.6571236459497183,6.483493458739632e-12,3.3148521835520845e-09,2.4168077684844074e-08,0.34287632656086836,Normal,0,0.3428763540502817,Normal,Normal,Shadowing,Normal,Normal
2023-12-29 09:15:00+08:00,0.0007124451635482798,1.4517461792285408e-15,7.889925150547082e-12,3.646712196019459e-11,0.9992875547920932,Shadowing,1,0.9992875548364517,Shadowing,Shadowing,Shadowing,Shadowing,Shadowing
2023-12-29 09:30:00+08:00,0.04611811456877646,9.662261909523132e-12,3.141122747490189e-08,4.789964686234636e-10,0.9538818535313374,Shadowing,1,0.9538818854312235,Shadowing,Shadowing,Shadowing,Shadowing,Shadowing
2023-12-29 09:45:00+08:00,0.00042347718704261025,4.275095906252976e-10,1.0758409897048788e-08,1.3345880327584879e-09,0.9995765102924498,Shadowing,1,0.9995765228129574,Shadowing,Shadowing,Shadowing,Shadowing,Shadowing
2023-12-29 10:00:00+08:00,0.40233779711634277,6.931711982132572e-10,2.0390489685917987e-07,1.5264897397922743e-10,0.5976619981329401,Shadowing,1,0.5976622028836572,Normal,Shadowing,Shadowing,Shadowing,Shadowing
2023-12-29 10:15:00+08:00,0.23014674548934141,1.9958979694195644e-10,1.2817829350946404e-07,2.8531686312504164e-10,0.7698531258474584,Shadowing,1,0.7698532545106586,Shadowing,Shadowing,Shadowing,Shadowing,Shadowing
2023-12-29 10:30:00+08:00,0.1973683222092561,1.2247143566292358e-11,1.9025569088354158e-08,3.7436093837167925e-18,0.8026316587529276,Shadowing,1,0.8026316777907438,Shadowing,Shadowing,Shadowing,Normal,Shadowing
2023-12-29 10:45:00+08:00,0.08092267010559522,2.4635417967838857e-08,7.35585859416186e-08,5.9603209347247665e-09,0.9190772257400799,Shadowing,1,0.9190773298944048,Shadowing,Shadowing,Shadowing,Shadowing,Shadowing
2023-12-29 11:00:00+08:00,0.006030170346217956,4.729394365415355e-11,1.3365399140795927e-08,5.524495811054391e-11,0.9939698161858439,Shadowing,1,0.993969829653782,Shadowing,Shadowing,Shadowing,Shadowing,Shadowing
2023-12-29 11:15:00+08:00,0.19693412108249153,9.947753695508556e-11,5.023403249740768e-08,1.596773274374245e-08,0.8030658126162658,Shadowing,1,0.8030658789175085,Shadowing,Shadowing,Shadowing,Shadowing,Shadowing
2023-12-29 11:30:00+08:00,0.00974734342281112,6.524807186903923e-07,3.836461224076848e-06,1.286418134417295e-10,0.9902481675066044,Shadowing,1,0.9902526565771889,Shadowing,Shadowing,Shadowing,Shadowing,Shadowing
2023-12-29 11:45:00+08:00,0.055977177913834684,3.0084241553250187e-06,1.0037549462018513e-05,8.461063495626802e-11,0.9440097760279373,Shadowing,1,0.9440228220861653,Shadowing,Shadowing,Shadowing,Shadowing,Shadowing
2023-12-29 12:00:00+08:00,0.22659111427327167,3.4956352864704005e-09,1.9137508015241427e-07,2.451413709599866e-09,0.7734086884045992,Shadowing,1,0.7734088857267283,Shadowing,Shadowing,Shadowing,Shadowing,Shadowing
2023-12-29 12:15:00+08:00,0.26480731142684844,2.793356136978146e-09,1.2210470739569405e-07,7.790538779029718e-09,0.7351925558845492,Shadowing,1,0.7351926885731516,Shadowing,Shadowing,Shadowing,Shadowing,Shadowing
2023-12-29 12:30:00+08:00,0.25542810557902723,2.1289894930521043e-10,1.8626689060567018e-07,6.409517712748677e-10,0.7445717073002315,Shadowing,1,0.7445718944209727,Shadowing,Shadowing,Shadowing,Shadowing,Shadowing
2023-12-29 12:45:00+08:00,1.7565117450029385e-06,0.0008352326654784829,0.00016501571799096168,4.7483595815016855e-07,0.9989975202688275,Shadowing,1,0.999998243488255,Shadowing,Shadowing,Shadowing,Shadowing,Shadowing
2023-12-29 13:00:00+08:00,0.008524332673039727,3.162165791635933e-07,3.927559439347323e-07,4.931249077475749e-10,0.9914749578613122,Shadowing,1,0.9914756673269602,Shadowing,Shadowing,Shadowing,Shadowing,Shadowing
2023-12-29 13:15:00+08:00,0.19818549049265247,6.718823255896813e-09,8.227737502110728e-08,1.2190302801126136e-08,0.8018144083208465,Shadowing,1,0.8018145095073476,Shadowing,Shadowing,Shadowing,Shadowing,Shadowing
2023-12-29 13:30:00+08:00,0.04691398671685225,4.151560471938362e-08,6.319666926846487e-08,3.797956008142464e-09,0.9530859047729177,Shadowing,1,0.9530860132831478,Shadowing,Shadowing,Shadowing,Shadowing,Shadowing
2023-12-29 13:45:00+08:00,0.0792388008347551,2.4174442749532277e-10,3.799288551420037e-08,7.269627852538899e-09,0.9207611536609871,Shadowing,1,0.9207611991652449,Shadowing,Shadowing,Shadowing,Shadowing,Shadowing
2023-12-29 14:00:00+08:00,0.42703141567521374,2.0142702875736922e-11,4.0998309172428376e-08,1.5807471604943902e-08,0.5729685274988628,Shadowing,1,0.5729685843247863,Shadowing,Shadowing,Normal,Shadowing,Normal
2023-12-29 14:15:00+08:00,4.1761260013792153e-07,1.0547471659907754e-09,1.1777304371520737e-06,4.314663676708287e-09,0.9999983992875519,Shadowing,1,0.9999995823873998,Shadowing,Shadowing,Shadowing,Shadowing,Shadowing
2023-12-29 14:30:00+08:00,0.002660693239158516,4.227320482195643e-10,9.386576722703958e-10,1.3676871638953817e-09,0.9973393040317646,Shadowing,1,0.9973393067608415,Shadowing,Shadowing,Shadowing,Shadowing,Shadowing
2023-12-29 14:45:00+08:00,0.009670384475106247,3.046845128052965e-09,6.0139737137973826e-09,2.756935180148186e-09,0.9903296037071397,Shadowing,1,0.9903296155248937,Shadowing,Shadowing,Shadowing,Shadowing,Shadowing
2023-12-29 15:00:00+08:00,0.06621008120471726,1.9348444386819046e-12,1.4281267812210734e-08,6.844130578062281e-10,0.9337899038276669,Shadowing,1,0.9337899187952827,Shadowing,Shadowing,Shadowing,Shadowing,Shadowing
2023-12-29 15:15:00+08:00,0.03442079194694437,2.1481117997482124e-12,1.2145265581605466e-08,1.2623707742168094e-09,0.965579194643271,Shadowing,1,0.9655792080530556,Shadowing,Shadowing,Shadowing,Shadowing,Shadowing
2023-12-29 15:30:00+08:00,0.014046640001205082,1.8759636389641083e-13,2.014219600159931e-09,2.435648550026909e-10,0.9859533577408228,Shadowing,1,0.985953359998795,Shadowing,Shadowing,Shadowing,Shadowing,Shadowing
2023-12-29 15:45:00+08:00,0.6278506109786223,4.657526289090738e-10,1.3142106245257265e-08,1.4659619990108207e-08,0.3721493607538988,Normal,0,0.37214938902137773,Normal,Normal,Normal,Normal,Shadowing
2023-12-29 16:00:00+08:00,1.839868742543636e-05,9.586734907900458e-06,3.6569960607737533e-09,1.043404536478293e-13,0.9999720109205663,Shadowing,1,0.9999816013125745,Shadowing,Shadowing,Shadowing,Shadowing,Shadowing
2023-12-29 16:15:00+08:00,0.6433600057570447,3.163183896017676e-09,8.605539900704556e-09,1.9430664614637424e-08,0.3566399630435668,Normal,0,0.35663999424295534,Normal,Normal,Normal,Normal,Shadowing
2023-12-29 16:30:00+08:00,0.527690308125429,5.8017632478826305e-09,1.2074261026779082e-08,1.595409680502205e-08,0.47230965804444985,Normal,0,0.47230969187457095,Normal,Shadowing,Shadowing,Normal,Shadowing
2023-12-29 16:45:00+08:00,0.884337329927048,2.7796453124460708e-11,1.1044707078959953e-09,6.679609769048923e-08,0.1156626021445871,Normal,0,0.11566267007295195,Normal,Normal,Normal,Normal,Normal
2023-12-29 17:00:00+08:00,0.8888084755482151,3.292571691680406e-11,8.157861521427291e-10,9.681787716950256e-08,0.11119142678519585,Normal,0,0.11119152445178493,Normal,Normal,Normal,Normal,Normal
2023-12-30 07:45:00+08:00,0.7708842059698655,4.519889772602875e-12,1.3140719704768689e-09,2.9884265723102015e-08,0.22911576282727678,Normal,0,0.2291157940301345,Normal,Normal,Normal,Normal,Normal
2023-12-30 08:00:00+08:00,0.11328784736070592,3.2679363354040237e-13,1.1143170655288228e-09,3.815267899636821e-09,0.8867121477093824,Shadowing,1,0.886712152639294,Shadowing,Shadowing,Shadowing,Shadowing,Shadowing
2023-12-30 08:15:00+08:00,0.01729008868409764,5.518471801919751e-14,5.561791124973039e-10,3.415245143652538e-10,0.9827099104181436,Shadowing,1,0.9827099113159024,Shadowing,Shadowing,Shadowing,Shadowing,Shadowing
2023-12-30 08:30:00+08:00,0.0095269508523619,1.2520220824760152e-14,3.127318897194543e-10,1.541928201402748e-10,0.990473048680701,Shadowing,1,0.9904730491476381,Shadowing,Shadowing,Shadowing,Shadowing,Shadowing
2023-12-30 08:45:00+08:00,0.006477708334986812,2.2762640349787757e-13,7.189377934932035e-10,4.1454950211839696e-10,0.9935222905312984,Shadowing,1,0.9935222916650132,Shadowing,Shadowing,Shadowing,Shadowing,Shadowing
2023-12-30 09:00:00+08:00,0.24180045946392226,6.363313568443679e-11,4.330667797491956e-08,1.8828694716277587e-08,0.7581994783370719,Shadowing,1,0.7581995405360777,Shadowing,Shadowing,Shadowing,Shadowing,Shadowing
2023-12-30 09:15:00+08:00,0.07261984372806127,3.5269310683565665e-10,4.143991251300003e-08,6.404063659766228e-09,0.9273801080752694,Shadowing,1,0.9273801562719387,Shadowing,Shadowing,Shadowing,Shadowing,Shadowing
2023-12-30 09:30:00+08:00,0.12251868596160267,2.786598266387283e-10,6.176518471020795e-08,1.121563914473621e-08,0.8774812407789137,Shadowing,1,0.8774813140383974,Shadowing,Shadowing,Shadowing,Shadowing,Shadowing
2023-12-30 09:45:00+08:00,0.04333834682600447,3.719323436344571e-08,4.946072661382385e-08,5.34607514565524e-09,0.9566615611739595,Shadowing,1,0.9566616531739955,Shadowing,Shadowing,Shadowing,Shadowing,Shadowing
2023-12-30 10:00:00+08:00,0.2550344904569336,3.6012895964268452e-09,3.327225673800616e-07,1.048544093037731e-09,0.7449651721706653,Shadowing,1,0.7449655095430664,Shadowing,Shadowing,Shadowing,Shadowing,Shadowing
2023-12-30 10:15:00+08:00,0.002280278100609185,1.0114641118212416e-07,6.039617300902952e-08,6.428361266898286e-09,0.9977195539284454,Shadowing,1,0.9977197218993908,Shadowing,Shadowing,Shadowing,Shadowing,Shadowing
2023-12-30 10:30:00+08:00,0.0007598108897136377,1.867181023071837e-07,2.54589317756132e-07,2.946442458378721e-09,0.9992397448564239,Shadowing,1,0.9992401891102863,Shadowing,Shadowing,Shadowing,Shadowing,Shadowing
2023-12-30 10:45:00+08:00,0.007259952652722126,3.831791955301613e-06,1.026227512874686e-05,5.7459187855723136e-11,0.9927259532227346,Shadowing,1,0.9927400473472778,Shadowing,Shadowing,Shadowing,Shadowing,Shadowing
2023-12-30 11:00:00+08:00,0.05167121562622179,2.9926477782138844e-08,4.888305350177912e-08,7.002615107319155e-09,0.9483286985616319,Shadowing,1,0.9483287843737782,Shadowing,Shadowing,Shadowing,Shadowing,Shadowing
2023-12-30 11:15:00+08:00,0.0005215821293784467,9.402334155544984e-09,1.4057391405191859e-08,1.1737612422430654e-13,0.9994783944107788,Shadowing,1,0.9994784178706215,Shadowing,Shadowing,Shadowing,Shadowing,Shadowing
2023-12-30 11:30:00+08:00,0.03126880267979151,1.7111823736332353e-07,2.4395897979129143e-07,7.598116943553387e-10,0.9687307814831797,Shadowing,1,0.9687311973202085,Shadowing,Shadowing,Shadowing,Shadowing,Shadowing
2023-12-30 11:45:00+08:00,0.037185484697857506,3.006983743158269e-07,4.2869446598376715e-07,5.416117291819866e-10,0.9628137853676904,Shadowing,1,0.9628145153021425,Shadowing,Shadowing,Shadowing,Shadowing,Shadowing
2023-12-30 12:00:00+08:00,0.09843599555395723,8.600524717250492e-08,3.03790693385735e-07,6.435627402018007e-10,0.9015636140065395,Shadowing,1,0.9015640044460428,Shadowing,Shadowing,Shadowing,Shadowing,Shadowing
2023-12-30 12:15:00+08:00,0.03648592120353207,6.82324317331731e-10,2.1741699440117284e-08,5.703662126134669e-09,0.963514050668782,Shadowing,1,0.9635140787964679,Shadowing,Shadowing,Shadowing,Shadowing,Shadowing
2023-12-30 12:30:00+08:00,0.45250085537276713,2.1157599581566576e-08,7.112480045703559e-07,1.425411067446431e-10,0.5474984120790877,Shadowing,1,0.5474991446272328,Shadowing,Shadowing,Normal,Normal,Shadowing
2023-12-30 12:45:00+08:00,2.193438747891029e-05,0.05177276839915046,0.010250190511587227,1.0848275172949277e-07,0.9379549982190316,Shadowing,1,0.9999780656125211,Shadowing,Shadowing,Shadowing,Shadowing,Shadowing
2023-12-30 13:00:00+08:00,0.0001113270007103066,0.08517426384274103,0.05637305012048197,1.2026915724310033e-05,0.8583293321203425,Shadowing,1,0.9998886729992897,Shadowing,Shadowing,Shadowing,Shadowing,Shadowing
2023-12-30 13:15:00+08:00,0.2356486497374159,2.391138795616586e-12,1.2654747989503446e-08,1.4940814437630754e-08,0.7643513226646305,Shadowing,1,0.764351350262584,Shadowing,Shadowing,Shadowing,Shadowing,Shadowing
2023-12-30 13:30:00+08:00,0.027552279127216327,1.4714292345749517e-12,9.712674240567893e-09,6.246408840561906e-10,0.972447710533997,Shadowing,1,0.9724477208727836,Shadowing,Shadowing,Shadowing,Shadowing,Shadowing
2023-12-30 13:45:00+08:00,0.18122865730996057,4.8422215915041685e-12,1.7115455277272385e-08,1.9679879797168334e-09,0.818771323601754,Shadowing,1,0.8187713426900394,Normal,Shadowing,Shadowing,Shadowing,Shadowing
2023-12-30 14:00:00+08:00,0.17878899969955578,3.988629157277874e-12,1.6226292405163016e-08,1.8071391046882986e-09,0.8212109822630241,Shadowing,1,0.8212110003004442,Normal,Shadowing,Shadowing,Shadowing,Shadowing
2023-12-30 14:15:00+08:00,0.053050499720462316,4.1982643572320744e-12,2.410404509645138e-08,1.2799305468757737e-09,0.9469494748913638,Shadowing,1,0.9469495002795377,Shadowing,Shadowing,Shadowing,Shadowing,Shadowing
2023-12-30 14:30:00+08:00,0.0012470457055492106,3.1880051318912645e-07,7.534447738752738e-07,3.266540203561504e-10,0.9987518817225096,Shadowing,1,0.9987529542944508,Shadowing,Shadowing,Shadowing,Shadowing,Shadowing
2023-12-30 14:45:00+08:00,0.45907084213838195,1.658710997309234e-12,3.187225693199929e-08,1.005387236645079e-08,0.5409291159338301,Shadowing,1,0.540929157861618,Shadowing,Normal,Shadowing,Shadowing,Normal
2023-12-30 15:00:00+08:00,0.03271063695818554,1.9088095678915103e-12,1.0786888629600685e-08,5.091001151010182e-10,0.967289351743917,Shadowing,1,0.9672893630418145,Shadowing,Shadowing,Shadowing,Shadowing,Shadowing
2023-12-30 15:15:00+08:00,0.21386065406289964,3.934854733069294e-12,1.324732537630992e-08,2.136464462527658e-09,0.7861393305493756,Shadowing,1,0.7861393459371003,Normal,Shadowing,Shadowing,Shadowing,Shadowing
2023-12-30 15:30:00+08:00,0.012887683213787133,3.660848225035714e-14,6.627824469712668e-10,4.3538139532512614e-10,0.9871123156880124,Shadowing,1,0.9871123167862129,Shadowing,Shadowing,Shadowing,Shadowing,Shadowing
2023-12-30 15:45:00+08:00,0.009187589182308168,4.728847257604618e-14,5.326854953315975e-10,1.6446532099632327e-10,0.9908124101204937,Shadowing,1,0.9908124108176918,Shadowing,Shadowing,Shadowing,Shadowing,Shadowing
2023-12-30 16:00:00+08:00,0.6863826853893771,9.637343744754843e-12,3.971340682635123e-09,2.3461854432588122e-08,0.31361728716779047,Normal,0,0.3136173146106229,Normal,Normal,Normal,Normal,Normal
2023-12-30 16:15:00+08:00,0.7846547041065619,1.3438841629186747e-11,2.8011758438306806e-09,2.3269676565894565e-08,0.21534526980914687,Normal,0,0.2153452958934381,Normal,Normal,Normal,Normal,Normal
2023-12-30 16:30:00+08:00,0.8294872994194977,1.3330191220899477e-11,2.0009834001527134e-09,2.3776299900123672e-08,0.17051267478988877,Normal,0,0.17051270058050227,Normal,Normal,Normal,Normal,Normal
2023-12-30 16:45:00+08:00,0.8576649063243517,1.1157204573831365e-11,9.060739345261364e-10,5.432773789554554e-08,0.1423350384306793,Normal,0,0.14233509367564834,Normal,Normal,Normal,Normal,Normal
2023-12-30 17:00:00+08:00,0.8695025587630448,1.2714100310404899e-11,1.4227910778888329e-09,2.7951399511432493e-08,0.1304974118500506,Normal,0,0.13049744123695517,Normal,Normal,Normal,Normal,Normal
2023-12-31 07:45:00+08:00,0.30202616411632677,1.414063731046907e-12,6.168489561357557e-10,3.864519801673272e-08,0.6979737966202122,Shadowing,1,0.6979738358836732,Normal,Shadowing,Shadowing,Shadowing,Shadowing
2023-12-31 08:00:00+08:00,0.033665813766828735,5.5763812599466606e-14,2.668856043343284e-10,1.3697816837905167e-09,0.9663341845964482,Shadowing,1,0.9663341862331712,Shadowing,Shadowing,Shadowing,Shadowing,Shadowing
2023-12-31 08:15:00+08:00,0.002986633294152442,2.6187581732518238e-15,4.3516641289296714e-11,2.062401954598352e-11,0.9970133666417043,Shadowing,1,0.9970133667058475,Shadowing,Shadowing,Shadowing,Shadowing,Shadowing
2023-12-31 08:30:00+08:00,0.0009736097488427598,9.386655407372219e-15,9.659958220714482e-11,2.92979754457441e-11,0.9990263901252503,Shadowing,1,0.9990263902511572,Shadowing,Shadowing,Shadowing,Shadowing,Shadowing
2023-12-31 08:45:00+08:00,0.0036801837052381756,1.7593349195394968e-12,3.425805874989569e-10,6.34560870711462e-10,0.996319815315861,Shadowing,1,0.9963198162947619,Shadowing,Shadowing,Shadowing,Shadowing,Shadowing
2023-12-31 09:00:00+08:00,0.03555243688273081,1.2381406328688403e-11,5.3255415109571945e-09,6.721013243259045e-09,0.964447551058333,Shadowing,1,0.9644475631172692,Shadowing,Shadowing,Shadowing,Shadowing,Shadowing
2023-12-31 09:15:00+08:00,0.026362219542724295,3.7825633280093326e-10,1.321807070197864e-08,2.8597555010140356e-09,0.9736377640011933,Shadowing,1,0.9736377804572757,Shadowing,Shadowing,Shadowing,Shadowing,Shadowing
2023-12-31 09:30:00+08:00,0.17172964192114265,1.9204223725654796e-10,8.953377389431138e-08,5.273581524847182e-09,0.8282702630794596,Shadowing,1,0.8282703580788573,Shadowing,Shadowing,Shadowing,Shadowing,Shadowing
2023-12-31 09:45:00+08:00,0.2778290614791906,1.4969591799850949e-09,1.3947970749044883e-07,6.459287758650223e-09,0.7221707910848549,Shadowing,1,0.7221709385208094,Shadowing,Shadowing,Shadowing,Shadowing,Shadowing
2023-12-31 10:00:00+08:00,0.38684314111696977,8.631199033869475e-09,5.019471003233673e-07,6.758658242650863e-10,0.6131563476288651,Shadowing,1,0.6131568588830303,Shadowing,Shadowing,Shadowing,Shadowing,Normal
2023-12-31 10:15:00+08:00,0.20057492310106345,8.188832791581616e-08,6.136455633225827e-07,2.0311196572687581e-10,0.7994243811619334,Shadowing,1,0.7994250768989366,Shadowing,Shadowing,Shadowing,Shadowing,Shadowing
2023-12-31 10:30:00+08:00,0.06550710488527481,1.268443832197166e-06,1.3081222159412667e-06,1.7079925682664073e-10,0.9344903183778779,Shadowing,1,0.9344928951147252,Shadowing,Shadowing,Shadowing,Shadowing,Shadowing
2023-12-31 10:45:00+08:00,0.020173750302122026,1.999784519502476e-06,1.1740282833014e-05,1.0657643795143037e-10,0.9798125095239489,Shadowing,1,0.979826249697878,Shadowing,Shadowing,Shadowing,Shadowing,Shadowing
2023-12-31 11:00:00+08:00,0.00011087115764234317,2.3722264423615246e-06,1.2651703339081028e-06,2.960879468890502e-11,0.9998854914159727,Shadowing,1,0.9998891288423577,Shadowing,Shadowing,Shadowing,Shadowing,Shadowing
2023-12-31 11:15:00+08:00,5.745804261966997e-06,1.2193913816773433e-06,3.4658470211677707e-06,9.777100354150012e-10,0.9999895679796251,Shadowing,1,0.9999942541957381,Shadowing,Shadowing,Shadowing,Shadowing,Shadowing
2023-12-31 11:30:00+08:00,4.187060321956776e-06,4.958666799642137e-06,6.764785127329343e-06,2.408724150222252e-09,0.9999840870790269,Shadowing,1,0.9999958129396781,Shadowing,Shadowing,Shadowing,Shadowing,Shadowing
2023-12-31 11:45:00+08:00,3.2120682622905564e-06,3.1919616040554334e-05,1.679795998460331e-05,1.0840025324815535e-08,0.9999480595156871,Shadowing,1,0.9999967879317377,Shadowing,Shadowing,Shadowing,Shadowing,Shadowing
2023-12-31 12:00:00+08:00,2.091203285545192e-06,0.00022234587931929607,5.116325538363011e-05,7.81857749219594e-09,0.9997243918434341,Shadowing,1,0.9999979087967145,Shadowing,Shadowing,Shadowing,Shadowing,Shadowing
2023-12-31 12:15:00+08:00,4.725768249508508e-06,2.370064451631715e-06,4.774823543530349e-06,1.3788945784195293e-09,0.9999881279648607,Shadowing,1,0.9999952742317505,Shadowing,Shadowing,Shadowing,Shadowing,Shadowing
2023-12-31 12:30:00+08:00,9.500755690240924e-06,2.2038416679037186e-07,2.709049005869694e-07,1.0494941160023544e-09,0.9999900069057484,Shadowing,1,0.9999904992443097,Shadowing,Shadowing,Shadowing,Shadowing,Shadowing
2023-12-31 12:45:00+08:00,2.438732330947593e-06,0.0001000824132306035,3.021667601124055e-05,7.146095758406178e-09,0.9998672550323315,Shadowing,1,0.999997561267669,Shadowing,Shadowing,Shadowing,Shadowing,Shadowing
2023-12-31 13:00:00+08:00,4.055586828277322e-06,9.921693629560914e-06,9.878403325243938e-06,5.8478707163079855e-09,0.9999761384683461,Shadowing,1,0.9999959444131717,Shadowing,Shadowing,Shadowing,Shadowing,Shadowing
2023-12-31 13:15:00+08:00,5.607649885581958e-06,1.847861337883338e-06,4.19391674153645e-06,1.3825177220209283e-09,0.9999883491895172,Shadowing,1,0.9999943923501144,Shadowing,Shadowing,Shadowing,Shadowing,Shadowing
2023-12-31 13:30:00+08:00,7.173439382886031e-06,6.197040328747391e-07,1.854680994368234e-06,8.137529161725263e-10,0.9999903513618369,Shadowing,1,0.9999928265606172,Shadowing,Shadowing,Shadowing,Shadowing,Shadowing
2023-12-31 13:45:00+08:00,1.1591920689761723e-06,2.2411766420182877e-08,7.858536532206317e-08,6.479394644716408e-10,0.9999987391628598,Shadowing,1,0.999998840807931,Shadowing,Shadowing,Shadowing,Shadowing,Shadowing
2023-12-31 14:00:00+08:00,6.84579088846297e-05,6.80790519648086e-08,1.7893907235222553e-07,2.0024238501491115e-09,0.9999312930705673,Shadowing,1,0.9999315420911153,Shadowing,Shadowing,Shadowing,Shadowing,Shadowing
2023-12-31 14:15:00+08:00,0.00038259213012812286,4.813473993941426e-08,1.4409925075683506e-07,4.277861987405513e-09,0.9996172113580192,Shadowing,1,0.9996174078698719,Shadowing,Shadowing,Shadowing,Shadowing,Shadowing
2023-12-31 14:30:00+08:00,0.0005791545472739747,1.7301016022215314e-08,8.373046971295797e-08,5.7625345422041815e-09,0.9994207386587057,Shadowing,1,0.999420845452726,Shadowing,Shadowing,Shadowing,Shadowing,Shadowing
2023-12-31 14:45:00+08:00,0.0007226368184534157,9.88152872036916e-09,5.444614947917704e-08,5.738207079464022e-09,0.9992772931156612,Shadowing,1,0.9992773631815466,Shadowing,Shadowing,Shadowing,Shadowing,Shadowing
2023-12-31 15:00:00+08:00,0.0007966362389119047,2.9434663281516927e-10,2.409824796520133e-10,1.3025452139328984e-09,0.9992033619232139,Shadowing,1,0.9992033637610881,Shadowing,Shadowing,Shadowing,Shadowing,Shadowing
2023-12-31 15:15:00+08:00,0.000420471614657395,2.5913248544638907e-11,4.6727505880558355e-11,1.0277633189001038e-09,0.9995795272849385,Shadowing,1,0.9995795283853426,Shadowing,Shadowing,Shadowing,Shadowing,Shadowing
2023-12-31 15:30:00+08:00,0.006776982234703484,9.492070270518553e-14,7.507859071288465e-10,3.321688732499616e-10,0.9932230166822468,Shadowing,1,0.9932230177652965,Shadowing,Shadowing,Shadowing,Shadowing,Shadowing
2023-12-31 15:45:00+08:00,0.486026759798841,4.9987342393908174e-11,1.414083984973228e-08,1.0865678595164977e-08,0.5139732151446532,Shadowing,1,0.513973240201159,Normal,Shadowing,Shadowing,Normal,Shadowing
2023-12-31 16:00:00+08:00,0.7445198983804255,1.3303147176793045e-11,3.509804030955075e-09,2.3095991023391243e-08,0.25548007500047626,Normal,0,0.25548010161957446,Normal,Normal,Normal,Normal,Normal
2023-12-31 16:15:00+08:00,0.7834148793341047,2.4265878933643536e-11,3.603713670461224e-09,2.2225251538313588e-08,0.21658509481266425,Normal,0,0.2165851206658953,Normal,Normal,Normal,Normal,Normal
2023-12-31 16:30:00+08:00,0.8621764569829174,1.1415964140893885e-11,1.4223734892135797e-09,2.77786101111759e-08,0.13782351380468297,Normal,0,0.13782354301708255,Normal,Normal,Normal,Normal,Normal
2023-12-31 16:45:00+08:00,0.862501831078621,1.7331776117692005e-11,8.949531503954976e-10,7.123449547784641e-08,0.13749809677459848,Normal,0,0.137498168921379,Normal,Normal,Normal,Normal,Normal
2023-12-31 17:00:00+08:00,0.9394626831466253,2.7018522948680087e-11,6.229804812520712e-10,9.363392334953312e-08,0.06053722256945247,Normal,0,0.06053731685337471,Normal,Normal,Normal,Normal,Normal
